"AccountNumber","AccountSource","Active__c","AnnualRevenue","BillingCity","BillingCountry","BillingGeocodeAccuracy","BillingLatitude","BillingLongitude","BillingPostalCode","BillingState","BillingStreet","CleanStatus","CreatedById","CreatedDate","CustomerPriority__c","DandbCompanyId","Description","DunsNumber","ExternalSalesforceId__c","Fax","Id","Industry","IsDeleted","Jigsaw","JigsawCompanyId","LastActivityDate","LastModifiedById","LastModifiedDate","LastReferencedDate","LastViewedDate","MasterRecordId","NaicsCode","NaicsDesc","NumberOfEmployees","NumberofLocations__c","OperatingHoursId","OwnerId","Ownership","ParentId","Phone","PhotoUrl","Rating","RecordTypeId","ShippingCity","ShippingCountry","ShippingGeocodeAccuracy","ShippingLatitude","ShippingLongitude","ShippingPostalCode","ShippingState","ShippingStreet","Sic","SicDesc","Site","SLA__c","SLAExpirationDate__c","SLASerialNumber__c","SystemModstamp","test__c","Test_Ext_Id__c","test_rollup_count__c","TickerSymbol","Tradestyle","Type","UpsellOpportunity__c","Website","YearStarted"
"","","","","","","","","","","IN","","Pending","005Qy00001Cft9BIAR","2025-11-21T11:22:39.000Z","","","","","","","001Qy00001bVSqEIAW","","false","","","","005Qy00001Cft9BIAR","2026-06-16T18:12:51.000Z","2026-06-21T18:19:32.000Z","2026-06-21T18:19:32.000Z","","","","","","","005Qy00001Cft9BIAR","","","","/services/images/photo/001Qy00001bVSqEIAW","","","","","","","","","IN","null before update trigger","","","","","","","2026-06-16T18:12:51.000Z","Test","","0.0","","","","","",""
"CD451796","","Yes","1.39E8","Austin","","","","","","TX","312 Constitution Place
Austin, TX 78767
USA","Pending","005Qy00001Cft9BIAR","2025-11-21T11:22:39.000Z","Medium","","Edge, founded in 1998, is a start-up based in Austin, TX. The company designs and manufactures a device to convert music from one digital format to another. Edge sells its product through retailers and its own website.","","","(512) 757-9000","001Qy00001bVSqFIAW","Electronics","false","","","","005Qy00001Cft9BIAR","2025-11-21T11:22:39.000Z","","","","","","1000","2.0","","005Qy00001Cft9BIAR","Public","","(512) 757-6000","/services/images/photo/001Qy00001bVSqFIAW","Hot","","","","","","","","","312 Constitution Place
Austin, TX 78767
USA","6576","","","Silver","2025-12-14","2657","2025-11-21T11:22:39.000Z","Test","","4.0","EDGE","","Customer - Direct","Maybe","http://edgecomm.com",""
"CD656092","","","3.5E8","Burlington","USA","","","","27215","NC","525 S. Lexington Ave","Pending","005Qy00001Cft9BIAR","2025-11-21T11:22:39.000Z","","","","","","(336) 222-8000","001Qy00001bVSqGIAW","Apparel","false","","","","005Qy00001Cft9BIAR","2025-11-21T11:22:39.000Z","","","","","","9000","6.0","","005Qy00001Cft9BIAR","Public","","(336) 222-7000","/services/images/photo/001Qy00001bVSqGIAW","Warm","","","","","","","","","","546732","","","Silver","2025-12-14","5367","2025-11-21T11:22:39.000Z","Test","","1.0","BTXT","","Customer - Direct","Maybe","www.burlington.com",""
"CC213425","","Yes","9.5E8","Paris","France","","","","75251","","2 Place Jussieu","Pending","005Qy00001Cft9BIAR","2025-11-21T11:22:39.000Z","","","","","","(014) 427-4428","001Qy00001bVSqHIAW","Construction","false","","","","005Qy00001Cft9BIAR","2025-11-21T11:22:39.000Z","","","","","","2680","17.0","","005Qy00001Cft9BIAR","Public","","(014) 427-4427","/services/images/photo/001Qy00001bVSqHIAW","","","Paris","France","","","","75251","","2 Place Jussieu","4253","","","Silver","2026-06-16","9840","2025-11-21T11:22:39.000Z","Test","","1.0","PYR","","Customer - Channel","Maybe","www.pyramid.com",""
"CC634267","","Yes","5.0E7","Lawrence","USA","","","","66045","KS","1301 Hoch Drive","Pending","005Qy00001Cft9BIAR","2025-11-21T11:22:39.000Z","Low","","","","","(785) 241-6201","001Qy00001bVSqIIAW","Consulting","false","","","","005Qy00001Cft9BIAR","2025-11-21T11:22:39.000Z","","","","","","120","2.0","","005Qy00001Cft9BIAR","Private","","(785) 241-6200","/services/images/photo/001Qy00001bVSqIIAW","","","Lawrence","USA","","","","66045","KS","1301 Hoch Drive","6752","","","Bronze","2026-06-16","7425","2025-11-21T11:22:39.000Z","Test","","1.0","","","Customer - Channel","No","dickenson-consulting.com",""
"CD439877","","Yes","5.0E8","Chicago","","","","","","IL","2334 N. Michigan Avenue, Suite 1500
Chicago, IL 60601, USA","Pending","005Qy00001Cft9BIAR","2025-11-21T11:22:39.000Z","High","","Chain of hotels and resorts across the US, UK, Eastern Europe, Japan, and SE Asia.","","","(312) 596-1500","001Qy00001bVSqJIAW","Hospitality","false","","","","005Qy00001Cft9BIAR","2025-11-21T11:22:39.000Z","","","","","","5600","57.0","","005Qy00001Cft9BIAR","Public","","(312) 596-1000","/services/images/photo/001Qy00001bVSqJIAW","Warm","","","","","","","","","2334 N. Michigan Avenue, Suite 1500
Chicago, IL 60601, USA","2268","","","Gold","2026-06-16","5572","2025-11-21T11:22:39.000Z","Test","","5.0","GHTL","","Customer - Direct","Yes","www.grandhotels.com",""
"CD355118","","Yes","5.6E9","New York","","","","","","NY","1301 Avenue of the Americas 
New York, NY 10019
USA","Pending","005Qy00001Cft9BIAR","2025-11-21T11:22:39.000Z","High","","World's third largest oil and gas company.","","","(212) 842-5501","001Qy00001bVSqKIAW","Energy","false","","","","005Qy00001Cft9BIAR","2025-11-21T11:22:39.000Z","","","","","","145000","955.0","","005Qy00001Cft9BIAR","Public","","(212) 842-5500","/services/images/photo/001Qy00001bVSqKIAW","Hot","","","","","","","","","1301 Avenue of the Americas 
New York, NY 10019
USA","4437","","","Platinum","2026-06-16","6654","2025-11-21T11:22:39.000Z","Test","","10.0","UOS","","Customer - Direct","Yes","http://www.uos.com",""
"CC947211","","Yes","9.5E8","Portland","","","","","","OR","620 SW 5th Avenue Suite 400
Portland, Oregon 97204
United States","Pending","005Qy00001Cft9BIAR","2025-11-21T11:22:39.000Z","Medium","","Commerical logistics and transportation company.","","","(503) 421-7801","001Qy00001bVSqLIAW","Transportation","false","","","","005Qy00001Cft9BIAR","2025-11-21T11:22:39.000Z","","","","","","12300","150.0","","005Qy00001Cft9BIAR","Public","","(503) 421-7800","/services/images/photo/001Qy00001bVSqLIAW","Cold","","","","","","","","","620 SW 5th Avenue Suite 400
Portland, Oregon 97204
United States","8742","","","Platinum","2026-06-16","4724","2025-11-21T11:22:39.000Z","Test","","3.0","EXLT","","Customer - Channel","Maybe","www.expressl&t.net",""
"CD736025","","Yes","","Tucson","","","","","","AZ","888 N Euclid 
Hallis Center, Room 501
Tucson, AZ 85721
United States","Pending","005Qy00001Cft9BIAR","2025-11-21T11:22:39.000Z","Medium","","Leading university in AZ offering undergraduate and graduate programs in arts and humanities, pure sciences, engineering, business, and medicine.","","","(520) 773-9060","001Qy00001bVSqMIAW","Education","false","","","","005Qy00001Cft9BIAR","2025-11-21T11:22:39.000Z","","","","","","39000","3.0","","005Qy00001Cft9BIAR","Other","","(520) 773-9050","/services/images/photo/001Qy00001bVSqMIAW","Warm","","","","","","","","","888 N Euclid 
Hallis Center, Room 501
Tucson, AZ 85721
United States","7321","","","Gold","2025-12-14","8350","2025-11-21T11:22:39.000Z","Test","","3.0","","","Customer - Direct","Yes","www.universityofarizona.com",""
"CD355119-A","","Yes","","","","","","","","UK","Kings Park, 17th Avenue, Team Valley Trading Estate,
Gateshead, Tyne and Wear NE26 3HS
United Kingdom","Pending","005Qy00001Cft9BIAR","2025-11-21T11:22:39.000Z","High","","","","","+44 191 4956620","001Qy00001bVSqNIAW","Energy","false","","","","005Qy00001Cft9BIAR","2025-11-21T11:22:39.000Z","","","","","","24000","34.0","","005Qy00001Cft9BIAR","Public","","+44 191 4956203","/services/images/photo/001Qy00001bVSqNIAW","","","","","","","","","","Kings Park, 17th Avenue, Team Valley Trading Estate,
Gateshead, Tyne and Wear NE26 3HS
United Kingdom","4437","","","Platinum","2025-12-14","3479","2025-11-21T11:22:39.000Z","Test","","0.0","UOS","","Customer - Direct","No","http://www.uos.com",""
"CD355120-B","","Yes","","Singapore","","","","","","Singapore","9 Tagore Lane
Singapore, Singapore 787472
Singapore","Pending","005Qy00001Cft9BIAR","2025-11-21T11:22:39.000Z","High","","","","","(650) 450-8820","001Qy00001bVSqOIAW","Energy","false","","","","005Qy00001Cft9BIAR","2025-11-21T11:22:39.000Z","","","","","","3000","6.0","","005Qy00001Cft9BIAR","Public","","(650) 450-8810","/services/images/photo/001Qy00001bVSqOIAW","","","","","","","","","","9 Tagore Lane
Singapore, Singapore 787472
Singapore","4437","","","Platinum","2026-06-16","2457","2025-11-21T11:22:39.000Z","Test","","0.0","UOS","","Customer - Direct","Maybe","http://www.uos.com",""
"CC978213","","Yes","3.0E7","Mountain View","","","","","","CA","345 Shoreline Park
Mountain View, CA 94043
USA","Pending","005Qy00001Cft9BIAR","2025-11-21T11:22:39.000Z","Low","","Genomics company engaged in mapping and sequencing of the human genome and developing gene-based drugs","","","(650) 867-9895","001Qy00001bVSqPIAW","Biotechnology","false","","","","005Qy00001Cft9BIAR","2025-11-21T11:22:39.000Z","","","","","","265","1.0","","005Qy00001Cft9BIAR","Private","","(650) 867-3450","/services/images/photo/001Qy00001bVSqPIAW","Cold","","","","","","","","","345 Shoreline Park
Mountain View, CA 94043
USA","3712","","","Bronze","2026-06-16","7324","2025-11-21T11:22:39.000Z","Test","","3.0","","","Customer - Channel","Yes","www.genepoint.com",""
"","","","","San Francisco","US","","","","94087","CA","The Landmark @ One Market","Pending","005Qy00001Cft9BIAR","2025-11-21T11:22:39.000Z","","","","","","(415) 901-7002","001Qy00001bVSqQIAW","","false","","","","005Qy00001Cft9BIAR","2025-11-21T11:22:39.000Z","","","","","","","","","005Qy00001Cft9BIAR","","","(415) 901-7000","/services/images/photo/001Qy00001bVSqQIAW","","","","","","","","","","","","","","","","","2025-11-21T11:22:39.000Z","Test","","0.0","","","","","www.sforce.com",""
"","","","","","","","","","","","","Pending","005Qy00001Cfk9yIAB","2025-11-21T11:22:39.000Z","","","","","","","001Qy00001bVSqRIAW","","false","","","","005Qy00001Cfk9yIAB","2025-11-21T11:22:39.000Z","","","","","","","","","005Qy00001Cfk9yIAB","","","","/services/images/photo/001Qy00001bVSqRIAW","","","","","","","","","","","","","","","","","2025-11-21T11:22:39.000Z","Test","","0.0","","","","","",""
"","","","5117586.0","Newark","United States","","","","19725","IN","4 Del Mar Pass","Pending","005Qy00001Cft9BIAR","2026-02-17T18:58:59.000Z","","","1","","","1(256)771-8962","001Qy00001udnRVIAY","n/a","false","","","","005Qy00001Cft9BIAR","2026-02-17T18:59:00.000Z","","","","","","28549","","","005Qy00001Cft9BIAR","","","1(302)556-4395","/services/images/photo/001Qy00001udnRVIAY","","","Huntsville","","","","","35895","IN","229b Baker st. before update trigger","","","","","","","2026-02-17T18:59:00.000Z","Test","","0.0","","","Customer","","http://1688.com/at/nunc/commodo/placerat/praesent/blandit.aspx",""
"","","","7148094.0","Fort Wayne","United States","","","","46857","IN","8892 Vera Court","Pending","005Qy00001Cft9BIAR","2026-02-17T18:58:59.000Z","","","1","","","1(617)202-1627","001Qy00001udnRWIAY","Industrial Machinery/Components","false","","","","005Qy00001Cft9BIAR","2026-02-17T18:59:00.000Z","","","","","","40857","","","005Qy00001Cft9BIAR","","","1(260)120-2439","/services/images/photo/001Qy00001udnRWIAY","","","Boston","","","","","2203","IN","229b Baker st. before update trigger","","","","","","","2026-02-17T18:59:00.000Z","Test","","0.0","","","Integrator","","http://liveinternet.ru/dis/parturient/montes.jpg",""
"","","","6783775.0","Denver","United States","","","","80204","IN","612 Brentwood Court","Pending","005Qy00001Cft9BIAR","2026-02-17T18:58:59.000Z","","","1","","","1(518)585-7903","001Qy00001udnRXIAY","Automotive Aftermarket","false","","","","005Qy00001Cft9BIAR","2026-02-17T18:59:00.000Z","","","","","","64462","","","005Qy00001Cft9BIAR","","","1(303)375-6956","/services/images/photo/001Qy00001udnRXIAY","","","Albany","","","","","12210","IN","229b Baker st. before update trigger","","","","","","","2026-02-17T18:59:00.000Z","Test","","0.0","","","Press","","http://timesonline.co.uk/magnis/dis/parturient/montes.json",""
"","","","6034787.0","Tampa","United States","","","","33647","IN","9 Del Mar Circle","Pending","005Qy00001Cft9BIAR","2026-02-17T18:58:59.000Z","","","1","","","1(530)401-3006","001Qy00001udnRYIAY","Major Chemicals","false","","","","005Qy00001Cft9BIAR","2026-02-17T18:59:00.000Z","","","","","","5986","","","005Qy00001Cft9BIAR","","","1(813)623-8785","/services/images/photo/001Qy00001udnRYIAY","","","South Lake Tahoe","","","","","96154","IN","229b Baker st. before update trigger","","","","","","","2026-02-17T18:59:00.000Z","Test","","0.0","","","Press","","http://vk.com/congue/eget/semper/rutrum.png",""
"","","","4242197.0","Texarkana","United States","","","","75507","IN","36 Manufacturers Alley","Pending","005Qy00001Cft9BIAR","2026-02-17T18:58:59.000Z","","","1","","","1(309)733-2356","001Qy00001udnRZIAY","n/a","false","","","","005Qy00001Cft9BIAR","2026-02-17T18:59:00.000Z","","","","","","60466","","","005Qy00001Cft9BIAR","","","1(903)994-3245","/services/images/photo/001Qy00001udnRZIAY","","","Peoria","","","","","61635","IN","229b Baker st. before update trigger","","","","","","","2026-02-17T18:59:00.000Z","Test","","0.0","","","Analyst","","http://yolasite.com/lectus/in.jpg",""
"","","","9717493.0","San Luis Obispo","United States","","","","93407","IN","85 Sycamore Alley","Pending","005Qy00001Cft9BIAR","2026-02-17T18:58:59.000Z","","","1","","","1(847)621-1458","001Qy00001udnRaIAI","Industrial Machinery/Components","false","","","","005Qy00001Cft9BIAR","2026-02-17T18:59:00.000Z","","","","","","33024","","","005Qy00001Cft9BIAR","","","1(805)356-3173","/services/images/photo/001Qy00001udnRaIAI","","","Palatine","","","","","60078","IN","229b Baker st. before update trigger","","","","","","","2026-02-17T18:59:00.000Z","Test","","0.0","","","Competitor","","http://mediafire.com/tortor/quis/turpis/sed/ante.png",""
"","","","8321985.0","Palo Alto","United States","","","","94302","IN","2 Duke Alley","Pending","005Qy00001Cft9BIAR","2026-02-17T18:58:59.000Z","","","1","","","1(256)303-9647","001Qy00001udnRbIAI","Major Banks","false","","","","005Qy00001Cft9BIAR","2026-02-17T18:59:00.000Z","","","","","","20530","","","005Qy00001Cft9BIAR","","","1(650)937-3255","/services/images/photo/001Qy00001udnRbIAI","","","Anniston","","","","","36205","IN","229b Baker st. before update trigger","","","","","","","2026-02-17T18:59:00.000Z","Test","","0.0","","","Integrator","","http://ocn.ne.jp/a/feugiat/et/eros/vestibulum/ac.jpg",""
"","","","2583180.0","Racine","United States","","","","53405","IN","6138 Knutson Street","Pending","005Qy00001Cft9BIAR","2026-02-17T18:58:59.000Z","","","1","","","1(661)231-2829","001Qy00001udnRcIAI","Military/Government/Technical","false","","","","005Qy00001Cft9BIAR","2026-02-17T18:59:00.000Z","","","","","","69319","","","005Qy00001Cft9BIAR","","","1(262)853-1889","/services/images/photo/001Qy00001udnRcIAI","","","Palmdale","","","","","93591","IN","229b Baker st. before update trigger","","","","","","","2026-02-17T18:59:00.000Z","Test","","0.0","","","Partner","","http://domainmarket.com/ante.aspx",""
"","","","7213610.0","Bellevue","United States","","","","98008","IN","3 Waubesa Lane","Pending","005Qy00001Cft9BIAR","2026-02-17T18:58:59.000Z","","","1","","","1(419)251-6150","001Qy00001udnRdIAI","Commercial Banks","false","","","","005Qy00001Cft9BIAR","2026-02-17T18:59:00.000Z","","","","","","66761","","","005Qy00001Cft9BIAR","","","1(206)160-9610","/services/images/photo/001Qy00001udnRdIAI","","","Toledo","","","","","43610","IN","229b Baker st. before update trigger","","","","","","","2026-02-17T18:59:00.000Z","Test","","0.0","","","Partner","","http://altervista.org/augue/vestibulum/ante/ipsum.jpg",""
"","","","808461.0","Tampa","United States","","","","33686","IN","8 Alpine Street","Pending","005Qy00001Cft9BIAR","2026-02-17T18:58:59.000Z","","","1","","","1(760)847-1743","001Qy00001udnReIAI","n/a","false","","","","005Qy00001Cft9BIAR","2026-02-17T18:59:00.000Z","","","","","","8007","","","005Qy00001Cft9BIAR","","","1(813)682-1553","/services/images/photo/001Qy00001udnReIAI","","","San Bernardino","","","","","92415","IN","229b Baker st. before update trigger","","","","","","","2026-02-17T18:59:00.000Z","Test","","0.0","","","Customer","","https://toplist.cz/sapien/cursus/vestibulum/proin.html",""
"","","","5963912.0","Santa Barbara","United States","","","","93111","IN","5 Duke Terrace","Pending","005Qy00001Cft9BIAR","2026-02-17T18:58:59.000Z","","","1","","","1(516)380-0375","001Qy00001udnRfIAI","Biotechnology: Laboratory Analytical Instruments","false","","","","005Qy00001Cft9BIAR","2026-02-17T18:59:00.000Z","","","","","","39197","","","005Qy00001Cft9BIAR","","","1(702)754-6401","/services/images/photo/001Qy00001udnRfIAI","","","Port Washington","","","","","11054","IN","229b Baker st. before update trigger","","","","","","","2026-02-17T18:59:00.000Z","Test","","0.0","","","Reseller","","https://wisc.edu/libero.jsp",""
"","","","3512782.0","Akron","United States","","","","44321","IN","07 Judy Drive","Pending","005Qy00001Cft9BIAR","2026-02-17T18:58:59.000Z","","","1","","","1(916)892-9677","001Qy00001udnRgIAI","Real Estate Investment Trusts","false","","","","005Qy00001Cft9BIAR","2026-02-17T18:59:00.000Z","","","","","","26613","","","005Qy00001Cft9BIAR","","","1(330)879-3889","/services/images/photo/001Qy00001udnRgIAI","","","Sacramento","","","","","94245","IN","229b Baker st. before update trigger","","","","","","","2026-02-17T18:59:00.000Z","Test","","0.0","","","Reseller","","https://xinhuanet.com/mauris/viverra/diam/vitae.js",""
"","","","6494930.0","Baltimore","United States","","","","21229","IN","0 Artisan Lane","Pending","005Qy00001Cft9BIAR","2026-02-17T18:58:59.000Z","","","1","","","1(804)351-7031","001Qy00001udnRhIAI","Miscellaneous manufacturing industries","false","","","","005Qy00001Cft9BIAR","2026-02-17T18:59:00.000Z","","","","","","27207","","","005Qy00001Cft9BIAR","","","1(410)627-6486","/services/images/photo/001Qy00001udnRhIAI","","","Richmond","","","","","23242","IN","229b Baker st. before update trigger","","","","","","","2026-02-17T18:59:00.000Z","Test","","0.0","","","Partner","","http://desdev.cn/purus/aliquet/at/feugiat.js",""
"","","","6288235.0","Eugene","United States","","","","97405","IN","6 Goodland Trail","Pending","005Qy00001Cft9BIAR","2026-02-17T18:58:59.000Z","","","1","","","1(651)529-0471","001Qy00001udnRiIAI","Investment Bankers/Brokers/Service","false","","","","005Qy00001Cft9BIAR","2026-02-17T18:59:00.000Z","","","","","","69955","","","005Qy00001Cft9BIAR","","","1(541)224-4110","/services/images/photo/001Qy00001udnRiIAI","","","Saint Paul","","","","","55146","IN","229b Baker st. before update trigger","","","","","","","2026-02-17T18:59:00.000Z","Test","","0.0","","","Integrator","","http://microsoft.com/morbi/quis/tortor/id/nulla/ultrices/aliquet.html",""
"","","","9182592.0","New York City","United States","","","","10175","IN","417 Northport Way","Pending","005Qy00001Cft9BIAR","2026-02-17T18:58:59.000Z","","","1","","","1(806)878-4086","001Qy00001udnRjIAI","Industrial Specialties","false","","","","005Qy00001Cft9BIAR","2026-02-17T18:59:00.000Z","","","","","","22708","","","005Qy00001Cft9BIAR","","","1(646)223-9478","/services/images/photo/001Qy00001udnRjIAI","","","Amarillo","","","","","79165","IN","229b Baker st. before update trigger","","","","","","","2026-02-17T18:59:00.000Z","Test","","0.0","","","Competitor","","https://acquirethisname.com/nullam/orci/pede/venenatis/non.xml",""
"","","","4201454.0","Houston","United States","","","","77266","IN","78 Nelson Point","Pending","005Qy00001Cft9BIAR","2026-02-17T18:58:59.000Z","","","1","","","1(816)374-9076","001Qy00001udnRkIAI","n/a","false","","","","005Qy00001Cft9BIAR","2026-02-17T18:59:00.000Z","","","","","","61154","","","005Qy00001Cft9BIAR","","","1(713)156-0740","/services/images/photo/001Qy00001udnRkIAI","","","Kansas City","","","","","64187","IN","229b Baker st. before update trigger","","","","","","","2026-02-17T18:59:00.000Z","Test","","0.0","","","Reseller","","http://ning.com/vel.jsp",""
"","","","5647636.0","Rochester","United States","","","","14652","IN","8656 Melody Parkway","Pending","005Qy00001Cft9BIAR","2026-02-17T18:58:59.000Z","","","1","","","1(256)895-4095","001Qy00001udnRlIAI","Major Chemicals","false","","","","005Qy00001Cft9BIAR","2026-02-17T18:59:00.000Z","","","","","","3081","","","005Qy00001Cft9BIAR","","","1(585)506-4181","/services/images/photo/001Qy00001udnRlIAI","","","Huntsville","","","","","35815","IN","229b Baker st. before update trigger","","","","","","","2026-02-17T18:59:00.000Z","Test","","0.0","","","Integrator","","http://sun.com/ac/neque/duis/bibendum/morbi/non/quam.js",""
"","","","3467932.0","Tulsa","United States","","","","74149","IN","4 West Pass","Pending","005Qy00001Cft9BIAR","2026-02-17T18:58:59.000Z","","","1","","","1(904)612-6356","001Qy00001udnRmIAI","Broadcasting","false","","","","005Qy00001Cft9BIAR","2026-02-17T18:59:00.000Z","","","","","","51378","","","005Qy00001Cft9BIAR","","","1(918)628-7037","/services/images/photo/001Qy00001udnRmIAI","","","Jacksonville","","","","","32277","IN","229b Baker st. before update trigger","","","","","","","2026-02-17T18:59:00.000Z","Test","","0.0","","","Integrator","","http://salon.com/imperdiet/nullam/orci/pede/venenatis.jpg",""
"","","","8601041.0","Albany","United States","","","","12262","IN","700 Straubel Circle","Pending","005Qy00001Cft9BIAR","2026-02-17T18:58:59.000Z","","","1","","","1(770)338-6726","001Qy00001udnRnIAI","Natural Gas Distribution","false","","","","005Qy00001Cft9BIAR","2026-02-17T18:59:00.000Z","","","","","","47500","","","005Qy00001Cft9BIAR","","","1(518)308-4476","/services/images/photo/001Qy00001udnRnIAI","","","Marietta","","","","","30061","IN","229b Baker st. before update trigger","","","","","","","2026-02-17T18:59:00.000Z","Test","","0.0","","","Integrator","","http://example.com/hac.jsp",""
"","","","913356.0","Washington","United States","","","","20260","IN","858 Russell Circle","Pending","005Qy00001Cft9BIAR","2026-02-17T18:58:59.000Z","","","1","","","1(313)719-9988","001Qy00001udnRoIAI","n/a","false","","","","005Qy00001Cft9BIAR","2026-02-17T18:59:00.000Z","","","","","","47210","","","005Qy00001Cft9BIAR","","","1(202)768-1985","/services/images/photo/001Qy00001udnRoIAI","","","Detroit","","","","","48217","IN","229b Baker st. before update trigger","","","","","","","2026-02-17T18:59:00.000Z","Test","","0.0","","","Investor","","https://amazon.de/ullamcorper/augue.js",""
"","","","4855295.0","Ann Arbor","United States","","","","48107","IN","618 Dawn Road","Pending","005Qy00001Cft9BIAR","2026-02-17T18:58:59.000Z","","","1","","","1(601)182-5945","001Qy00001udnRpIAI","Professional Services","false","","","","005Qy00001Cft9BIAR","2026-02-17T18:59:00.000Z","","","","","","46368","","","005Qy00001Cft9BIAR","","","1(734)722-2454","/services/images/photo/001Qy00001udnRpIAI","","","Jackson","","","","","39210","IN","229b Baker st. before update trigger","","","","","","","2026-02-17T18:59:00.000Z","Test","","0.0","","","Investor","","https://ask.com/vestibulum/velit/id/pretium/iaculis.js",""
"","","","609037.0","Canton","United States","","","","44760","IN","0319 Stang Plaza","Pending","005Qy00001Cft9BIAR","2026-02-17T18:58:59.000Z","","","1","","","1(419)174-6429","001Qy00001udnRqIAI","Property-Casualty Insurers","false","","","","005Qy00001Cft9BIAR","2026-02-17T18:59:00.000Z","","","","","","73274","","","005Qy00001Cft9BIAR","","","1(330)883-1294","/services/images/photo/001Qy00001udnRqIAI","","","Toledo","","","","","43605","IN","229b Baker st. before update trigger","","","","","","","2026-02-17T18:59:00.000Z","Test","","0.0","","","Integrator","","http://ebay.co.uk/dolor/vel/est/donec/odio.jpg",""
"","","","7609109.0","Salt Lake City","United States","","","","84199","IN","0 Springs Crossing","Pending","005Qy00001Cft9BIAR","2026-02-17T18:58:59.000Z","","","1","","","1(816)127-5002","001Qy00001udnRrIAI","Oil & Gas Production","false","","","","005Qy00001Cft9BIAR","2026-02-17T18:59:00.000Z","","","","","","64173","","","005Qy00001Cft9BIAR","","","1(801)285-8107","/services/images/photo/001Qy00001udnRrIAI","","","Kansas City","","","","","64101","IN","229b Baker st. before update trigger","","","","","","","2026-02-17T18:59:00.000Z","Test","","0.0","","","Investor","","http://ft.com/mattis/nibh/ligula/nec/sem/duis/aliquam.jpg",""
"","","","9614729.0","Kansas City","United States","","","","64142","IN","913 Mesta Way","Pending","005Qy00001Cft9BIAR","2026-02-17T18:58:59.000Z","","","1","","","1(213)715-5233","001Qy00001udnRsIAI","EDP Services","false","","","","005Qy00001Cft9BIAR","2026-02-17T18:59:00.000Z","","","","","","62772","","","005Qy00001Cft9BIAR","","","1(816)273-0667","/services/images/photo/001Qy00001udnRsIAI","","","Los Angeles","","","","","90045","IN","229b Baker st. before update trigger","","","","","","","2026-02-17T18:59:00.000Z","Test","","0.0","","","Integrator","","https://vimeo.com/felis/fusce/posuere.jpg",""
"","","","8820681.0","Fort Wayne","United States","","","","46857","IN","87470 Elmside Drive","Pending","005Qy00001Cft9BIAR","2026-02-17T18:58:59.000Z","","","1","","","1(757)414-3924","001Qy00001udnRtIAI","Major Pharmaceuticals","false","","","","005Qy00001Cft9BIAR","2026-02-17T18:59:00.000Z","","","","","","44764","","","005Qy00001Cft9BIAR","","","1(260)593-5521","/services/images/photo/001Qy00001udnRtIAI","","","Portsmouth","","","","","23705","IN","229b Baker st. before update trigger","","","","","","","2026-02-17T18:59:00.000Z","Test","","0.0","","","Competitor","","https://adobe.com/viverra/eget/congue/eget/semper.aspx",""
"","","","4858052.0","Atlanta","United States","","","","30306","IN","9440 Porter Street","Pending","005Qy00001Cft9BIAR","2026-02-17T18:58:59.000Z","","","1","","","1(785)388-2912","001Qy00001udnRuIAI","Fast Food - made whole","false","","","","005Qy00001Cft9BIAR","2026-02-17T18:59:00.000Z","","","","","","25664","","","005Qy00001Cft9BIAR","","","1(678)612-1264","/services/images/photo/001Qy00001udnRuIAI","","","Topeka","","","","","66606","IN","229b Baker st. before update trigger","","","","","","","2026-02-17T18:59:00.000Z","Test","","0.0","","","Reseller","","https://ehow.com/pede/ullamcorper/augue.xml",""
"","","","3046203.0","Stockton","United States","","","","95210","IN","16366 Bluejay Junction","Pending","005Qy00001Cft9BIAR","2026-02-17T18:58:59.000Z","","","1","","","1(626)762-7359","001Qy00001udnRvIAI","n/a","false","","","","005Qy00001Cft9BIAR","2026-02-17T18:59:00.000Z","","","","","","68647","","","005Qy00001Cft9BIAR","","","1(209)928-0177","/services/images/photo/001Qy00001udnRvIAI","","","Pasadena","","","","","91117","IN","229b Baker st. before update trigger","","","","","","","2026-02-17T18:59:00.000Z","Test","","0.0","","","Investor","","https://jiathis.com/gravida/sem/praesent/id.aspx",""
"","","","2459695.0","Albuquerque","United States","","","","87201","IN","591 Prairieview Court","Pending","005Qy00001Cft9BIAR","2026-02-17T18:58:59.000Z","","","1","","","1(305)489-3299","001Qy00001udnRwIAI","n/a","false","","","","005Qy00001Cft9BIAR","2026-02-17T18:59:00.000Z","","","","","","31610","","","005Qy00001Cft9BIAR","","","1(505)810-8428","/services/images/photo/001Qy00001udnRwIAI","","","Naples","","","","","33961","IN","229b Baker st. before update trigger","","","","","","","2026-02-17T18:59:00.000Z","Test","","0.0","","","Reseller","","https://xinhuanet.com/malesuada/in/imperdiet/et.json",""
"","","","2740932.0","Evanston","United States","","","","60208","IN","53 Bunting Place","Pending","005Qy00001Cft9BIAR","2026-02-17T18:58:59.000Z","","","1","","","1(843)222-0542","001Qy00001udnRxIAI","Real Estate Investment Trusts","false","","","","005Qy00001Cft9BIAR","2026-02-17T18:59:00.000Z","","","","","","12132","","","005Qy00001Cft9BIAR","","","1(847)151-6057","/services/images/photo/001Qy00001udnRxIAI","","","Charleston","","","","","29424","IN","229b Baker st. before update trigger","","","","","","","2026-02-17T18:59:00.000Z","Test","","0.0","","","Partner","","https://netscape.com/odio/in.js",""
"","","","8796170.0","Washington","United States","","","","20397","IN","94 Hoard Terrace","Pending","005Qy00001Cft9BIAR","2026-02-17T18:58:59.000Z","","","1","","","1(361)717-0166","001Qy00001udnRyIAI","n/a","false","","","","005Qy00001Cft9BIAR","2026-02-17T18:59:00.000Z","","","","","","27954","","","005Qy00001Cft9BIAR","","","1(202)341-2015","/services/images/photo/001Qy00001udnRyIAI","","","Corpus Christi","","","","","78415","IN","229b Baker st. before update trigger","","","","","","","2026-02-17T18:59:00.000Z","Test","","0.0","","","Prospect","","https://meetup.com/tincidunt/eu.aspx",""
"","","","8496119.0","Charleston","United States","","","","25313","IN","6739 Talisman Road","Pending","005Qy00001Cft9BIAR","2026-02-17T18:58:59.000Z","","","1","","","1(903)885-0181","001Qy00001udnRzIAI","Business Services","false","","","","005Qy00001Cft9BIAR","2026-02-17T18:59:00.000Z","","","","","","43139","","","005Qy00001Cft9BIAR","","","1(304)164-4056","/services/images/photo/001Qy00001udnRzIAI","","","Tyler","","","","","75710","IN","229b Baker st. before update trigger","","","","","","","2026-02-17T18:59:00.000Z","Test","","0.0","","","Integrator","","http://ftc.gov/in/sagittis.xml",""
"","","","9639136.0","Jamaica","United States","","","","11436","IN","3794 Marquette Place","Pending","005Qy00001Cft9BIAR","2026-02-17T18:58:59.000Z","","","1","","","1(786)980-2295","001Qy00001udnS0IAI","Business Services","false","","","","005Qy00001Cft9BIAR","2026-02-17T18:59:00.000Z","","","","","","72261","","","005Qy00001Cft9BIAR","","","1(718)857-0952","/services/images/photo/001Qy00001udnS0IAI","","","Miami","","","","","33142","IN","229b Baker st. before update trigger","","","","","","","2026-02-17T18:59:00.000Z","Test","","0.0","","","Reseller","","https://auda.org.au/justo/sit.jsp",""
"","","","3990145.0","New York City","United States","","","","10184","IN","63 Cambridge Place","Pending","005Qy00001Cft9BIAR","2026-02-17T18:58:59.000Z","","","1","","","1(215)813-5010","001Qy00001udnS1IAI","n/a","false","","","","005Qy00001Cft9BIAR","2026-02-17T18:59:00.000Z","","","","","","55498","","","005Qy00001Cft9BIAR","","","1(212)395-7443","/services/images/photo/001Qy00001udnS1IAI","","","Philadelphia","","","","","19109","IN","229b Baker st. before update trigger","","","","","","","2026-02-17T18:59:00.000Z","Test","","0.0","","","Analyst","","http://example.com/quisque/arcu/libero/rutrum/ac/lobortis/vel.html",""
"","","","221283.0","Young America","United States","","","","55551","IN","47251 Walton Parkway","Pending","005Qy00001Cft9BIAR","2026-02-17T18:58:59.000Z","","","1","","","1(321)509-8230","001Qy00001udnS2IAI","Oil & Gas Production","false","","","","005Qy00001Cft9BIAR","2026-02-17T18:59:00.000Z","","","","","","59319","","","005Qy00001Cft9BIAR","","","1(952)607-3802","/services/images/photo/001Qy00001udnS2IAI","","","Orlando","","","","","32803","IN","229b Baker st. before update trigger","","","","","","","2026-02-17T18:59:00.000Z","Test","","0.0","","","Press","","https://amazon.de/dapibus/nulla/suscipit/ligula.js",""
"","","","230282.0","Arlington","United States","","","","76011","IN","9962 Kim Crossing","Pending","005Qy00001Cft9BIAR","2026-02-17T18:58:59.000Z","","","1","","","1(913)256-2568","001Qy00001udnS3IAI","Slow Food - Made Quickly","false","","","","005Qy00001Cft9BIAR","2026-02-17T18:59:00.000Z","","","","","","57923","","","005Qy00001Cft9BIAR","","","1(682)336-6978","/services/images/photo/001Qy00001udnS3IAI","","","Shawnee Mission","","","","","66215","IN","229b Baker st. before update trigger","","","","","","","2026-02-17T18:59:00.000Z","Test","","0.0","","","Integrator","","https://apache.org/neque/vestibulum.png",""
"","","","6858476.0","Visalia","United States","","","","93291","IN","90 Barby Terrace","Pending","005Qy00001Cft9BIAR","2026-02-17T18:58:59.000Z","","","1","","","1(510)597-2453","001Qy00001udnS4IAI","Investment Managers","false","","","","005Qy00001Cft9BIAR","2026-02-17T18:59:00.000Z","","","","","","45892","","","005Qy00001Cft9BIAR","","","1(559)504-9621","/services/images/photo/001Qy00001udnS4IAI","","","Richmond","","","","","94807","IN","229b Baker st. before update trigger","","","","","","","2026-02-17T18:59:00.000Z","Test","","0.0","","","Customer","","https://sfgate.com/hac/habitasse/platea/dictumst/aliquam/augue.aspx",""
"","","","537811.0","Roanoke","United States","","","","24004","IN","0 Red Cloud Park","Pending","005Qy00001Cft9BIAR","2026-02-17T18:58:59.000Z","","","1","","","1(410)529-3659","001Qy00001udnS5IAI","Semiconductors","false","","","","005Qy00001Cft9BIAR","2026-02-17T18:59:00.000Z","","","","","","11754","","","005Qy00001Cft9BIAR","","","1(540)131-4885","/services/images/photo/001Qy00001udnS5IAI","","","Baltimore","","","","","21216","IN","229b Baker st. before update trigger","","","","","","","2026-02-17T18:59:00.000Z","Test","","0.0","","","Integrator","","https://oaic.gov.au/lobortis/vel/dapibus/at.png",""
"","","","1837498.0","Kansas City","United States","","","","64179","IN","1 Sutteridge Pass","Pending","005Qy00001Cft9BIAR","2026-02-17T18:58:59.000Z","","","1","","","1(248)543-0405","001Qy00001udnS6IAI","n/a","false","","","","005Qy00001Cft9BIAR","2026-02-17T18:59:00.000Z","","","","","","49197","","","005Qy00001Cft9BIAR","","","1(816)582-1283","/services/images/photo/001Qy00001udnS6IAI","","","Southfield","","","","","48076","IN","229b Baker st. before update trigger","","","","","","","2026-02-17T18:59:00.000Z","Test","","0.0","","","Reseller","","http://sitemeter.com/turpis/eget/elit/sodales/scelerisque/mauris/sit.png",""
"","","","9980952.0","Dallas","United States","","","","75392","IN","571 Schmedeman Court","Pending","005Qy00001Cft9BIAR","2026-02-17T18:58:59.000Z","","","1","","","1(502)752-5587","001Qy00001udnS7IAI","n/a","false","","","","005Qy00001Cft9BIAR","2026-02-17T18:59:00.000Z","","","","","","25748","","","005Qy00001Cft9BIAR","","","1(214)979-0698","/services/images/photo/001Qy00001udnS7IAI","","","Louisville","","","","","40256","IN","229b Baker st. before update trigger","","","","","","","2026-02-17T18:59:00.000Z","Test","","0.0","","","Investor","","http://gravatar.com/eu.html",""
"","","","6771863.0","Des Moines","United States","","","","50310","IN","08333 Welch Trail","Pending","005Qy00001Cft9BIAR","2026-02-17T18:58:59.000Z","","","1","","","1(415)961-4792","001Qy00001udnS8IAI","Investment Bankers/Brokers/Service","false","","","","005Qy00001Cft9BIAR","2026-02-17T18:59:00.000Z","","","","","","18574","","","005Qy00001Cft9BIAR","","","1(515)418-6274","/services/images/photo/001Qy00001udnS8IAI","","","Oakland","","","","","94611","IN","229b Baker st. before update trigger","","","","","","","2026-02-17T18:59:00.000Z","Test","","0.0","","","Integrator","","https://wufoo.com/quis/libero/nullam.js",""
"","","","7098658.0","Houston","United States","","","","77040","IN","17 Dottie Drive","Pending","005Qy00001Cft9BIAR","2026-02-17T18:58:59.000Z","","","1","","","1(937)398-3418","001Qy00001udnS9IAI","Major Pharmaceuticals","false","","","","005Qy00001Cft9BIAR","2026-02-17T18:59:00.000Z","","","","","","2480","","","005Qy00001Cft9BIAR","","","1(979)234-4062","/services/images/photo/001Qy00001udnS9IAI","","","Hamilton","","","","","45020","IN","229b Baker st. before update trigger","","","","","","","2026-02-17T18:59:00.000Z","Test","","0.0","","","Customer","","http://moonfruit.com/praesent/blandit/lacinia/erat/vestibulum.json",""
"","","","7733121.0","Cincinnati","United States","","","","45203","IN","5350 Schurz Lane","Pending","005Qy00001Cft9BIAR","2026-02-17T18:58:59.000Z","","","1","","","1(585)653-5146","001Qy00001udnSAIAY","Tobacco","false","","","","005Qy00001Cft9BIAR","2026-02-17T18:59:00.000Z","","","","","","40011","","","005Qy00001Cft9BIAR","","","1(513)167-6990","/services/images/photo/001Qy00001udnSAIAY","","","Rochester","","","","","14619","IN","229b Baker st. before update trigger","","","","","","","2026-02-17T18:59:00.000Z","Test","","0.0","","","Customer","","https://theglobeandmail.com/orci/luctus/et/ultrices/posuere/cubilia.png",""
"","","","7336070.0","Chandler","United States","","","","85246","IN","11624 Fuller Lane","Pending","005Qy00001Cft9BIAR","2026-02-17T18:58:59.000Z","","","1","","","1(310)226-5832","001Qy00001udnSBIAY","Major Chemicals","false","","","","005Qy00001Cft9BIAR","2026-02-17T18:59:00.000Z","","","","","","28959","","","005Qy00001Cft9BIAR","","","1(602)984-1785","/services/images/photo/001Qy00001udnSBIAY","","","Long Beach","","","","","90810","IN","229b Baker st. before update trigger","","","","","","","2026-02-17T18:59:00.000Z","Test","","0.0","","","Prospect","","http://friendfeed.com/aenean/lectus/pellentesque/eget/nunc/donec/quis.aspx",""
"","","","8324128.0","Farmington","United States","","","","48335","IN","972 Reindahl Crossing","Pending","005Qy00001Cft9BIAR","2026-02-17T18:58:59.000Z","","","1","","","1(661)807-2246","001Qy00001udnSCIAY","Business Services","false","","","","005Qy00001Cft9BIAR","2026-02-17T18:59:00.000Z","","","","","","54936","","","005Qy00001Cft9BIAR","","","1(248)330-8469","/services/images/photo/001Qy00001udnSCIAY","","","Palmdale","","","","","93591","IN","229b Baker st. before update trigger","","","","","","","2026-02-17T18:59:00.000Z","Test","","0.0","","","Integrator","","http://chron.com/in/faucibus/orci.aspx",""
"","","","2892229.0","Boca Raton","United States","","","","33499","IN","4 Ruskin Lane","Pending","005Qy00001Cft9BIAR","2026-02-17T18:58:59.000Z","","","1","","","1(469)657-1783","001Qy00001udnSDIAY","n/a","false","","","","005Qy00001Cft9BIAR","2026-02-17T18:59:00.000Z","","","","","","36599","","","005Qy00001Cft9BIAR","","","1(561)869-5627","/services/images/photo/001Qy00001udnSDIAY","","","Dallas","","","","","75236","IN","229b Baker st. before update trigger","","","","","","","2026-02-17T18:59:00.000Z","Test","","0.0","","","Investor","","http://nature.com/erat/vestibulum/sed/magna/at/nunc/commodo.json",""
"","","","2577501.0","El Paso","United States","","","","88514","IN","851 Reindahl Road","Pending","005Qy00001Cft9BIAR","2026-02-17T18:58:59.000Z","","","1","","","1(916)317-4260","001Qy00001udnSEIAY","n/a","false","","","","005Qy00001Cft9BIAR","2026-02-17T18:59:00.000Z","","","","","","62465","","","005Qy00001Cft9BIAR","","","1(915)552-4584","/services/images/photo/001Qy00001udnSEIAY","","","Sacramento","","","","","95823","IN","229b Baker st. before update trigger","","","","","","","2026-02-17T18:59:00.000Z","Test","","0.0","","","Partner","","https://desdev.cn/mauris/eget/massa/tempor/convallis/nulla.html",""
"","","","9680896.0","Asheville","United States","","","","28815","IN","39 Glacier Hill Avenue","Pending","005Qy00001Cft9BIAR","2026-02-17T18:58:59.000Z","","","1","","","1(212)844-4064","001Qy00001udnSFIAY","n/a","false","","","","005Qy00001Cft9BIAR","2026-02-17T18:59:00.000Z","","","","","","64706","","","005Qy00001Cft9BIAR","","","1(828)853-6134","/services/images/photo/001Qy00001udnSFIAY","","","New York City","","","","","10260","IN","229b Baker st. before update trigger","","","","","","","2026-02-17T18:59:00.000Z","Test","","0.0","","","Prospect","","https://examiner.com/platea/dictumst/morbi/vestibulum.png",""
"","","","751089.0","Los Angeles","United States","","","","90060","IN","48488 Annamark Junction","Pending","005Qy00001Cft9BIAR","2026-02-17T18:58:59.000Z","","","1","","","1(559)367-7839","001Qy00001udnSGIAY","Real Estate Investment Trusts","false","","","","005Qy00001Cft9BIAR","2026-02-17T18:59:00.000Z","","","","","","59006","","","005Qy00001Cft9BIAR","","","1(323)161-5523","/services/images/photo/001Qy00001udnSGIAY","","","Fresno","","","","","93740","IN","229b Baker st. before update trigger","","","","","","","2026-02-17T18:59:00.000Z","Test","","0.0","","","Press","","https://google.cn/cum/sociis/natoque/penatibus/et.jpg",""
"","","","3908172.0","New York City","United States","","","","10019","IN","326 Roth Circle","Pending","005Qy00001Cft9BIAR","2026-02-17T18:58:59.000Z","","","1","","","1(402)258-6433","001Qy00001udnSHIAY","Restaurants","false","","","","005Qy00001Cft9BIAR","2026-02-17T18:59:00.000Z","","","","","","41670","","","005Qy00001Cft9BIAR","","","1(347)846-0637","/services/images/photo/001Qy00001udnSHIAY","","","Omaha","","","","","68105","IN","229b Baker st. before update trigger","","","","","","","2026-02-17T18:59:00.000Z","Test","","0.0","","","Prospect","","https://disqus.com/id/ligula/suspendisse/ornare.png",""
"","","","2635123.0","Bakersfield","United States","","","","93399","IN","7373 Briar Crest Park","Pending","005Qy00001Cft9BIAR","2026-02-17T18:58:59.000Z","","","1","","","1(260)591-2293","001Qy00001udnSIIAY","n/a","false","","","","005Qy00001Cft9BIAR","2026-02-17T18:59:00.000Z","","","","","","41225","","","005Qy00001Cft9BIAR","","","1(661)459-3568","/services/images/photo/001Qy00001udnSIIAY","","","Fort Wayne","","","","","46862","IN","229b Baker st. before update trigger","","","","","","","2026-02-17T18:59:00.000Z","Test","","0.0","","","Partner","","http://mysql.com/ut/nunc/vestibulum/ante.xml",""
"","","","100000.0","San Francisco","USA","","","","0","IN","0000 Main Street","Pending","005Qy00001Cft9BIAR","2026-06-16T18:35:21.000Z","","","1","","","","001Qy000029n5ZrIAI","Technology","false","","","","005Qy00001Cft9BIAR","2026-06-16T18:35:23.000Z","","","","","","10","","","005Qy00001Cft9BIAR","","","(555) 100-0000","/services/images/photo/001Qy000029n5ZrIAI","","012Qy00000BACRNIA5","","","","","","","IN","229b Baker st. before update trigger","","","","","","","2026-06-16T18:35:23.000Z","Test","","0.0","","","Prospect","","https://test0000.example.com",""
"","","","110000.0","New York","USA","","","","1","IN","0001 Main Street","Pending","005Qy00001Cft9BIAR","2026-06-16T18:35:21.000Z","","","1","","","","001Qy000029n5ZsIAI","Healthcare","false","","","","005Qy00001Cft9BIAR","2026-06-16T18:35:23.000Z","","","","","","11","","","005Qy00001Cft9BIAR","","","(555) 100-0001","/services/images/photo/001Qy000029n5ZsIAI","","012Qy00000BACRNIA5","","","","","","","IN","229b Baker st. before update trigger","","","","","","","2026-06-16T18:35:23.000Z","Test","","0.0","","","Customer","","https://test0001.example.com",""
"","","","120000.0","Chicago","USA","","","","2","IN","0002 Main Street","Pending","005Qy00001Cft9BIAR","2026-06-16T18:35:21.000Z","","","1","","","","001Qy000029n5ZtIAI","Finance","false","","","","005Qy00001Cft9BIAR","2026-06-16T18:35:23.000Z","","","","","","12","","","005Qy00001Cft9BIAR","","","(555) 100-0002","/services/images/photo/001Qy000029n5ZtIAI","","012Qy00000BACRNIA5","","","","","","","IN","229b Baker st. before update trigger","","","","","","","2026-06-16T18:35:23.000Z","Test","","0.0","","","Partner","","https://test0002.example.com",""
"","","","130000.0","Los Angeles","USA","","","","3","IN","0003 Main Street","Pending","005Qy00001Cft9BIAR","2026-06-16T18:35:21.000Z","","","1","","","","001Qy000029n5ZuIAI","Manufacturing","false","","","","005Qy00001Cft9BIAR","2026-06-16T18:35:23.000Z","","","","","","13","","","005Qy00001Cft9BIAR","","","(555) 100-0003","/services/images/photo/001Qy000029n5ZuIAI","","012Qy00000BACRNIA5","","","","","","","IN","229b Baker st. before update trigger","","","","","","","2026-06-16T18:35:23.000Z","Test","","0.0","","","Other","","https://test0003.example.com",""
"","","","140000.0","Houston","USA","","","","4","IN","0004 Main Street","Pending","005Qy00001Cft9BIAR","2026-06-16T18:35:21.000Z","","","1","","","","001Qy000029n5ZvIAI","Retail","false","","","","005Qy00001Cft9BIAR","2026-06-16T18:35:23.000Z","","","","","","14","","","005Qy00001Cft9BIAR","","","(555) 100-0004","/services/images/photo/001Qy000029n5ZvIAI","","012Qy00000BACRNIA5","","","","","","","IN","229b Baker st. before update trigger","","","","","","","2026-06-16T18:35:23.000Z","Test","","0.0","","","Prospect","","https://test0004.example.com",""
"","","","150000.0","Boston","USA","","","","5","IN","0005 Main Street","Pending","005Qy00001Cft9BIAR","2026-06-16T18:35:21.000Z","","","1","","","","001Qy000029n5ZwIAI","Education","false","","","","005Qy00001Cft9BIAR","2026-06-16T18:35:23.000Z","","","","","","15","","","005Qy00001Cft9BIAR","","","(555) 100-0005","/services/images/photo/001Qy000029n5ZwIAI","","012Qy00000BACRNIA5","","","","","","","IN","229b Baker st. before update trigger","","","","","","","2026-06-16T18:35:23.000Z","Test","","0.0","","","Customer","","https://test0005.example.com",""
"","","","160000.0","Seattle","USA","","","","6","IN","0006 Main Street","Pending","005Qy00001Cft9BIAR","2026-06-16T18:35:21.000Z","","","1","","","","001Qy000029n5ZxIAI","Energy","false","","","","005Qy00001Cft9BIAR","2026-06-16T18:35:23.000Z","","","","","","16","","","005Qy00001Cft9BIAR","","","(555) 100-0006","/services/images/photo/001Qy000029n5ZxIAI","","012Qy00000BACRNIA5","","","","","","","IN","229b Baker st. before update trigger","","","","","","","2026-06-16T18:35:23.000Z","Test","","0.0","","","Partner","","https://test0006.example.com",""
"","","","170000.0","Denver","USA","","","","7","IN","0007 Main Street","Pending","005Qy00001Cft9BIAR","2026-06-16T18:35:21.000Z","","","1","","","","001Qy000029n5ZyIAI","Media","false","","","","005Qy00001Cft9BIAR","2026-06-16T18:35:23.000Z","","","","","","17","","","005Qy00001Cft9BIAR","","","(555) 100-0007","/services/images/photo/001Qy000029n5ZyIAI","","012Qy00000BACRNIA5","","","","","","","IN","229b Baker st. before update trigger","","","","","","","2026-06-16T18:35:23.000Z","Test","","0.0","","","Other","","https://test0007.example.com",""
"","","","180000.0","Austin","USA","","","","8","IN","0008 Main Street","Pending","005Qy00001Cft9BIAR","2026-06-16T18:35:21.000Z","","","1","","","","001Qy000029n5ZzIAI","Government","false","","","","005Qy00001Cft9BIAR","2026-06-16T18:35:23.000Z","","","","","","18","","","005Qy00001Cft9BIAR","","","(555) 100-0008","/services/images/photo/001Qy000029n5ZzIAI","","012Qy00000BACRNIA5","","","","","","","IN","229b Baker st. before update trigger","","","","","","","2026-06-16T18:35:23.000Z","Test","","0.0","","","Prospect","","https://test0008.example.com",""
"","","","190000.0","Atlanta","USA","","","","9","IN","0009 Main Street","Pending","005Qy00001Cft9BIAR","2026-06-16T18:35:21.000Z","","","1","","","","001Qy000029n5a0IAA","Nonprofit","false","","","","005Qy00001Cft9BIAR","2026-06-16T18:35:23.000Z","","","","","","19","","","005Qy00001Cft9BIAR","","","(555) 100-0009","/services/images/photo/001Qy000029n5a0IAA","","012Qy00000BACRNIA5","","","","","","","IN","229b Baker st. before update trigger","","","","","","","2026-06-16T18:35:23.000Z","Test","","0.0","","","Customer","","https://test0009.example.com",""
"","","","200000.0","San Francisco","USA","","","","10","IN","0010 Main Street","Pending","005Qy00001Cft9BIAR","2026-06-16T18:35:21.000Z","","","1","","","","001Qy000029n5a1IAA","Technology","false","","","","005Qy00001Cft9BIAR","2026-06-16T18:35:23.000Z","","","","","","20","","","005Qy00001Cft9BIAR","","","(555) 100-0010","/services/images/photo/001Qy000029n5a1IAA","","012Qy00000BACRNIA5","","","","","","","IN","229b Baker st. before update trigger","","","","","","","2026-06-16T18:35:23.000Z","Test","","0.0","","","Partner","","https://test0010.example.com",""
"","","","210000.0","New York","USA","","","","11","IN","0011 Main Street","Pending","005Qy00001Cft9BIAR","2026-06-16T18:35:21.000Z","","","1","","","","001Qy000029n5a2IAA","Healthcare","false","","","","005Qy00001Cft9BIAR","2026-06-16T18:35:23.000Z","","","","","","21","","","005Qy00001Cft9BIAR","","","(555) 100-0011","/services/images/photo/001Qy000029n5a2IAA","","012Qy00000BACRNIA5","","","","","","","IN","229b Baker st. before update trigger","","","","","","","2026-06-16T18:35:23.000Z","Test","","0.0","","","Other","","https://test0011.example.com",""
"","","","220000.0","Chicago","USA","","","","12","IN","0012 Main Street","Pending","005Qy00001Cft9BIAR","2026-06-16T18:35:21.000Z","","","1","","","","001Qy000029n5a3IAA","Finance","false","","","","005Qy00001Cft9BIAR","2026-06-16T18:35:23.000Z","","","","","","22","","","005Qy00001Cft9BIAR","","","(555) 100-0012","/services/images/photo/001Qy000029n5a3IAA","","012Qy00000BACRNIA5","","","","","","","IN","229b Baker st. before update trigger","","","","","","","2026-06-16T18:35:23.000Z","Test","","0.0","","","Prospect","","https://test0012.example.com",""
"","","","230000.0","Los Angeles","USA","","","","13","IN","0013 Main Street","Pending","005Qy00001Cft9BIAR","2026-06-16T18:35:21.000Z","","","1","","","","001Qy000029n5a4IAA","Manufacturing","false","","","","005Qy00001Cft9BIAR","2026-06-16T18:35:23.000Z","","","","","","23","","","005Qy00001Cft9BIAR","","","(555) 100-0013","/services/images/photo/001Qy000029n5a4IAA","","012Qy00000BACRNIA5","","","","","","","IN","229b Baker st. before update trigger","","","","","","","2026-06-16T18:35:23.000Z","Test","","0.0","","","Customer","","https://test0013.example.com",""
"","","","240000.0","Houston","USA","","","","14","IN","0014 Main Street","Pending","005Qy00001Cft9BIAR","2026-06-16T18:35:21.000Z","","","1","","","","001Qy000029n5a5IAA","Retail","false","","","","005Qy00001Cft9BIAR","2026-06-16T18:35:23.000Z","","","","","","24","","","005Qy00001Cft9BIAR","","","(555) 100-0014","/services/images/photo/001Qy000029n5a5IAA","","012Qy00000BACRNIA5","","","","","","","IN","229b Baker st. before update trigger","","","","","","","2026-06-16T18:35:23.000Z","Test","","0.0","","","Partner","","https://test0014.example.com",""
"","","","250000.0","Boston","USA","","","","15","IN","0015 Main Street","Pending","005Qy00001Cft9BIAR","2026-06-16T18:35:21.000Z","","","1","","","","001Qy000029n5a6IAA","Education","false","","","","005Qy00001Cft9BIAR","2026-06-16T18:35:23.000Z","","","","","","25","","","005Qy00001Cft9BIAR","","","(555) 100-0015","/services/images/photo/001Qy000029n5a6IAA","","012Qy00000BACRNIA5","","","","","","","IN","229b Baker st. before update trigger","","","","","","","2026-06-16T18:35:23.000Z","Test","","0.0","","","Other","","https://test0015.example.com",""
"","","","260000.0","Seattle","USA","","","","16","IN","0016 Main Street","Pending","005Qy00001Cft9BIAR","2026-06-16T18:35:21.000Z","","","1","","","","001Qy000029n5a7IAA","Energy","false","","","","005Qy00001Cft9BIAR","2026-06-16T18:35:23.000Z","","","","","","26","","","005Qy00001Cft9BIAR","","","(555) 100-0016","/services/images/photo/001Qy000029n5a7IAA","","012Qy00000BACRNIA5","","","","","","","IN","229b Baker st. before update trigger","","","","","","","2026-06-16T18:35:23.000Z","Test","","0.0","","","Prospect","","https://test0016.example.com",""
"","","","270000.0","Denver","USA","","","","17","IN","0017 Main Street","Pending","005Qy00001Cft9BIAR","2026-06-16T18:35:21.000Z","","","1","","","","001Qy000029n5a8IAA","Media","false","","","","005Qy00001Cft9BIAR","2026-06-16T18:35:23.000Z","","","","","","27","","","005Qy00001Cft9BIAR","","","(555) 100-0017","/services/images/photo/001Qy000029n5a8IAA","","012Qy00000BACRNIA5","","","","","","","IN","229b Baker st. before update trigger","","","","","","","2026-06-16T18:35:23.000Z","Test","","0.0","","","Customer","","https://test0017.example.com",""
"","","","280000.0","Austin","USA","","","","18","IN","0018 Main Street","Pending","005Qy00001Cft9BIAR","2026-06-16T18:35:21.000Z","","","1","","","","001Qy000029n5a9IAA","Government","false","","","","005Qy00001Cft9BIAR","2026-06-16T18:35:23.000Z","","","","","","28","","","005Qy00001Cft9BIAR","","","(555) 100-0018","/services/images/photo/001Qy000029n5a9IAA","","012Qy00000BACRNIA5","","","","","","","IN","229b Baker st. before update trigger","","","","","","","2026-06-16T18:35:23.000Z","Test","","0.0","","","Partner","","https://test0018.example.com",""
"","","","290000.0","Atlanta","USA","","","","19","IN","0019 Main Street","Pending","005Qy00001Cft9BIAR","2026-06-16T18:35:21.000Z","","","1","","","","001Qy000029n5aAIAQ","Nonprofit","false","","","","005Qy00001Cft9BIAR","2026-06-16T18:35:23.000Z","","","","","","29","","","005Qy00001Cft9BIAR","","","(555) 100-0019","/services/images/photo/001Qy000029n5aAIAQ","","012Qy00000BACRNIA5","","","","","","","IN","229b Baker st. before update trigger","","","","","","","2026-06-16T18:35:23.000Z","Test","","0.0","","","Other","","https://test0019.example.com",""
"","","","300000.0","San Francisco","USA","","","","20","IN","0020 Main Street","Pending","005Qy00001Cft9BIAR","2026-06-16T18:35:21.000Z","","","1","","","","001Qy000029n5aBIAQ","Technology","false","","","","005Qy00001Cft9BIAR","2026-06-16T18:35:23.000Z","","","","","","30","","","005Qy00001Cft9BIAR","","","(555) 100-0020","/services/images/photo/001Qy000029n5aBIAQ","","012Qy00000BACRNIA5","","","","","","","IN","229b Baker st. before update trigger","","","","","","","2026-06-16T18:35:23.000Z","Test","","0.0","","","Prospect","","https://test0020.example.com",""
"","","","310000.0","New York","USA","","","","21","IN","0021 Main Street","Pending","005Qy00001Cft9BIAR","2026-06-16T18:35:21.000Z","","","1","","","","001Qy000029n5aCIAQ","Healthcare","false","","","","005Qy00001Cft9BIAR","2026-06-16T18:35:23.000Z","","","","","","31","","","005Qy00001Cft9BIAR","","","(555) 100-0021","/services/images/photo/001Qy000029n5aCIAQ","","012Qy00000BACRNIA5","","","","","","","IN","229b Baker st. before update trigger","","","","","","","2026-06-16T18:35:23.000Z","Test","","0.0","","","Customer","","https://test0021.example.com",""
"","","","320000.0","Chicago","USA","","","","22","IN","0022 Main Street","Pending","005Qy00001Cft9BIAR","2026-06-16T18:35:21.000Z","","","1","","","","001Qy000029n5aDIAQ","Finance","false","","","","005Qy00001Cft9BIAR","2026-06-16T18:35:23.000Z","","","","","","32","","","005Qy00001Cft9BIAR","","","(555) 100-0022","/services/images/photo/001Qy000029n5aDIAQ","","012Qy00000BACRNIA5","","","","","","","IN","229b Baker st. before update trigger","","","","","","","2026-06-16T18:35:23.000Z","Test","","0.0","","","Partner","","https://test0022.example.com",""
"","","","330000.0","Los Angeles","USA","","","","23","IN","0023 Main Street","Pending","005Qy00001Cft9BIAR","2026-06-16T18:35:21.000Z","","","1","","","","001Qy000029n5aEIAQ","Manufacturing","false","","","","005Qy00001Cft9BIAR","2026-06-16T18:35:23.000Z","","","","","","33","","","005Qy00001Cft9BIAR","","","(555) 100-0023","/services/images/photo/001Qy000029n5aEIAQ","","012Qy00000BACRNIA5","","","","","","","IN","229b Baker st. before update trigger","","","","","","","2026-06-16T18:35:23.000Z","Test","","0.0","","","Other","","https://test0023.example.com",""
"","","","340000.0","Houston","USA","","","","24","IN","0024 Main Street","Pending","005Qy00001Cft9BIAR","2026-06-16T18:35:21.000Z","","","1","","","","001Qy000029n5aFIAQ","Retail","false","","","","005Qy00001Cft9BIAR","2026-06-16T18:35:23.000Z","","","","","","34","","","005Qy00001Cft9BIAR","","","(555) 100-0024","/services/images/photo/001Qy000029n5aFIAQ","","012Qy00000BACRNIA5","","","","","","","IN","229b Baker st. before update trigger","","","","","","","2026-06-16T18:35:23.000Z","Test","","0.0","","","Prospect","","https://test0024.example.com",""
"","","","350000.0","Boston","USA","","","","25","IN","0025 Main Street","Pending","005Qy00001Cft9BIAR","2026-06-16T18:35:21.000Z","","","1","","","","001Qy000029n5aGIAQ","Education","false","","","","005Qy00001Cft9BIAR","2026-06-16T18:35:23.000Z","","","","","","35","","","005Qy00001Cft9BIAR","","","(555) 100-0025","/services/images/photo/001Qy000029n5aGIAQ","","012Qy00000BACRNIA5","","","","","","","IN","229b Baker st. before update trigger","","","","","","","2026-06-16T18:35:23.000Z","Test","","0.0","","","Customer","","https://test0025.example.com",""
"","","","360000.0","Seattle","USA","","","","26","IN","0026 Main Street","Pending","005Qy00001Cft9BIAR","2026-06-16T18:35:21.000Z","","","1","","","","001Qy000029n5aHIAQ","Energy","false","","","","005Qy00001Cft9BIAR","2026-06-16T18:35:23.000Z","","","","","","36","","","005Qy00001Cft9BIAR","","","(555) 100-0026","/services/images/photo/001Qy000029n5aHIAQ","","012Qy00000BACRNIA5","","","","","","","IN","229b Baker st. before update trigger","","","","","","","2026-06-16T18:35:23.000Z","Test","","0.0","","","Partner","","https://test0026.example.com",""
"","","","370000.0","Denver","USA","","","","27","IN","0027 Main Street","Pending","005Qy00001Cft9BIAR","2026-06-16T18:35:21.000Z","","","1","","","","001Qy000029n5aIIAQ","Media","false","","","","005Qy00001Cft9BIAR","2026-06-16T18:35:23.000Z","","","","","","37","","","005Qy00001Cft9BIAR","","","(555) 100-0027","/services/images/photo/001Qy000029n5aIIAQ","","012Qy00000BACRNIA5","","","","","","","IN","229b Baker st. before update trigger","","","","","","","2026-06-16T18:35:23.000Z","Test","","0.0","","","Other","","https://test0027.example.com",""
"","","","380000.0","Austin","USA","","","","28","IN","0028 Main Street","Pending","005Qy00001Cft9BIAR","2026-06-16T18:35:21.000Z","","","1","","","","001Qy000029n5aJIAQ","Government","false","","","","005Qy00001Cft9BIAR","2026-06-16T18:35:23.000Z","","","","","","38","","","005Qy00001Cft9BIAR","","","(555) 100-0028","/services/images/photo/001Qy000029n5aJIAQ","","012Qy00000BACRNIA5","","","","","","","IN","229b Baker st. before update trigger","","","","","","","2026-06-16T18:35:23.000Z","Test","","0.0","","","Prospect","","https://test0028.example.com",""
"","","","390000.0","Atlanta","USA","","","","29","IN","0029 Main Street","Pending","005Qy00001Cft9BIAR","2026-06-16T18:35:21.000Z","","","1","","","","001Qy000029n5aKIAQ","Nonprofit","false","","","","005Qy00001Cft9BIAR","2026-06-16T18:35:23.000Z","","","","","","39","","","005Qy00001Cft9BIAR","","","(555) 100-0029","/services/images/photo/001Qy000029n5aKIAQ","","012Qy00000BACRNIA5","","","","","","","IN","229b Baker st. before update trigger","","","","","","","2026-06-16T18:35:23.000Z","Test","","0.0","","","Customer","","https://test0029.example.com",""
"","","","400000.0","San Francisco","USA","","","","30","IN","0030 Main Street","Pending","005Qy00001Cft9BIAR","2026-06-16T18:35:21.000Z","","","1","","","","001Qy000029n5aLIAQ","Technology","false","","","","005Qy00001Cft9BIAR","2026-06-16T18:35:23.000Z","","","","","","40","","","005Qy00001Cft9BIAR","","","(555) 100-0030","/services/images/photo/001Qy000029n5aLIAQ","","012Qy00000BACRNIA5","","","","","","","IN","229b Baker st. before update trigger","","","","","","","2026-06-16T18:35:23.000Z","Test","","0.0","","","Partner","","https://test0030.example.com",""
"","","","410000.0","New York","USA","","","","31","IN","0031 Main Street","Pending","005Qy00001Cft9BIAR","2026-06-16T18:35:21.000Z","","","1","","","","001Qy000029n5aMIAQ","Healthcare","false","","","","005Qy00001Cft9BIAR","2026-06-16T18:35:23.000Z","","","","","","41","","","005Qy00001Cft9BIAR","","","(555) 100-0031","/services/images/photo/001Qy000029n5aMIAQ","","012Qy00000BACRNIA5","","","","","","","IN","229b Baker st. before update trigger","","","","","","","2026-06-16T18:35:23.000Z","Test","","0.0","","","Other","","https://test0031.example.com",""
"","","","420000.0","Chicago","USA","","","","32","IN","0032 Main Street","Pending","005Qy00001Cft9BIAR","2026-06-16T18:35:21.000Z","","","1","","","","001Qy000029n5aNIAQ","Finance","false","","","","005Qy00001Cft9BIAR","2026-06-16T18:35:23.000Z","","","","","","42","","","005Qy00001Cft9BIAR","","","(555) 100-0032","/services/images/photo/001Qy000029n5aNIAQ","","012Qy00000BACRNIA5","","","","","","","IN","229b Baker st. before update trigger","","","","","","","2026-06-16T18:35:23.000Z","Test","","0.0","","","Prospect","","https://test0032.example.com",""
"","","","430000.0","Los Angeles","USA","","","","33","IN","0033 Main Street","Pending","005Qy00001Cft9BIAR","2026-06-16T18:35:21.000Z","","","1","","","","001Qy000029n5aOIAQ","Manufacturing","false","","","","005Qy00001Cft9BIAR","2026-06-16T18:35:23.000Z","","","","","","43","","","005Qy00001Cft9BIAR","","","(555) 100-0033","/services/images/photo/001Qy000029n5aOIAQ","","012Qy00000BACRNIA5","","","","","","","IN","229b Baker st. before update trigger","","","","","","","2026-06-16T18:35:23.000Z","Test","","0.0","","","Customer","","https://test0033.example.com",""
"","","","440000.0","Houston","USA","","","","34","IN","0034 Main Street","Pending","005Qy00001Cft9BIAR","2026-06-16T18:35:21.000Z","","","1","","","","001Qy000029n5aPIAQ","Retail","false","","","","005Qy00001Cft9BIAR","2026-06-16T18:35:23.000Z","","","","","","44","","","005Qy00001Cft9BIAR","","","(555) 100-0034","/services/images/photo/001Qy000029n5aPIAQ","","012Qy00000BACRNIA5","","","","","","","IN","229b Baker st. before update trigger","","","","","","","2026-06-16T18:35:23.000Z","Test","","0.0","","","Partner","","https://test0034.example.com",""
"","","","450000.0","Boston","USA","","","","35","IN","0035 Main Street","Pending","005Qy00001Cft9BIAR","2026-06-16T18:35:21.000Z","","","1","","","","001Qy000029n5aQIAQ","Education","false","","","","005Qy00001Cft9BIAR","2026-06-16T18:35:23.000Z","","","","","","45","","","005Qy00001Cft9BIAR","","","(555) 100-0035","/services/images/photo/001Qy000029n5aQIAQ","","012Qy00000BACRNIA5","","","","","","","IN","229b Baker st. before update trigger","","","","","","","2026-06-16T18:35:23.000Z","Test","","0.0","","","Other","","https://test0035.example.com",""
"","","","460000.0","Seattle","USA","","","","36","IN","0036 Main Street","Pending","005Qy00001Cft9BIAR","2026-06-16T18:35:21.000Z","","","1","","","","001Qy000029n5aRIAQ","Energy","false","","","","005Qy00001Cft9BIAR","2026-06-16T18:35:23.000Z","","","","","","46","","","005Qy00001Cft9BIAR","","","(555) 100-0036","/services/images/photo/001Qy000029n5aRIAQ","","012Qy00000BACRNIA5","","","","","","","IN","229b Baker st. before update trigger","","","","","","","2026-06-16T18:35:23.000Z","Test","","0.0","","","Prospect","","https://test0036.example.com",""
"","","","470000.0","Denver","USA","","","","37","IN","0037 Main Street","Pending","005Qy00001Cft9BIAR","2026-06-16T18:35:21.000Z","","","1","","","","001Qy000029n5aSIAQ","Media","false","","","","005Qy00001Cft9BIAR","2026-06-16T18:35:23.000Z","","","","","","47","","","005Qy00001Cft9BIAR","","","(555) 100-0037","/services/images/photo/001Qy000029n5aSIAQ","","012Qy00000BACRNIA5","","","","","","","IN","229b Baker st. before update trigger","","","","","","","2026-06-16T18:35:23.000Z","Test","","0.0","","","Customer","","https://test0037.example.com",""
"","","","480000.0","Austin","USA","","","","38","IN","0038 Main Street","Pending","005Qy00001Cft9BIAR","2026-06-16T18:35:21.000Z","","","1","","","","001Qy000029n5aTIAQ","Government","false","","","","005Qy00001Cft9BIAR","2026-06-16T18:35:23.000Z","","","","","","48","","","005Qy00001Cft9BIAR","","","(555) 100-0038","/services/images/photo/001Qy000029n5aTIAQ","","012Qy00000BACRNIA5","","","","","","","IN","229b Baker st. before update trigger","","","","","","","2026-06-16T18:35:23.000Z","Test","","0.0","","","Partner","","https://test0038.example.com",""
"","","","490000.0","Atlanta","USA","","","","39","IN","0039 Main Street","Pending","005Qy00001Cft9BIAR","2026-06-16T18:35:21.000Z","","","1","","","","001Qy000029n5aUIAQ","Nonprofit","false","","","","005Qy00001Cft9BIAR","2026-06-16T18:35:23.000Z","","","","","","49","","","005Qy00001Cft9BIAR","","","(555) 100-0039","/services/images/photo/001Qy000029n5aUIAQ","","012Qy00000BACRNIA5","","","","","","","IN","229b Baker st. before update trigger","","","","","","","2026-06-16T18:35:23.000Z","Test","","0.0","","","Other","","https://test0039.example.com",""
"","","","500000.0","San Francisco","USA","","","","40","IN","0040 Main Street","Pending","005Qy00001Cft9BIAR","2026-06-16T18:35:21.000Z","","","1","","","","001Qy000029n5aVIAQ","Technology","false","","","","005Qy00001Cft9BIAR","2026-06-16T18:35:23.000Z","","","","","","50","","","005Qy00001Cft9BIAR","","","(555) 100-0040","/services/images/photo/001Qy000029n5aVIAQ","","012Qy00000BACRNIA5","","","","","","","IN","229b Baker st. before update trigger","","","","","","","2026-06-16T18:35:23.000Z","Test","","0.0","","","Prospect","","https://test0040.example.com",""
"","","","510000.0","New York","USA","","","","41","IN","0041 Main Street","Pending","005Qy00001Cft9BIAR","2026-06-16T18:35:21.000Z","","","1","","","","001Qy000029n5aWIAQ","Healthcare","false","","","","005Qy00001Cft9BIAR","2026-06-16T18:35:23.000Z","","","","","","51","","","005Qy00001Cft9BIAR","","","(555) 100-0041","/services/images/photo/001Qy000029n5aWIAQ","","012Qy00000BACRNIA5","","","","","","","IN","229b Baker st. before update trigger","","","","","","","2026-06-16T18:35:23.000Z","Test","","0.0","","","Customer","","https://test0041.example.com",""
"","","","520000.0","Chicago","USA","","","","42","IN","0042 Main Street","Pending","005Qy00001Cft9BIAR","2026-06-16T18:35:21.000Z","","","1","","","","001Qy000029n5aXIAQ","Finance","false","","","","005Qy00001Cft9BIAR","2026-06-16T18:35:23.000Z","","","","","","52","","","005Qy00001Cft9BIAR","","","(555) 100-0042","/services/images/photo/001Qy000029n5aXIAQ","","012Qy00000BACRNIA5","","","","","","","IN","229b Baker st. before update trigger","","","","","","","2026-06-16T18:35:23.000Z","Test","","0.0","","","Partner","","https://test0042.example.com",""
"","","","530000.0","Los Angeles","USA","","","","43","IN","0043 Main Street","Pending","005Qy00001Cft9BIAR","2026-06-16T18:35:21.000Z","","","1","","","","001Qy000029n5aYIAQ","Manufacturing","false","","","","005Qy00001Cft9BIAR","2026-06-16T18:35:23.000Z","","","","","","53","","","005Qy00001Cft9BIAR","","","(555) 100-0043","/services/images/photo/001Qy000029n5aYIAQ","","012Qy00000BACRNIA5","","","","","","","IN","229b Baker st. before update trigger","","","","","","","2026-06-16T18:35:23.000Z","Test","","0.0","","","Other","","https://test0043.example.com",""
"","","","540000.0","Houston","USA","","","","44","IN","0044 Main Street","Pending","005Qy00001Cft9BIAR","2026-06-16T18:35:21.000Z","","","1","","","","001Qy000029n5aZIAQ","Retail","false","","","","005Qy00001Cft9BIAR","2026-06-16T18:35:23.000Z","","","","","","54","","","005Qy00001Cft9BIAR","","","(555) 100-0044","/services/images/photo/001Qy000029n5aZIAQ","","012Qy00000BACRNIA5","","","","","","","IN","229b Baker st. before update trigger","","","","","","","2026-06-16T18:35:23.000Z","Test","","0.0","","","Prospect","","https://test0044.example.com",""
"","","","550000.0","Boston","USA","","","","45","IN","0045 Main Street","Pending","005Qy00001Cft9BIAR","2026-06-16T18:35:21.000Z","","","1","","","","001Qy000029n5aaIAA","Education","false","","","","005Qy00001Cft9BIAR","2026-06-16T18:35:23.000Z","","","","","","55","","","005Qy00001Cft9BIAR","","","(555) 100-0045","/services/images/photo/001Qy000029n5aaIAA","","012Qy00000BACRNIA5","","","","","","","IN","229b Baker st. before update trigger","","","","","","","2026-06-16T18:35:23.000Z","Test","","0.0","","","Customer","","https://test0045.example.com",""
"","","","560000.0","Seattle","USA","","","","46","IN","0046 Main Street","Pending","005Qy00001Cft9BIAR","2026-06-16T18:35:21.000Z","","","1","","","","001Qy000029n5abIAA","Energy","false","","","","005Qy00001Cft9BIAR","2026-06-16T18:35:23.000Z","","","","","","56","","","005Qy00001Cft9BIAR","","","(555) 100-0046","/services/images/photo/001Qy000029n5abIAA","","012Qy00000BACRNIA5","","","","","","","IN","229b Baker st. before update trigger","","","","","","","2026-06-16T18:35:23.000Z","Test","","0.0","","","Partner","","https://test0046.example.com",""
"","","","570000.0","Denver","USA","","","","47","IN","0047 Main Street","Pending","005Qy00001Cft9BIAR","2026-06-16T18:35:21.000Z","","","1","","","","001Qy000029n5acIAA","Media","false","","","","005Qy00001Cft9BIAR","2026-06-16T18:35:23.000Z","","","","","","57","","","005Qy00001Cft9BIAR","","","(555) 100-0047","/services/images/photo/001Qy000029n5acIAA","","012Qy00000BACRNIA5","","","","","","","IN","229b Baker st. before update trigger","","","","","","","2026-06-16T18:35:23.000Z","Test","","0.0","","","Other","","https://test0047.example.com",""
"","","","580000.0","Austin","USA","","","","48","IN","0048 Main Street","Pending","005Qy00001Cft9BIAR","2026-06-16T18:35:21.000Z","","","1","","","","001Qy000029n5adIAA","Government","false","","","","005Qy00001Cft9BIAR","2026-06-16T18:35:23.000Z","","","","","","58","","","005Qy00001Cft9BIAR","","","(555) 100-0048","/services/images/photo/001Qy000029n5adIAA","","012Qy00000BACRNIA5","","","","","","","IN","229b Baker st. before update trigger","","","","","","","2026-06-16T18:35:23.000Z","Test","","0.0","","","Prospect","","https://test0048.example.com",""
"","","","590000.0","Atlanta","USA","","","","49","IN","0049 Main Street","Pending","005Qy00001Cft9BIAR","2026-06-16T18:35:21.000Z","","","1","","","","001Qy000029n5aeIAA","Nonprofit","false","","","","005Qy00001Cft9BIAR","2026-06-16T18:35:23.000Z","","","","","","59","","","005Qy00001Cft9BIAR","","","(555) 100-0049","/services/images/photo/001Qy000029n5aeIAA","","012Qy00000BACRNIA5","","","","","","","IN","229b Baker st. before update trigger","","","","","","","2026-06-16T18:35:23.000Z","Test","","0.0","","","Customer","","https://test0049.example.com",""
"","","","600000.0","San Francisco","USA","","","","50","IN","0050 Main Street","Pending","005Qy00001Cft9BIAR","2026-06-16T18:35:21.000Z","","","1","","","","001Qy000029n5afIAA","Technology","false","","","","005Qy00001Cft9BIAR","2026-06-16T18:35:23.000Z","","","","","","60","","","005Qy00001Cft9BIAR","","","(555) 100-0050","/services/images/photo/001Qy000029n5afIAA","","012Qy00000BACRNIA5","","","","","","","IN","229b Baker st. before update trigger","","","","","","","2026-06-16T18:35:23.000Z","Test","","0.0","","","Partner","","https://test0050.example.com",""
"","","","610000.0","New York","USA","","","","51","IN","0051 Main Street","Pending","005Qy00001Cft9BIAR","2026-06-16T18:35:21.000Z","","","1","","","","001Qy000029n5agIAA","Healthcare","false","","","","005Qy00001Cft9BIAR","2026-06-16T18:35:23.000Z","","","","","","61","","","005Qy00001Cft9BIAR","","","(555) 100-0051","/services/images/photo/001Qy000029n5agIAA","","012Qy00000BACRNIA5","","","","","","","IN","229b Baker st. before update trigger","","","","","","","2026-06-16T18:35:23.000Z","Test","","0.0","","","Other","","https://test0051.example.com",""
"","","","620000.0","Chicago","USA","","","","52","IN","0052 Main Street","Pending","005Qy00001Cft9BIAR","2026-06-16T18:35:21.000Z","","","1","","","","001Qy000029n5ahIAA","Finance","false","","","","005Qy00001Cft9BIAR","2026-06-16T18:35:23.000Z","","","","","","62","","","005Qy00001Cft9BIAR","","","(555) 100-0052","/services/images/photo/001Qy000029n5ahIAA","","012Qy00000BACRNIA5","","","","","","","IN","229b Baker st. before update trigger","","","","","","","2026-06-16T18:35:23.000Z","Test","","0.0","","","Prospect","","https://test0052.example.com",""
"","","","630000.0","Los Angeles","USA","","","","53","IN","0053 Main Street","Pending","005Qy00001Cft9BIAR","2026-06-16T18:35:21.000Z","","","1","","","","001Qy000029n5aiIAA","Manufacturing","false","","","","005Qy00001Cft9BIAR","2026-06-16T18:35:23.000Z","","","","","","63","","","005Qy00001Cft9BIAR","","","(555) 100-0053","/services/images/photo/001Qy000029n5aiIAA","","012Qy00000BACRNIA5","","","","","","","IN","229b Baker st. before update trigger","","","","","","","2026-06-16T18:35:23.000Z","Test","","0.0","","","Customer","","https://test0053.example.com",""
"","","","640000.0","Houston","USA","","","","54","IN","0054 Main Street","Pending","005Qy00001Cft9BIAR","2026-06-16T18:35:21.000Z","","","1","","","","001Qy000029n5ajIAA","Retail","false","","","","005Qy00001Cft9BIAR","2026-06-16T18:35:23.000Z","","","","","","64","","","005Qy00001Cft9BIAR","","","(555) 100-0054","/services/images/photo/001Qy000029n5ajIAA","","012Qy00000BACRNIA5","","","","","","","IN","229b Baker st. before update trigger","","","","","","","2026-06-16T18:35:23.000Z","Test","","0.0","","","Partner","","https://test0054.example.com",""
"","","","650000.0","Boston","USA","","","","55","IN","0055 Main Street","Pending","005Qy00001Cft9BIAR","2026-06-16T18:35:21.000Z","","","1","","","","001Qy000029n5akIAA","Education","false","","","","005Qy00001Cft9BIAR","2026-06-16T18:35:23.000Z","","","","","","65","","","005Qy00001Cft9BIAR","","","(555) 100-0055","/services/images/photo/001Qy000029n5akIAA","","012Qy00000BACRNIA5","","","","","","","IN","229b Baker st. before update trigger","","","","","","","2026-06-16T18:35:23.000Z","Test","","0.0","","","Other","","https://test0055.example.com",""
"","","","660000.0","Seattle","USA","","","","56","IN","0056 Main Street","Pending","005Qy00001Cft9BIAR","2026-06-16T18:35:21.000Z","","","1","","","","001Qy000029n5alIAA","Energy","false","","","","005Qy00001Cft9BIAR","2026-06-16T18:35:23.000Z","","","","","","66","","","005Qy00001Cft9BIAR","","","(555) 100-0056","/services/images/photo/001Qy000029n5alIAA","","012Qy00000BACRNIA5","","","","","","","IN","229b Baker st. before update trigger","","","","","","","2026-06-16T18:35:23.000Z","Test","","0.0","","","Prospect","","https://test0056.example.com",""
"","","","670000.0","Denver","USA","","","","57","IN","0057 Main Street","Pending","005Qy00001Cft9BIAR","2026-06-16T18:35:21.000Z","","","1","","","","001Qy000029n5amIAA","Media","false","","","","005Qy00001Cft9BIAR","2026-06-16T18:35:23.000Z","","","","","","67","","","005Qy00001Cft9BIAR","","","(555) 100-0057","/services/images/photo/001Qy000029n5amIAA","","012Qy00000BACRNIA5","","","","","","","IN","229b Baker st. before update trigger","","","","","","","2026-06-16T18:35:23.000Z","Test","","0.0","","","Customer","","https://test0057.example.com",""
"","","","680000.0","Austin","USA","","","","58","IN","0058 Main Street","Pending","005Qy00001Cft9BIAR","2026-06-16T18:35:21.000Z","","","1","","","","001Qy000029n5anIAA","Government","false","","","","005Qy00001Cft9BIAR","2026-06-16T18:35:23.000Z","","","","","","68","","","005Qy00001Cft9BIAR","","","(555) 100-0058","/services/images/photo/001Qy000029n5anIAA","","012Qy00000BACRNIA5","","","","","","","IN","229b Baker st. before update trigger","","","","","","","2026-06-16T18:35:23.000Z","Test","","0.0","","","Partner","","https://test0058.example.com",""
"","","","690000.0","Atlanta","USA","","","","59","IN","0059 Main Street","Pending","005Qy00001Cft9BIAR","2026-06-16T18:35:21.000Z","","","1","","","","001Qy000029n5aoIAA","Nonprofit","false","","","","005Qy00001Cft9BIAR","2026-06-16T18:35:23.000Z","","","","","","69","","","005Qy00001Cft9BIAR","","","(555) 100-0059","/services/images/photo/001Qy000029n5aoIAA","","012Qy00000BACRNIA5","","","","","","","IN","229b Baker st. before update trigger","","","","","","","2026-06-16T18:35:23.000Z","Test","","0.0","","","Other","","https://test0059.example.com",""
"","","","700000.0","San Francisco","USA","","","","60","IN","0060 Main Street","Pending","005Qy00001Cft9BIAR","2026-06-16T18:35:21.000Z","","","1","","","","001Qy000029n5apIAA","Technology","false","","","","005Qy00001Cft9BIAR","2026-06-16T18:35:23.000Z","","","","","","70","","","005Qy00001Cft9BIAR","","","(555) 100-0060","/services/images/photo/001Qy000029n5apIAA","","012Qy00000BACRNIA5","","","","","","","IN","229b Baker st. before update trigger","","","","","","","2026-06-16T18:35:23.000Z","Test","","0.0","","","Prospect","","https://test0060.example.com",""
"","","","710000.0","New York","USA","","","","61","IN","0061 Main Street","Pending","005Qy00001Cft9BIAR","2026-06-16T18:35:21.000Z","","","1","","","","001Qy000029n5aqIAA","Healthcare","false","","","","005Qy00001Cft9BIAR","2026-06-16T18:35:23.000Z","","","","","","71","","","005Qy00001Cft9BIAR","","","(555) 100-0061","/services/images/photo/001Qy000029n5aqIAA","","012Qy00000BACRNIA5","","","","","","","IN","229b Baker st. before update trigger","","","","","","","2026-06-16T18:35:23.000Z","Test","","0.0","","","Customer","","https://test0061.example.com",""
"","","","720000.0","Chicago","USA","","","","62","IN","0062 Main Street","Pending","005Qy00001Cft9BIAR","2026-06-16T18:35:21.000Z","","","1","","","","001Qy000029n5arIAA","Finance","false","","","","005Qy00001Cft9BIAR","2026-06-16T18:35:23.000Z","","","","","","72","","","005Qy00001Cft9BIAR","","","(555) 100-0062","/services/images/photo/001Qy000029n5arIAA","","012Qy00000BACRNIA5","","","","","","","IN","229b Baker st. before update trigger","","","","","","","2026-06-16T18:35:23.000Z","Test","","0.0","","","Partner","","https://test0062.example.com",""
"","","","730000.0","Los Angeles","USA","","","","63","IN","0063 Main Street","Pending","005Qy00001Cft9BIAR","2026-06-16T18:35:21.000Z","","","1","","","","001Qy000029n5asIAA","Manufacturing","false","","","","005Qy00001Cft9BIAR","2026-06-16T18:35:23.000Z","","","","","","73","","","005Qy00001Cft9BIAR","","","(555) 100-0063","/services/images/photo/001Qy000029n5asIAA","","012Qy00000BACRNIA5","","","","","","","IN","229b Baker st. before update trigger","","","","","","","2026-06-16T18:35:23.000Z","Test","","0.0","","","Other","","https://test0063.example.com",""
"","","","740000.0","Houston","USA","","","","64","IN","0064 Main Street","Pending","005Qy00001Cft9BIAR","2026-06-16T18:35:21.000Z","","","1","","","","001Qy000029n5atIAA","Retail","false","","","","005Qy00001Cft9BIAR","2026-06-16T18:35:23.000Z","","","","","","74","","","005Qy00001Cft9BIAR","","","(555) 100-0064","/services/images/photo/001Qy000029n5atIAA","","012Qy00000BACRNIA5","","","","","","","IN","229b Baker st. before update trigger","","","","","","","2026-06-16T18:35:23.000Z","Test","","0.0","","","Prospect","","https://test0064.example.com",""
"","","","750000.0","Boston","USA","","","","65","IN","0065 Main Street","Pending","005Qy00001Cft9BIAR","2026-06-16T18:35:21.000Z","","","1","","","","001Qy000029n5auIAA","Education","false","","","","005Qy00001Cft9BIAR","2026-06-16T18:35:23.000Z","","","","","","75","","","005Qy00001Cft9BIAR","","","(555) 100-0065","/services/images/photo/001Qy000029n5auIAA","","012Qy00000BACRNIA5","","","","","","","IN","229b Baker st. before update trigger","","","","","","","2026-06-16T18:35:23.000Z","Test","","0.0","","","Customer","","https://test0065.example.com",""
"","","","760000.0","Seattle","USA","","","","66","IN","0066 Main Street","Pending","005Qy00001Cft9BIAR","2026-06-16T18:35:21.000Z","","","1","","","","001Qy000029n5avIAA","Energy","false","","","","005Qy00001Cft9BIAR","2026-06-16T18:35:23.000Z","","","","","","76","","","005Qy00001Cft9BIAR","","","(555) 100-0066","/services/images/photo/001Qy000029n5avIAA","","012Qy00000BACRNIA5","","","","","","","IN","229b Baker st. before update trigger","","","","","","","2026-06-16T18:35:23.000Z","Test","","0.0","","","Partner","","https://test0066.example.com",""
"","","","770000.0","Denver","USA","","","","67","IN","0067 Main Street","Pending","005Qy00001Cft9BIAR","2026-06-16T18:35:21.000Z","","","1","","","","001Qy000029n5awIAA","Media","false","","","","005Qy00001Cft9BIAR","2026-06-16T18:35:23.000Z","","","","","","77","","","005Qy00001Cft9BIAR","","","(555) 100-0067","/services/images/photo/001Qy000029n5awIAA","","012Qy00000BACRNIA5","","","","","","","IN","229b Baker st. before update trigger","","","","","","","2026-06-16T18:35:23.000Z","Test","","0.0","","","Other","","https://test0067.example.com",""
"","","","780000.0","Austin","USA","","","","68","IN","0068 Main Street","Pending","005Qy00001Cft9BIAR","2026-06-16T18:35:21.000Z","","","1","","","","001Qy000029n5axIAA","Government","false","","","","005Qy00001Cft9BIAR","2026-06-16T18:35:23.000Z","","","","","","78","","","005Qy00001Cft9BIAR","","","(555) 100-0068","/services/images/photo/001Qy000029n5axIAA","","012Qy00000BACRNIA5","","","","","","","IN","229b Baker st. before update trigger","","","","","","","2026-06-16T18:35:23.000Z","Test","","0.0","","","Prospect","","https://test0068.example.com",""
"","","","790000.0","Atlanta","USA","","","","69","IN","0069 Main Street","Pending","005Qy00001Cft9BIAR","2026-06-16T18:35:21.000Z","","","1","","","","001Qy000029n5ayIAA","Nonprofit","false","","","","005Qy00001Cft9BIAR","2026-06-16T18:35:23.000Z","","","","","","79","","","005Qy00001Cft9BIAR","","","(555) 100-0069","/services/images/photo/001Qy000029n5ayIAA","","012Qy00000BACRNIA5","","","","","","","IN","229b Baker st. before update trigger","","","","","","","2026-06-16T18:35:23.000Z","Test","","0.0","","","Customer","","https://test0069.example.com",""
"","","","800000.0","San Francisco","USA","","","","70","IN","0070 Main Street","Pending","005Qy00001Cft9BIAR","2026-06-16T18:35:21.000Z","","","1","","","","001Qy000029n5azIAA","Technology","false","","","","005Qy00001Cft9BIAR","2026-06-16T18:35:23.000Z","","","","","","80","","","005Qy00001Cft9BIAR","","","(555) 100-0070","/services/images/photo/001Qy000029n5azIAA","","012Qy00000BACRNIA5","","","","","","","IN","229b Baker st. before update trigger","","","","","","","2026-06-16T18:35:23.000Z","Test","","0.0","","","Partner","","https://test0070.example.com",""
"","","","810000.0","New York","USA","","","","71","IN","0071 Main Street","Pending","005Qy00001Cft9BIAR","2026-06-16T18:35:21.000Z","","","1","","","","001Qy000029n5b0IAA","Healthcare","false","","","","005Qy00001Cft9BIAR","2026-06-16T18:35:23.000Z","","","","","","81","","","005Qy00001Cft9BIAR","","","(555) 100-0071","/services/images/photo/001Qy000029n5b0IAA","","012Qy00000BACRNIA5","","","","","","","IN","229b Baker st. before update trigger","","","","","","","2026-06-16T18:35:23.000Z","Test","","0.0","","","Other","","https://test0071.example.com",""
"","","","820000.0","Chicago","USA","","","","72","IN","0072 Main Street","Pending","005Qy00001Cft9BIAR","2026-06-16T18:35:21.000Z","","","1","","","","001Qy000029n5b1IAA","Finance","false","","","","005Qy00001Cft9BIAR","2026-06-16T18:35:23.000Z","","","","","","82","","","005Qy00001Cft9BIAR","","","(555) 100-0072","/services/images/photo/001Qy000029n5b1IAA","","012Qy00000BACRNIA5","","","","","","","IN","229b Baker st. before update trigger","","","","","","","2026-06-16T18:35:23.000Z","Test","","0.0","","","Prospect","","https://test0072.example.com",""
"","","","830000.0","Los Angeles","USA","","","","73","IN","0073 Main Street","Pending","005Qy00001Cft9BIAR","2026-06-16T18:35:21.000Z","","","1","","","","001Qy000029n5b2IAA","Manufacturing","false","","","","005Qy00001Cft9BIAR","2026-06-16T18:35:23.000Z","","","","","","83","","","005Qy00001Cft9BIAR","","","(555) 100-0073","/services/images/photo/001Qy000029n5b2IAA","","012Qy00000BACRNIA5","","","","","","","IN","229b Baker st. before update trigger","","","","","","","2026-06-16T18:35:23.000Z","Test","","0.0","","","Customer","","https://test0073.example.com",""
"","","","840000.0","Houston","USA","","","","74","IN","0074 Main Street","Pending","005Qy00001Cft9BIAR","2026-06-16T18:35:21.000Z","","","1","","","","001Qy000029n5b3IAA","Retail","false","","","","005Qy00001Cft9BIAR","2026-06-16T18:35:23.000Z","","","","","","84","","","005Qy00001Cft9BIAR","","","(555) 100-0074","/services/images/photo/001Qy000029n5b3IAA","","012Qy00000BACRNIA5","","","","","","","IN","229b Baker st. before update trigger","","","","","","","2026-06-16T18:35:23.000Z","Test","","0.0","","","Partner","","https://test0074.example.com",""
"","","","850000.0","Boston","USA","","","","75","IN","0075 Main Street","Pending","005Qy00001Cft9BIAR","2026-06-16T18:35:21.000Z","","","1","","","","001Qy000029n5b4IAA","Education","false","","","","005Qy00001Cft9BIAR","2026-06-16T18:35:23.000Z","","","","","","85","","","005Qy00001Cft9BIAR","","","(555) 100-0075","/services/images/photo/001Qy000029n5b4IAA","","012Qy00000BACRNIA5","","","","","","","IN","229b Baker st. before update trigger","","","","","","","2026-06-16T18:35:23.000Z","Test","","0.0","","","Other","","https://test0075.example.com",""
"","","","860000.0","Seattle","USA","","","","76","IN","0076 Main Street","Pending","005Qy00001Cft9BIAR","2026-06-16T18:35:21.000Z","","","1","","","","001Qy000029n5b5IAA","Energy","false","","","","005Qy00001Cft9BIAR","2026-06-16T18:35:23.000Z","","","","","","86","","","005Qy00001Cft9BIAR","","","(555) 100-0076","/services/images/photo/001Qy000029n5b5IAA","","012Qy00000BACRNIA5","","","","","","","IN","229b Baker st. before update trigger","","","","","","","2026-06-16T18:35:23.000Z","Test","","0.0","","","Prospect","","https://test0076.example.com",""
"","","","870000.0","Denver","USA","","","","77","IN","0077 Main Street","Pending","005Qy00001Cft9BIAR","2026-06-16T18:35:21.000Z","","","1","","","","001Qy000029n5b6IAA","Media","false","","","","005Qy00001Cft9BIAR","2026-06-16T18:35:23.000Z","","","","","","87","","","005Qy00001Cft9BIAR","","","(555) 100-0077","/services/images/photo/001Qy000029n5b6IAA","","012Qy00000BACRNIA5","","","","","","","IN","229b Baker st. before update trigger","","","","","","","2026-06-16T18:35:23.000Z","Test","","0.0","","","Customer","","https://test0077.example.com",""
"","","","880000.0","Austin","USA","","","","78","IN","0078 Main Street","Pending","005Qy00001Cft9BIAR","2026-06-16T18:35:21.000Z","","","1","","","","001Qy000029n5b7IAA","Government","false","","","","005Qy00001Cft9BIAR","2026-06-16T18:35:23.000Z","","","","","","88","","","005Qy00001Cft9BIAR","","","(555) 100-0078","/services/images/photo/001Qy000029n5b7IAA","","012Qy00000BACRNIA5","","","","","","","IN","229b Baker st. before update trigger","","","","","","","2026-06-16T18:35:23.000Z","Test","","0.0","","","Partner","","https://test0078.example.com",""
"","","","890000.0","Atlanta","USA","","","","79","IN","0079 Main Street","Pending","005Qy00001Cft9BIAR","2026-06-16T18:35:21.000Z","","","1","","","","001Qy000029n5b8IAA","Nonprofit","false","","","","005Qy00001Cft9BIAR","2026-06-16T18:35:23.000Z","","","","","","89","","","005Qy00001Cft9BIAR","","","(555) 100-0079","/services/images/photo/001Qy000029n5b8IAA","","012Qy00000BACRNIA5","","","","","","","IN","229b Baker st. before update trigger","","","","","","","2026-06-16T18:35:23.000Z","Test","","0.0","","","Other","","https://test0079.example.com",""
"","","","900000.0","San Francisco","USA","","","","80","IN","0080 Main Street","Pending","005Qy00001Cft9BIAR","2026-06-16T18:35:21.000Z","","","1","","","","001Qy000029n5b9IAA","Technology","false","","","","005Qy00001Cft9BIAR","2026-06-16T18:35:23.000Z","","","","","","90","","","005Qy00001Cft9BIAR","","","(555) 100-0080","/services/images/photo/001Qy000029n5b9IAA","","012Qy00000BACRNIA5","","","","","","","IN","229b Baker st. before update trigger","","","","","","","2026-06-16T18:35:23.000Z","Test","","0.0","","","Prospect","","https://test0080.example.com",""
"","","","910000.0","New York","USA","","","","81","IN","0081 Main Street","Pending","005Qy00001Cft9BIAR","2026-06-16T18:35:21.000Z","","","1","","","","001Qy000029n5bAIAQ","Healthcare","false","","","","005Qy00001Cft9BIAR","2026-06-16T18:35:23.000Z","","","","","","91","","","005Qy00001Cft9BIAR","","","(555) 100-0081","/services/images/photo/001Qy000029n5bAIAQ","","012Qy00000BACRNIA5","","","","","","","IN","229b Baker st. before update trigger","","","","","","","2026-06-16T18:35:23.000Z","Test","","0.0","","","Customer","","https://test0081.example.com",""
"","","","920000.0","Chicago","USA","","","","82","IN","0082 Main Street","Pending","005Qy00001Cft9BIAR","2026-06-16T18:35:21.000Z","","","1","","","","001Qy000029n5bBIAQ","Finance","false","","","","005Qy00001Cft9BIAR","2026-06-16T18:35:23.000Z","","","","","","92","","","005Qy00001Cft9BIAR","","","(555) 100-0082","/services/images/photo/001Qy000029n5bBIAQ","","012Qy00000BACRNIA5","","","","","","","IN","229b Baker st. before update trigger","","","","","","","2026-06-16T18:35:23.000Z","Test","","0.0","","","Partner","","https://test0082.example.com",""
"","","","930000.0","Los Angeles","USA","","","","83","IN","0083 Main Street","Pending","005Qy00001Cft9BIAR","2026-06-16T18:35:21.000Z","","","1","","","","001Qy000029n5bCIAQ","Manufacturing","false","","","","005Qy00001Cft9BIAR","2026-06-16T18:35:23.000Z","","","","","","93","","","005Qy00001Cft9BIAR","","","(555) 100-0083","/services/images/photo/001Qy000029n5bCIAQ","","012Qy00000BACRNIA5","","","","","","","IN","229b Baker st. before update trigger","","","","","","","2026-06-16T18:35:23.000Z","Test","","0.0","","","Other","","https://test0083.example.com",""
"","","","940000.0","Houston","USA","","","","84","IN","0084 Main Street","Pending","005Qy00001Cft9BIAR","2026-06-16T18:35:21.000Z","","","1","","","","001Qy000029n5bDIAQ","Retail","false","","","","005Qy00001Cft9BIAR","2026-06-16T18:35:23.000Z","","","","","","94","","","005Qy00001Cft9BIAR","","","(555) 100-0084","/services/images/photo/001Qy000029n5bDIAQ","","012Qy00000BACRNIA5","","","","","","","IN","229b Baker st. before update trigger","","","","","","","2026-06-16T18:35:23.000Z","Test","","0.0","","","Prospect","","https://test0084.example.com",""
"","","","950000.0","Boston","USA","","","","85","IN","0085 Main Street","Pending","005Qy00001Cft9BIAR","2026-06-16T18:35:21.000Z","","","1","","","","001Qy000029n5bEIAQ","Education","false","","","","005Qy00001Cft9BIAR","2026-06-16T18:35:23.000Z","","","","","","95","","","005Qy00001Cft9BIAR","","","(555) 100-0085","/services/images/photo/001Qy000029n5bEIAQ","","012Qy00000BACRNIA5","","","","","","","IN","229b Baker st. before update trigger","","","","","","","2026-06-16T18:35:23.000Z","Test","","0.0","","","Customer","","https://test0085.example.com",""
"","","","960000.0","Seattle","USA","","","","86","IN","0086 Main Street","Pending","005Qy00001Cft9BIAR","2026-06-16T18:35:21.000Z","","","1","","","","001Qy000029n5bFIAQ","Energy","false","","","","005Qy00001Cft9BIAR","2026-06-16T18:35:23.000Z","","","","","","96","","","005Qy00001Cft9BIAR","","","(555) 100-0086","/services/images/photo/001Qy000029n5bFIAQ","","012Qy00000BACRNIA5","","","","","","","IN","229b Baker st. before update trigger","","","","","","","2026-06-16T18:35:23.000Z","Test","","0.0","","","Partner","","https://test0086.example.com",""
"","","","970000.0","Denver","USA","","","","87","IN","0087 Main Street","Pending","005Qy00001Cft9BIAR","2026-06-16T18:35:21.000Z","","","1","","","","001Qy000029n5bGIAQ","Media","false","","","","005Qy00001Cft9BIAR","2026-06-16T18:35:23.000Z","","","","","","97","","","005Qy00001Cft9BIAR","","","(555) 100-0087","/services/images/photo/001Qy000029n5bGIAQ","","012Qy00000BACRNIA5","","","","","","","IN","229b Baker st. before update trigger","","","","","","","2026-06-16T18:35:23.000Z","Test","","0.0","","","Other","","https://test0087.example.com",""
"","","","980000.0","Austin","USA","","","","88","IN","0088 Main Street","Pending","005Qy00001Cft9BIAR","2026-06-16T18:35:21.000Z","","","1","","","","001Qy000029n5bHIAQ","Government","false","","","","005Qy00001Cft9BIAR","2026-06-16T18:35:23.000Z","","","","","","98","","","005Qy00001Cft9BIAR","","","(555) 100-0088","/services/images/photo/001Qy000029n5bHIAQ","","012Qy00000BACRNIA5","","","","","","","IN","229b Baker st. before update trigger","","","","","","","2026-06-16T18:35:23.000Z","Test","","0.0","","","Prospect","","https://test0088.example.com",""
"","","","990000.0","Atlanta","USA","","","","89","IN","0089 Main Street","Pending","005Qy00001Cft9BIAR","2026-06-16T18:35:21.000Z","","","1","","","","001Qy000029n5bIIAQ","Nonprofit","false","","","","005Qy00001Cft9BIAR","2026-06-16T18:35:23.000Z","","","","","","99","","","005Qy00001Cft9BIAR","","","(555) 100-0089","/services/images/photo/001Qy000029n5bIIAQ","","012Qy00000BACRNIA5","","","","","","","IN","229b Baker st. before update trigger","","","","","","","2026-06-16T18:35:23.000Z","Test","","0.0","","","Customer","","https://test0089.example.com",""
"","","","1000000.0","San Francisco","USA","","","","90","IN","0090 Main Street","Pending","005Qy00001Cft9BIAR","2026-06-16T18:35:21.000Z","","","1","","","","001Qy000029n5bJIAQ","Technology","false","","","","005Qy00001Cft9BIAR","2026-06-16T18:35:23.000Z","","","","","","100","","","005Qy00001Cft9BIAR","","","(555) 100-0090","/services/images/photo/001Qy000029n5bJIAQ","","012Qy00000BACRNIA5","","","","","","","IN","229b Baker st. before update trigger","","","","","","","2026-06-16T18:35:23.000Z","Test","","0.0","","","Partner","","https://test0090.example.com",""
"","","","1010000.0","New York","USA","","","","91","IN","0091 Main Street","Pending","005Qy00001Cft9BIAR","2026-06-16T18:35:21.000Z","","","1","","","","001Qy000029n5bKIAQ","Healthcare","false","","","","005Qy00001Cft9BIAR","2026-06-16T18:35:23.000Z","","","","","","101","","","005Qy00001Cft9BIAR","","","(555) 100-0091","/services/images/photo/001Qy000029n5bKIAQ","","012Qy00000BACRNIA5","","","","","","","IN","229b Baker st. before update trigger","","","","","","","2026-06-16T18:35:23.000Z","Test","","0.0","","","Other","","https://test0091.example.com",""
"","","","1020000.0","Chicago","USA","","","","92","IN","0092 Main Street","Pending","005Qy00001Cft9BIAR","2026-06-16T18:35:21.000Z","","","1","","","","001Qy000029n5bLIAQ","Finance","false","","","","005Qy00001Cft9BIAR","2026-06-16T18:35:23.000Z","","","","","","102","","","005Qy00001Cft9BIAR","","","(555) 100-0092","/services/images/photo/001Qy000029n5bLIAQ","","012Qy00000BACRNIA5","","","","","","","IN","229b Baker st. before update trigger","","","","","","","2026-06-16T18:35:23.000Z","Test","","0.0","","","Prospect","","https://test0092.example.com",""
"","","","1030000.0","Los Angeles","USA","","","","93","IN","0093 Main Street","Pending","005Qy00001Cft9BIAR","2026-06-16T18:35:21.000Z","","","1","","","","001Qy000029n5bMIAQ","Manufacturing","false","","","","005Qy00001Cft9BIAR","2026-06-16T18:35:23.000Z","","","","","","103","","","005Qy00001Cft9BIAR","","","(555) 100-0093","/services/images/photo/001Qy000029n5bMIAQ","","012Qy00000BACRNIA5","","","","","","","IN","229b Baker st. before update trigger","","","","","","","2026-06-16T18:35:23.000Z","Test","","0.0","","","Customer","","https://test0093.example.com",""
"","","","1040000.0","Houston","USA","","","","94","IN","0094 Main Street","Pending","005Qy00001Cft9BIAR","2026-06-16T18:35:21.000Z","","","1","","","","001Qy000029n5bNIAQ","Retail","false","","","","005Qy00001Cft9BIAR","2026-06-16T18:35:23.000Z","","","","","","104","","","005Qy00001Cft9BIAR","","","(555) 100-0094","/services/images/photo/001Qy000029n5bNIAQ","","012Qy00000BACRNIA5","","","","","","","IN","229b Baker st. before update trigger","","","","","","","2026-06-16T18:35:23.000Z","Test","","0.0","","","Partner","","https://test0094.example.com",""
"","","","1050000.0","Boston","USA","","","","95","IN","0095 Main Street","Pending","005Qy00001Cft9BIAR","2026-06-16T18:35:21.000Z","","","1","","","","001Qy000029n5bOIAQ","Education","false","","","","005Qy00001Cft9BIAR","2026-06-16T18:35:23.000Z","","","","","","105","","","005Qy00001Cft9BIAR","","","(555) 100-0095","/services/images/photo/001Qy000029n5bOIAQ","","012Qy00000BACRNIA5","","","","","","","IN","229b Baker st. before update trigger","","","","","","","2026-06-16T18:35:23.000Z","Test","","0.0","","","Other","","https://test0095.example.com",""
"","","","1060000.0","Seattle","USA","","","","96","IN","0096 Main Street","Pending","005Qy00001Cft9BIAR","2026-06-16T18:35:21.000Z","","","1","","","","001Qy000029n5bPIAQ","Energy","false","","","","005Qy00001Cft9BIAR","2026-06-16T18:35:23.000Z","","","","","","106","","","005Qy00001Cft9BIAR","","","(555) 100-0096","/services/images/photo/001Qy000029n5bPIAQ","","012Qy00000BACRNIA5","","","","","","","IN","229b Baker st. before update trigger","","","","","","","2026-06-16T18:35:23.000Z","Test","","0.0","","","Prospect","","https://test0096.example.com",""
"","","","1070000.0","Denver","USA","","","","97","IN","0097 Main Street","Pending","005Qy00001Cft9BIAR","2026-06-16T18:35:21.000Z","","","1","","","","001Qy000029n5bQIAQ","Media","false","","","","005Qy00001Cft9BIAR","2026-06-16T18:35:23.000Z","","","","","","107","","","005Qy00001Cft9BIAR","","","(555) 100-0097","/services/images/photo/001Qy000029n5bQIAQ","","012Qy00000BACRNIA5","","","","","","","IN","229b Baker st. before update trigger","","","","","","","2026-06-16T18:35:23.000Z","Test","","0.0","","","Customer","","https://test0097.example.com",""
"","","","100000.0","San Francisco","USA","","","","0","IN","0000 Main Street","Pending","005Qy00001Cft9BIAR","2026-06-16T18:33:23.000Z","","","1","","","","001Qy000029n9tfIAA","Technology","false","","","","005Qy00001Cft9BIAR","2026-06-16T18:33:26.000Z","","","","","","10","","","005Qy00001Cft9BIAR","","","(555) 100-0000","/services/images/photo/001Qy000029n9tfIAA","","012Qy00000BACRNIA5","","","","","","","IN","229b Baker st. before update trigger","","","","","","","2026-06-16T18:33:26.000Z","Test","","0.0","","","Prospect","","https://test0000.example.com",""
"","","","110000.0","New York","USA","","","","1","IN","0001 Main Street","Pending","005Qy00001Cft9BIAR","2026-06-16T18:33:23.000Z","","","1","","","","001Qy000029n9tgIAA","Healthcare","false","","","","005Qy00001Cft9BIAR","2026-06-16T18:33:26.000Z","","","","","","11","","","005Qy00001Cft9BIAR","","","(555) 100-0001","/services/images/photo/001Qy000029n9tgIAA","","012Qy00000BACRNIA5","","","","","","","IN","229b Baker st. before update trigger","","","","","","","2026-06-16T18:33:26.000Z","Test","","0.0","","","Customer","","https://test0001.example.com",""
"","","","120000.0","Chicago","USA","","","","2","IN","0002 Main Street","Pending","005Qy00001Cft9BIAR","2026-06-16T18:33:23.000Z","","","1","","","","001Qy000029n9thIAA","Finance","false","","","","005Qy00001Cft9BIAR","2026-06-16T18:33:26.000Z","","","","","","12","","","005Qy00001Cft9BIAR","","","(555) 100-0002","/services/images/photo/001Qy000029n9thIAA","","012Qy00000BACRNIA5","","","","","","","IN","229b Baker st. before update trigger","","","","","","","2026-06-16T18:33:26.000Z","Test","","0.0","","","Partner","","https://test0002.example.com",""
"","","","130000.0","Los Angeles","USA","","","","3","IN","0003 Main Street","Pending","005Qy00001Cft9BIAR","2026-06-16T18:33:23.000Z","","","1","","","","001Qy000029n9tiIAA","Manufacturing","false","","","","005Qy00001Cft9BIAR","2026-06-16T18:33:26.000Z","","","","","","13","","","005Qy00001Cft9BIAR","","","(555) 100-0003","/services/images/photo/001Qy000029n9tiIAA","","012Qy00000BACRNIA5","","","","","","","IN","229b Baker st. before update trigger","","","","","","","2026-06-16T18:33:26.000Z","Test","","0.0","","","Other","","https://test0003.example.com",""
"","","","140000.0","Houston","USA","","","","4","IN","0004 Main Street","Pending","005Qy00001Cft9BIAR","2026-06-16T18:33:23.000Z","","","1","","","","001Qy000029n9tjIAA","Retail","false","","","","005Qy00001Cft9BIAR","2026-06-16T18:33:26.000Z","","","","","","14","","","005Qy00001Cft9BIAR","","","(555) 100-0004","/services/images/photo/001Qy000029n9tjIAA","","012Qy00000BACRNIA5","","","","","","","IN","229b Baker st. before update trigger","","","","","","","2026-06-16T18:33:26.000Z","Test","","0.0","","","Prospect","","https://test0004.example.com",""
"","","","150000.0","Boston","USA","","","","5","IN","0005 Main Street","Pending","005Qy00001Cft9BIAR","2026-06-16T18:33:23.000Z","","","1","","","","001Qy000029n9tkIAA","Education","false","","","","005Qy00001Cft9BIAR","2026-06-16T18:33:26.000Z","","","","","","15","","","005Qy00001Cft9BIAR","","","(555) 100-0005","/services/images/photo/001Qy000029n9tkIAA","","012Qy00000BACRNIA5","","","","","","","IN","229b Baker st. before update trigger","","","","","","","2026-06-16T18:33:26.000Z","Test","","0.0","","","Customer","","https://test0005.example.com",""
"","","","160000.0","Seattle","USA","","","","6","IN","0006 Main Street","Pending","005Qy00001Cft9BIAR","2026-06-16T18:33:23.000Z","","","1","","","","001Qy000029n9tlIAA","Energy","false","","","","005Qy00001Cft9BIAR","2026-06-16T18:33:26.000Z","","","","","","16","","","005Qy00001Cft9BIAR","","","(555) 100-0006","/services/images/photo/001Qy000029n9tlIAA","","012Qy00000BACRNIA5","","","","","","","IN","229b Baker st. before update trigger","","","","","","","2026-06-16T18:33:26.000Z","Test","","0.0","","","Partner","","https://test0006.example.com",""
"","","","170000.0","Denver","USA","","","","7","IN","0007 Main Street","Pending","005Qy00001Cft9BIAR","2026-06-16T18:33:23.000Z","","","1","","","","001Qy000029n9tmIAA","Media","false","","","","005Qy00001Cft9BIAR","2026-06-16T18:33:26.000Z","","","","","","17","","","005Qy00001Cft9BIAR","","","(555) 100-0007","/services/images/photo/001Qy000029n9tmIAA","","012Qy00000BACRNIA5","","","","","","","IN","229b Baker st. before update trigger","","","","","","","2026-06-16T18:33:26.000Z","Test","","0.0","","","Other","","https://test0007.example.com",""
"","","","180000.0","Austin","USA","","","","8","IN","0008 Main Street","Pending","005Qy00001Cft9BIAR","2026-06-16T18:33:23.000Z","","","1","","","","001Qy000029n9tnIAA","Government","false","","","","005Qy00001Cft9BIAR","2026-06-16T18:33:26.000Z","","","","","","18","","","005Qy00001Cft9BIAR","","","(555) 100-0008","/services/images/photo/001Qy000029n9tnIAA","","012Qy00000BACRNIA5","","","","","","","IN","229b Baker st. before update trigger","","","","","","","2026-06-16T18:33:26.000Z","Test","","0.0","","","Prospect","","https://test0008.example.com",""
"","","","190000.0","Atlanta","USA","","","","9","IN","0009 Main Street","Pending","005Qy00001Cft9BIAR","2026-06-16T18:33:23.000Z","","","1","","","","001Qy000029n9toIAA","Nonprofit","false","","","","005Qy00001Cft9BIAR","2026-06-16T18:33:26.000Z","","","","","","19","","","005Qy00001Cft9BIAR","","","(555) 100-0009","/services/images/photo/001Qy000029n9toIAA","","012Qy00000BACRNIA5","","","","","","","IN","229b Baker st. before update trigger","","","","","","","2026-06-16T18:33:26.000Z","Test","","0.0","","","Customer","","https://test0009.example.com",""
"","","","200000.0","San Francisco","USA","","","","10","IN","0010 Main Street","Pending","005Qy00001Cft9BIAR","2026-06-16T18:33:23.000Z","","","1","","","","001Qy000029n9tpIAA","Technology","false","","","","005Qy00001Cft9BIAR","2026-06-16T18:33:26.000Z","","","","","","20","","","005Qy00001Cft9BIAR","","","(555) 100-0010","/services/images/photo/001Qy000029n9tpIAA","","012Qy00000BACRNIA5","","","","","","","IN","229b Baker st. before update trigger","","","","","","","2026-06-16T18:33:26.000Z","Test","","0.0","","","Partner","","https://test0010.example.com",""
"","","","210000.0","New York","USA","","","","11","IN","0011 Main Street","Pending","005Qy00001Cft9BIAR","2026-06-16T18:33:23.000Z","","","1","","","","001Qy000029n9tqIAA","Healthcare","false","","","","005Qy00001Cft9BIAR","2026-06-16T18:33:26.000Z","","","","","","21","","","005Qy00001Cft9BIAR","","","(555) 100-0011","/services/images/photo/001Qy000029n9tqIAA","","012Qy00000BACRNIA5","","","","","","","IN","229b Baker st. before update trigger","","","","","","","2026-06-16T18:33:26.000Z","Test","","0.0","","","Other","","https://test0011.example.com",""
"","","","220000.0","Chicago","USA","","","","12","IN","0012 Main Street","Pending","005Qy00001Cft9BIAR","2026-06-16T18:33:23.000Z","","","1","","","","001Qy000029n9trIAA","Finance","false","","","","005Qy00001Cft9BIAR","2026-06-16T18:33:26.000Z","","","","","","22","","","005Qy00001Cft9BIAR","","","(555) 100-0012","/services/images/photo/001Qy000029n9trIAA","","012Qy00000BACRNIA5","","","","","","","IN","229b Baker st. before update trigger","","","","","","","2026-06-16T18:33:26.000Z","Test","","0.0","","","Prospect","","https://test0012.example.com",""
"","","","230000.0","Los Angeles","USA","","","","13","IN","0013 Main Street","Pending","005Qy00001Cft9BIAR","2026-06-16T18:33:23.000Z","","","1","","","","001Qy000029n9tsIAA","Manufacturing","false","","","","005Qy00001Cft9BIAR","2026-06-16T18:33:26.000Z","","","","","","23","","","005Qy00001Cft9BIAR","","","(555) 100-0013","/services/images/photo/001Qy000029n9tsIAA","","012Qy00000BACRNIA5","","","","","","","IN","229b Baker st. before update trigger","","","","","","","2026-06-16T18:33:26.000Z","Test","","0.0","","","Customer","","https://test0013.example.com",""
"","","","240000.0","Houston","USA","","","","14","IN","0014 Main Street","Pending","005Qy00001Cft9BIAR","2026-06-16T18:33:23.000Z","","","1","","","","001Qy000029n9ttIAA","Retail","false","","","","005Qy00001Cft9BIAR","2026-06-16T18:33:26.000Z","","","","","","24","","","005Qy00001Cft9BIAR","","","(555) 100-0014","/services/images/photo/001Qy000029n9ttIAA","","012Qy00000BACRNIA5","","","","","","","IN","229b Baker st. before update trigger","","","","","","","2026-06-16T18:33:26.000Z","Test","","0.0","","","Partner","","https://test0014.example.com",""
"","","","250000.0","Boston","USA","","","","15","IN","0015 Main Street","Pending","005Qy00001Cft9BIAR","2026-06-16T18:33:23.000Z","","","1","","","","001Qy000029n9tuIAA","Education","false","","","","005Qy00001Cft9BIAR","2026-06-16T18:33:26.000Z","","","","","","25","","","005Qy00001Cft9BIAR","","","(555) 100-0015","/services/images/photo/001Qy000029n9tuIAA","","012Qy00000BACRNIA5","","","","","","","IN","229b Baker st. before update trigger","","","","","","","2026-06-16T18:33:26.000Z","Test","","0.0","","","Other","","https://test0015.example.com",""
"","","","260000.0","Seattle","USA","","","","16","IN","0016 Main Street","Pending","005Qy00001Cft9BIAR","2026-06-16T18:33:23.000Z","","","1","","","","001Qy000029n9tvIAA","Energy","false","","","","005Qy00001Cft9BIAR","2026-06-16T18:33:26.000Z","","","","","","26","","","005Qy00001Cft9BIAR","","","(555) 100-0016","/services/images/photo/001Qy000029n9tvIAA","","012Qy00000BACRNIA5","","","","","","","IN","229b Baker st. before update trigger","","","","","","","2026-06-16T18:33:26.000Z","Test","","0.0","","","Prospect","","https://test0016.example.com",""
"","","","270000.0","Denver","USA","","","","17","IN","0017 Main Street","Pending","005Qy00001Cft9BIAR","2026-06-16T18:33:23.000Z","","","1","","","","001Qy000029n9twIAA","Media","false","","","","005Qy00001Cft9BIAR","2026-06-16T18:33:26.000Z","","","","","","27","","","005Qy00001Cft9BIAR","","","(555) 100-0017","/services/images/photo/001Qy000029n9twIAA","","012Qy00000BACRNIA5","","","","","","","IN","229b Baker st. before update trigger","","","","","","","2026-06-16T18:33:26.000Z","Test","","0.0","","","Customer","","https://test0017.example.com",""
"","","","280000.0","Austin","USA","","","","18","IN","0018 Main Street","Pending","005Qy00001Cft9BIAR","2026-06-16T18:33:23.000Z","","","1","","","","001Qy000029n9txIAA","Government","false","","","","005Qy00001Cft9BIAR","2026-06-16T18:33:26.000Z","","","","","","28","","","005Qy00001Cft9BIAR","","","(555) 100-0018","/services/images/photo/001Qy000029n9txIAA","","012Qy00000BACRNIA5","","","","","","","IN","229b Baker st. before update trigger","","","","","","","2026-06-16T18:33:26.000Z","Test","","0.0","","","Partner","","https://test0018.example.com",""
"","","","290000.0","Atlanta","USA","","","","19","IN","0019 Main Street","Pending","005Qy00001Cft9BIAR","2026-06-16T18:33:23.000Z","","","1","","","","001Qy000029n9tyIAA","Nonprofit","false","","","","005Qy00001Cft9BIAR","2026-06-16T18:33:26.000Z","","","","","","29","","","005Qy00001Cft9BIAR","","","(555) 100-0019","/services/images/photo/001Qy000029n9tyIAA","","012Qy00000BACRNIA5","","","","","","","IN","229b Baker st. before update trigger","","","","","","","2026-06-16T18:33:26.000Z","Test","","0.0","","","Other","","https://test0019.example.com",""
"","","","300000.0","San Francisco","USA","","","","20","IN","0020 Main Street","Pending","005Qy00001Cft9BIAR","2026-06-16T18:33:23.000Z","","","1","","","","001Qy000029n9tzIAA","Technology","false","","","","005Qy00001Cft9BIAR","2026-06-16T18:33:26.000Z","","","","","","30","","","005Qy00001Cft9BIAR","","","(555) 100-0020","/services/images/photo/001Qy000029n9tzIAA","","012Qy00000BACRNIA5","","","","","","","IN","229b Baker st. before update trigger","","","","","","","2026-06-16T18:33:26.000Z","Test","","0.0","","","Prospect","","https://test0020.example.com",""
"","","","310000.0","New York","USA","","","","21","IN","0021 Main Street","Pending","005Qy00001Cft9BIAR","2026-06-16T18:33:23.000Z","","","1","","","","001Qy000029n9u0IAA","Healthcare","false","","","","005Qy00001Cft9BIAR","2026-06-16T18:33:26.000Z","","","","","","31","","","005Qy00001Cft9BIAR","","","(555) 100-0021","/services/images/photo/001Qy000029n9u0IAA","","012Qy00000BACRNIA5","","","","","","","IN","229b Baker st. before update trigger","","","","","","","2026-06-16T18:33:26.000Z","Test","","0.0","","","Customer","","https://test0021.example.com",""
"","","","320000.0","Chicago","USA","","","","22","IN","0022 Main Street","Pending","005Qy00001Cft9BIAR","2026-06-16T18:33:23.000Z","","","1","","","","001Qy000029n9u1IAA","Finance","false","","","","005Qy00001Cft9BIAR","2026-06-16T18:33:26.000Z","","","","","","32","","","005Qy00001Cft9BIAR","","","(555) 100-0022","/services/images/photo/001Qy000029n9u1IAA","","012Qy00000BACRNIA5","","","","","","","IN","229b Baker st. before update trigger","","","","","","","2026-06-16T18:33:26.000Z","Test","","0.0","","","Partner","","https://test0022.example.com",""
"","","","330000.0","Los Angeles","USA","","","","23","IN","0023 Main Street","Pending","005Qy00001Cft9BIAR","2026-06-16T18:33:23.000Z","","","1","","","","001Qy000029n9u2IAA","Manufacturing","false","","","","005Qy00001Cft9BIAR","2026-06-16T18:33:26.000Z","","","","","","33","","","005Qy00001Cft9BIAR","","","(555) 100-0023","/services/images/photo/001Qy000029n9u2IAA","","012Qy00000BACRNIA5","","","","","","","IN","229b Baker st. before update trigger","","","","","","","2026-06-16T18:33:26.000Z","Test","","0.0","","","Other","","https://test0023.example.com",""
"","","","340000.0","Houston","USA","","","","24","IN","0024 Main Street","Pending","005Qy00001Cft9BIAR","2026-06-16T18:33:23.000Z","","","1","","","","001Qy000029n9u3IAA","Retail","false","","","","005Qy00001Cft9BIAR","2026-06-16T18:33:26.000Z","","","","","","34","","","005Qy00001Cft9BIAR","","","(555) 100-0024","/services/images/photo/001Qy000029n9u3IAA","","012Qy00000BACRNIA5","","","","","","","IN","229b Baker st. before update trigger","","","","","","","2026-06-16T18:33:26.000Z","Test","","0.0","","","Prospect","","https://test0024.example.com",""
"","","","350000.0","Boston","USA","","","","25","IN","0025 Main Street","Pending","005Qy00001Cft9BIAR","2026-06-16T18:33:23.000Z","","","1","","","","001Qy000029n9u4IAA","Education","false","","","","005Qy00001Cft9BIAR","2026-06-16T18:33:26.000Z","","","","","","35","","","005Qy00001Cft9BIAR","","","(555) 100-0025","/services/images/photo/001Qy000029n9u4IAA","","012Qy00000BACRNIA5","","","","","","","IN","229b Baker st. before update trigger","","","","","","","2026-06-16T18:33:26.000Z","Test","","0.0","","","Customer","","https://test0025.example.com",""
"","","","360000.0","Seattle","USA","","","","26","IN","0026 Main Street","Pending","005Qy00001Cft9BIAR","2026-06-16T18:33:23.000Z","","","1","","","","001Qy000029n9u5IAA","Energy","false","","","","005Qy00001Cft9BIAR","2026-06-16T18:33:26.000Z","","","","","","36","","","005Qy00001Cft9BIAR","","","(555) 100-0026","/services/images/photo/001Qy000029n9u5IAA","","012Qy00000BACRNIA5","","","","","","","IN","229b Baker st. before update trigger","","","","","","","2026-06-16T18:33:26.000Z","Test","","0.0","","","Partner","","https://test0026.example.com",""
"","","","370000.0","Denver","USA","","","","27","IN","0027 Main Street","Pending","005Qy00001Cft9BIAR","2026-06-16T18:33:23.000Z","","","1","","","","001Qy000029n9u6IAA","Media","false","","","","005Qy00001Cft9BIAR","2026-06-16T18:33:26.000Z","","","","","","37","","","005Qy00001Cft9BIAR","","","(555) 100-0027","/services/images/photo/001Qy000029n9u6IAA","","012Qy00000BACRNIA5","","","","","","","IN","229b Baker st. before update trigger","","","","","","","2026-06-16T18:33:26.000Z","Test","","0.0","","","Other","","https://test0027.example.com",""
"","","","380000.0","Austin","USA","","","","28","IN","0028 Main Street","Pending","005Qy00001Cft9BIAR","2026-06-16T18:33:23.000Z","","","1","","","","001Qy000029n9u7IAA","Government","false","","","","005Qy00001Cft9BIAR","2026-06-16T18:33:26.000Z","","","","","","38","","","005Qy00001Cft9BIAR","","","(555) 100-0028","/services/images/photo/001Qy000029n9u7IAA","","012Qy00000BACRNIA5","","","","","","","IN","229b Baker st. before update trigger","","","","","","","2026-06-16T18:33:26.000Z","Test","","0.0","","","Prospect","","https://test0028.example.com",""
"","","","390000.0","Atlanta","USA","","","","29","IN","0029 Main Street","Pending","005Qy00001Cft9BIAR","2026-06-16T18:33:23.000Z","","","1","","","","001Qy000029n9u8IAA","Nonprofit","false","","","","005Qy00001Cft9BIAR","2026-06-16T18:33:26.000Z","","","","","","39","","","005Qy00001Cft9BIAR","","","(555) 100-0029","/services/images/photo/001Qy000029n9u8IAA","","012Qy00000BACRNIA5","","","","","","","IN","229b Baker st. before update trigger","","","","","","","2026-06-16T18:33:26.000Z","Test","","0.0","","","Customer","","https://test0029.example.com",""
"","","","400000.0","San Francisco","USA","","","","30","IN","0030 Main Street","Pending","005Qy00001Cft9BIAR","2026-06-16T18:33:23.000Z","","","1","","","","001Qy000029n9u9IAA","Technology","false","","","","005Qy00001Cft9BIAR","2026-06-16T18:33:26.000Z","","","","","","40","","","005Qy00001Cft9BIAR","","","(555) 100-0030","/services/images/photo/001Qy000029n9u9IAA","","012Qy00000BACRNIA5","","","","","","","IN","229b Baker st. before update trigger","","","","","","","2026-06-16T18:33:26.000Z","Test","","0.0","","","Partner","","https://test0030.example.com",""
"","","","410000.0","New York","USA","","","","31","IN","0031 Main Street","Pending","005Qy00001Cft9BIAR","2026-06-16T18:33:23.000Z","","","1","","","","001Qy000029n9uAIAQ","Healthcare","false","","","","005Qy00001Cft9BIAR","2026-06-16T18:33:26.000Z","","","","","","41","","","005Qy00001Cft9BIAR","","","(555) 100-0031","/services/images/photo/001Qy000029n9uAIAQ","","012Qy00000BACRNIA5","","","","","","","IN","229b Baker st. before update trigger","","","","","","","2026-06-16T18:33:26.000Z","Test","","0.0","","","Other","","https://test0031.example.com",""
"","","","420000.0","Chicago","USA","","","","32","IN","0032 Main Street","Pending","005Qy00001Cft9BIAR","2026-06-16T18:33:23.000Z","","","1","","","","001Qy000029n9uBIAQ","Finance","false","","","","005Qy00001Cft9BIAR","2026-06-16T18:33:26.000Z","","","","","","42","","","005Qy00001Cft9BIAR","","","(555) 100-0032","/services/images/photo/001Qy000029n9uBIAQ","","012Qy00000BACRNIA5","","","","","","","IN","229b Baker st. before update trigger","","","","","","","2026-06-16T18:33:26.000Z","Test","","0.0","","","Prospect","","https://test0032.example.com",""
"","","","430000.0","Los Angeles","USA","","","","33","IN","0033 Main Street","Pending","005Qy00001Cft9BIAR","2026-06-16T18:33:23.000Z","","","1","","","","001Qy000029n9uCIAQ","Manufacturing","false","","","","005Qy00001Cft9BIAR","2026-06-16T18:33:26.000Z","","","","","","43","","","005Qy00001Cft9BIAR","","","(555) 100-0033","/services/images/photo/001Qy000029n9uCIAQ","","012Qy00000BACRNIA5","","","","","","","IN","229b Baker st. before update trigger","","","","","","","2026-06-16T18:33:26.000Z","Test","","0.0","","","Customer","","https://test0033.example.com",""
"","","","440000.0","Houston","USA","","","","34","IN","0034 Main Street","Pending","005Qy00001Cft9BIAR","2026-06-16T18:33:23.000Z","","","1","","","","001Qy000029n9uDIAQ","Retail","false","","","","005Qy00001Cft9BIAR","2026-06-16T18:33:26.000Z","","","","","","44","","","005Qy00001Cft9BIAR","","","(555) 100-0034","/services/images/photo/001Qy000029n9uDIAQ","","012Qy00000BACRNIA5","","","","","","","IN","229b Baker st. before update trigger","","","","","","","2026-06-16T18:33:26.000Z","Test","","0.0","","","Partner","","https://test0034.example.com",""
"","","","450000.0","Boston","USA","","","","35","IN","0035 Main Street","Pending","005Qy00001Cft9BIAR","2026-06-16T18:33:23.000Z","","","1","","","","001Qy000029n9uEIAQ","Education","false","","","","005Qy00001Cft9BIAR","2026-06-16T18:33:26.000Z","","","","","","45","","","005Qy00001Cft9BIAR","","","(555) 100-0035","/services/images/photo/001Qy000029n9uEIAQ","","012Qy00000BACRNIA5","","","","","","","IN","229b Baker st. before update trigger","","","","","","","2026-06-16T18:33:26.000Z","Test","","0.0","","","Other","","https://test0035.example.com",""
"","","","460000.0","Seattle","USA","","","","36","IN","0036 Main Street","Pending","005Qy00001Cft9BIAR","2026-06-16T18:33:23.000Z","","","1","","","","001Qy000029n9uFIAQ","Energy","false","","","","005Qy00001Cft9BIAR","2026-06-16T18:33:26.000Z","","","","","","46","","","005Qy00001Cft9BIAR","","","(555) 100-0036","/services/images/photo/001Qy000029n9uFIAQ","","012Qy00000BACRNIA5","","","","","","","IN","229b Baker st. before update trigger","","","","","","","2026-06-16T18:33:26.000Z","Test","","0.0","","","Prospect","","https://test0036.example.com",""
"","","","470000.0","Denver","USA","","","","37","IN","0037 Main Street","Pending","005Qy00001Cft9BIAR","2026-06-16T18:33:23.000Z","","","1","","","","001Qy000029n9uGIAQ","Media","false","","","","005Qy00001Cft9BIAR","2026-06-16T18:33:26.000Z","","","","","","47","","","005Qy00001Cft9BIAR","","","(555) 100-0037","/services/images/photo/001Qy000029n9uGIAQ","","012Qy00000BACRNIA5","","","","","","","IN","229b Baker st. before update trigger","","","","","","","2026-06-16T18:33:26.000Z","Test","","0.0","","","Customer","","https://test0037.example.com",""
"","","","480000.0","Austin","USA","","","","38","IN","0038 Main Street","Pending","005Qy00001Cft9BIAR","2026-06-16T18:33:23.000Z","","","1","","","","001Qy000029n9uHIAQ","Government","false","","","","005Qy00001Cft9BIAR","2026-06-16T18:33:26.000Z","","","","","","48","","","005Qy00001Cft9BIAR","","","(555) 100-0038","/services/images/photo/001Qy000029n9uHIAQ","","012Qy00000BACRNIA5","","","","","","","IN","229b Baker st. before update trigger","","","","","","","2026-06-16T18:33:26.000Z","Test","","0.0","","","Partner","","https://test0038.example.com",""
"","","","490000.0","Atlanta","USA","","","","39","IN","0039 Main Street","Pending","005Qy00001Cft9BIAR","2026-06-16T18:33:23.000Z","","","1","","","","001Qy000029n9uIIAQ","Nonprofit","false","","","","005Qy00001Cft9BIAR","2026-06-16T18:33:26.000Z","","","","","","49","","","005Qy00001Cft9BIAR","","","(555) 100-0039","/services/images/photo/001Qy000029n9uIIAQ","","012Qy00000BACRNIA5","","","","","","","IN","229b Baker st. before update trigger","","","","","","","2026-06-16T18:33:26.000Z","Test","","0.0","","","Other","","https://test0039.example.com",""
"","","","500000.0","San Francisco","USA","","","","40","IN","0040 Main Street","Pending","005Qy00001Cft9BIAR","2026-06-16T18:33:23.000Z","","","1","","","","001Qy000029n9uJIAQ","Technology","false","","","","005Qy00001Cft9BIAR","2026-06-16T18:33:26.000Z","","","","","","50","","","005Qy00001Cft9BIAR","","","(555) 100-0040","/services/images/photo/001Qy000029n9uJIAQ","","012Qy00000BACRNIA5","","","","","","","IN","229b Baker st. before update trigger","","","","","","","2026-06-16T18:33:26.000Z","Test","","0.0","","","Prospect","","https://test0040.example.com",""
"","","","510000.0","New York","USA","","","","41","IN","0041 Main Street","Pending","005Qy00001Cft9BIAR","2026-06-16T18:33:23.000Z","","","1","","","","001Qy000029n9uKIAQ","Healthcare","false","","","","005Qy00001Cft9BIAR","2026-06-16T18:33:26.000Z","","","","","","51","","","005Qy00001Cft9BIAR","","","(555) 100-0041","/services/images/photo/001Qy000029n9uKIAQ","","012Qy00000BACRNIA5","","","","","","","IN","229b Baker st. before update trigger","","","","","","","2026-06-16T18:33:26.000Z","Test","","0.0","","","Customer","","https://test0041.example.com",""
"","","","520000.0","Chicago","USA","","","","42","IN","0042 Main Street","Pending","005Qy00001Cft9BIAR","2026-06-16T18:33:23.000Z","","","1","","","","001Qy000029n9uLIAQ","Finance","false","","","","005Qy00001Cft9BIAR","2026-06-16T18:33:26.000Z","","","","","","52","","","005Qy00001Cft9BIAR","","","(555) 100-0042","/services/images/photo/001Qy000029n9uLIAQ","","012Qy00000BACRNIA5","","","","","","","IN","229b Baker st. before update trigger","","","","","","","2026-06-16T18:33:26.000Z","Test","","0.0","","","Partner","","https://test0042.example.com",""
"","","","530000.0","Los Angeles","USA","","","","43","IN","0043 Main Street","Pending","005Qy00001Cft9BIAR","2026-06-16T18:33:23.000Z","","","1","","","","001Qy000029n9uMIAQ","Manufacturing","false","","","","005Qy00001Cft9BIAR","2026-06-16T18:33:26.000Z","","","","","","53","","","005Qy00001Cft9BIAR","","","(555) 100-0043","/services/images/photo/001Qy000029n9uMIAQ","","012Qy00000BACRNIA5","","","","","","","IN","229b Baker st. before update trigger","","","","","","","2026-06-16T18:33:26.000Z","Test","","0.0","","","Other","","https://test0043.example.com",""
"","","","540000.0","Houston","USA","","","","44","IN","0044 Main Street","Pending","005Qy00001Cft9BIAR","2026-06-16T18:33:23.000Z","","","1","","","","001Qy000029n9uNIAQ","Retail","false","","","","005Qy00001Cft9BIAR","2026-06-16T18:33:26.000Z","","","","","","54","","","005Qy00001Cft9BIAR","","","(555) 100-0044","/services/images/photo/001Qy000029n9uNIAQ","","012Qy00000BACRNIA5","","","","","","","IN","229b Baker st. before update trigger","","","","","","","2026-06-16T18:33:26.000Z","Test","","0.0","","","Prospect","","https://test0044.example.com",""
"","","","550000.0","Boston","USA","","","","45","IN","0045 Main Street","Pending","005Qy00001Cft9BIAR","2026-06-16T18:33:23.000Z","","","1","","","","001Qy000029n9uOIAQ","Education","false","","","","005Qy00001Cft9BIAR","2026-06-16T18:33:26.000Z","","","","","","55","","","005Qy00001Cft9BIAR","","","(555) 100-0045","/services/images/photo/001Qy000029n9uOIAQ","","012Qy00000BACRNIA5","","","","","","","IN","229b Baker st. before update trigger","","","","","","","2026-06-16T18:33:26.000Z","Test","","0.0","","","Customer","","https://test0045.example.com",""
"","","","560000.0","Seattle","USA","","","","46","IN","0046 Main Street","Pending","005Qy00001Cft9BIAR","2026-06-16T18:33:23.000Z","","","1","","","","001Qy000029n9uPIAQ","Energy","false","","","","005Qy00001Cft9BIAR","2026-06-16T18:33:26.000Z","","","","","","56","","","005Qy00001Cft9BIAR","","","(555) 100-0046","/services/images/photo/001Qy000029n9uPIAQ","","012Qy00000BACRNIA5","","","","","","","IN","229b Baker st. before update trigger","","","","","","","2026-06-16T18:33:26.000Z","Test","","0.0","","","Partner","","https://test0046.example.com",""
"","","","570000.0","Denver","USA","","","","47","IN","0047 Main Street","Pending","005Qy00001Cft9BIAR","2026-06-16T18:33:23.000Z","","","1","","","","001Qy000029n9uQIAQ","Media","false","","","","005Qy00001Cft9BIAR","2026-06-16T18:33:26.000Z","","","","","","57","","","005Qy00001Cft9BIAR","","","(555) 100-0047","/services/images/photo/001Qy000029n9uQIAQ","","012Qy00000BACRNIA5","","","","","","","IN","229b Baker st. before update trigger","","","","","","","2026-06-16T18:33:26.000Z","Test","","0.0","","","Other","","https://test0047.example.com",""
"","","","580000.0","Austin","USA","","","","48","IN","0048 Main Street","Pending","005Qy00001Cft9BIAR","2026-06-16T18:33:23.000Z","","","1","","","","001Qy000029n9uRIAQ","Government","false","","","","005Qy00001Cft9BIAR","2026-06-16T18:33:26.000Z","","","","","","58","","","005Qy00001Cft9BIAR","","","(555) 100-0048","/services/images/photo/001Qy000029n9uRIAQ","","012Qy00000BACRNIA5","","","","","","","IN","229b Baker st. before update trigger","","","","","","","2026-06-16T18:33:26.000Z","Test","","0.0","","","Prospect","","https://test0048.example.com",""
"","","","590000.0","Atlanta","USA","","","","49","IN","0049 Main Street","Pending","005Qy00001Cft9BIAR","2026-06-16T18:33:23.000Z","","","1","","","","001Qy000029n9uSIAQ","Nonprofit","false","","","","005Qy00001Cft9BIAR","2026-06-16T18:33:26.000Z","","","","","","59","","","005Qy00001Cft9BIAR","","","(555) 100-0049","/services/images/photo/001Qy000029n9uSIAQ","","012Qy00000BACRNIA5","","","","","","","IN","229b Baker st. before update trigger","","","","","","","2026-06-16T18:33:26.000Z","Test","","0.0","","","Customer","","https://test0049.example.com",""
"","","","600000.0","San Francisco","USA","","","","50","IN","0050 Main Street","Pending","005Qy00001Cft9BIAR","2026-06-16T18:33:23.000Z","","","1","","","","001Qy000029n9uTIAQ","Technology","false","","","","005Qy00001Cft9BIAR","2026-06-16T18:33:26.000Z","","","","","","60","","","005Qy00001Cft9BIAR","","","(555) 100-0050","/services/images/photo/001Qy000029n9uTIAQ","","012Qy00000BACRNIA5","","","","","","","IN","229b Baker st. before update trigger","","","","","","","2026-06-16T18:33:26.000Z","Test","","0.0","","","Partner","","https://test0050.example.com",""
"","","","610000.0","New York","USA","","","","51","IN","0051 Main Street","Pending","005Qy00001Cft9BIAR","2026-06-16T18:33:23.000Z","","","1","","","","001Qy000029n9uUIAQ","Healthcare","false","","","","005Qy00001Cft9BIAR","2026-06-16T18:33:26.000Z","","","","","","61","","","005Qy00001Cft9BIAR","","","(555) 100-0051","/services/images/photo/001Qy000029n9uUIAQ","","012Qy00000BACRNIA5","","","","","","","IN","229b Baker st. before update trigger","","","","","","","2026-06-16T18:33:26.000Z","Test","","0.0","","","Other","","https://test0051.example.com",""
"","","","620000.0","Chicago","USA","","","","52","IN","0052 Main Street","Pending","005Qy00001Cft9BIAR","2026-06-16T18:33:23.000Z","","","1","","","","001Qy000029n9uVIAQ","Finance","false","","","","005Qy00001Cft9BIAR","2026-06-16T18:33:26.000Z","","","","","","62","","","005Qy00001Cft9BIAR","","","(555) 100-0052","/services/images/photo/001Qy000029n9uVIAQ","","012Qy00000BACRNIA5","","","","","","","IN","229b Baker st. before update trigger","","","","","","","2026-06-16T18:33:26.000Z","Test","","0.0","","","Prospect","","https://test0052.example.com",""
"","","","630000.0","Los Angeles","USA","","","","53","IN","0053 Main Street","Pending","005Qy00001Cft9BIAR","2026-06-16T18:33:23.000Z","","","1","","","","001Qy000029n9uWIAQ","Manufacturing","false","","","","005Qy00001Cft9BIAR","2026-06-16T18:33:26.000Z","","","","","","63","","","005Qy00001Cft9BIAR","","","(555) 100-0053","/services/images/photo/001Qy000029n9uWIAQ","","012Qy00000BACRNIA5","","","","","","","IN","229b Baker st. before update trigger","","","","","","","2026-06-16T18:33:26.000Z","Test","","0.0","","","Customer","","https://test0053.example.com",""
"","","","640000.0","Houston","USA","","","","54","IN","0054 Main Street","Pending","005Qy00001Cft9BIAR","2026-06-16T18:33:23.000Z","","","1","","","","001Qy000029n9uXIAQ","Retail","false","","","","005Qy00001Cft9BIAR","2026-06-16T18:33:26.000Z","","","","","","64","","","005Qy00001Cft9BIAR","","","(555) 100-0054","/services/images/photo/001Qy000029n9uXIAQ","","012Qy00000BACRNIA5","","","","","","","IN","229b Baker st. before update trigger","","","","","","","2026-06-16T18:33:26.000Z","Test","","0.0","","","Partner","","https://test0054.example.com",""
"","","","650000.0","Boston","USA","","","","55","IN","0055 Main Street","Pending","005Qy00001Cft9BIAR","2026-06-16T18:33:23.000Z","","","1","","","","001Qy000029n9uYIAQ","Education","false","","","","005Qy00001Cft9BIAR","2026-06-16T18:33:26.000Z","","","","","","65","","","005Qy00001Cft9BIAR","","","(555) 100-0055","/services/images/photo/001Qy000029n9uYIAQ","","012Qy00000BACRNIA5","","","","","","","IN","229b Baker st. before update trigger","","","","","","","2026-06-16T18:33:26.000Z","Test","","0.0","","","Other","","https://test0055.example.com",""
"","","","660000.0","Seattle","USA","","","","56","IN","0056 Main Street","Pending","005Qy00001Cft9BIAR","2026-06-16T18:33:23.000Z","","","1","","","","001Qy000029n9uZIAQ","Energy","false","","","","005Qy00001Cft9BIAR","2026-06-16T18:33:26.000Z","","","","","","66","","","005Qy00001Cft9BIAR","","","(555) 100-0056","/services/images/photo/001Qy000029n9uZIAQ","","012Qy00000BACRNIA5","","","","","","","IN","229b Baker st. before update trigger","","","","","","","2026-06-16T18:33:26.000Z","Test","","0.0","","","Prospect","","https://test0056.example.com",""
"","","","670000.0","Denver","USA","","","","57","IN","0057 Main Street","Pending","005Qy00001Cft9BIAR","2026-06-16T18:33:23.000Z","","","1","","","","001Qy000029n9uaIAA","Media","false","","","","005Qy00001Cft9BIAR","2026-06-16T18:33:26.000Z","","","","","","67","","","005Qy00001Cft9BIAR","","","(555) 100-0057","/services/images/photo/001Qy000029n9uaIAA","","012Qy00000BACRNIA5","","","","","","","IN","229b Baker st. before update trigger","","","","","","","2026-06-16T18:33:26.000Z","Test","","0.0","","","Customer","","https://test0057.example.com",""
"","","","680000.0","Austin","USA","","","","58","IN","0058 Main Street","Pending","005Qy00001Cft9BIAR","2026-06-16T18:33:23.000Z","","","1","","","","001Qy000029n9ubIAA","Government","false","","","","005Qy00001Cft9BIAR","2026-06-16T18:33:26.000Z","","","","","","68","","","005Qy00001Cft9BIAR","","","(555) 100-0058","/services/images/photo/001Qy000029n9ubIAA","","012Qy00000BACRNIA5","","","","","","","IN","229b Baker st. before update trigger","","","","","","","2026-06-16T18:33:26.000Z","Test","","0.0","","","Partner","","https://test0058.example.com",""
"","","","690000.0","Atlanta","USA","","","","59","IN","0059 Main Street","Pending","005Qy00001Cft9BIAR","2026-06-16T18:33:23.000Z","","","1","","","","001Qy000029n9ucIAA","Nonprofit","false","","","","005Qy00001Cft9BIAR","2026-06-16T18:33:26.000Z","","","","","","69","","","005Qy00001Cft9BIAR","","","(555) 100-0059","/services/images/photo/001Qy000029n9ucIAA","","012Qy00000BACRNIA5","","","","","","","IN","229b Baker st. before update trigger","","","","","","","2026-06-16T18:33:26.000Z","Test","","0.0","","","Other","","https://test0059.example.com",""
"","","","700000.0","San Francisco","USA","","","","60","IN","0060 Main Street","Pending","005Qy00001Cft9BIAR","2026-06-16T18:33:23.000Z","","","1","","","","001Qy000029n9udIAA","Technology","false","","","","005Qy00001Cft9BIAR","2026-06-16T18:33:26.000Z","","","","","","70","","","005Qy00001Cft9BIAR","","","(555) 100-0060","/services/images/photo/001Qy000029n9udIAA","","012Qy00000BACRNIA5","","","","","","","IN","229b Baker st. before update trigger","","","","","","","2026-06-16T18:33:26.000Z","Test","","0.0","","","Prospect","","https://test0060.example.com",""
"","","","710000.0","New York","USA","","","","61","IN","0061 Main Street","Pending","005Qy00001Cft9BIAR","2026-06-16T18:33:23.000Z","","","1","","","","001Qy000029n9ueIAA","Healthcare","false","","","","005Qy00001Cft9BIAR","2026-06-16T18:33:26.000Z","","","","","","71","","","005Qy00001Cft9BIAR","","","(555) 100-0061","/services/images/photo/001Qy000029n9ueIAA","","012Qy00000BACRNIA5","","","","","","","IN","229b Baker st. before update trigger","","","","","","","2026-06-16T18:33:26.000Z","Test","","0.0","","","Customer","","https://test0061.example.com",""
"","","","720000.0","Chicago","USA","","","","62","IN","0062 Main Street","Pending","005Qy00001Cft9BIAR","2026-06-16T18:33:23.000Z","","","1","","","","001Qy000029n9ufIAA","Finance","false","","","","005Qy00001Cft9BIAR","2026-06-16T18:33:26.000Z","","","","","","72","","","005Qy00001Cft9BIAR","","","(555) 100-0062","/services/images/photo/001Qy000029n9ufIAA","","012Qy00000BACRNIA5","","","","","","","IN","229b Baker st. before update trigger","","","","","","","2026-06-16T18:33:26.000Z","Test","","0.0","","","Partner","","https://test0062.example.com",""
"","","","730000.0","Los Angeles","USA","","","","63","IN","0063 Main Street","Pending","005Qy00001Cft9BIAR","2026-06-16T18:33:23.000Z","","","1","","","","001Qy000029n9ugIAA","Manufacturing","false","","","","005Qy00001Cft9BIAR","2026-06-16T18:33:26.000Z","","","","","","73","","","005Qy00001Cft9BIAR","","","(555) 100-0063","/services/images/photo/001Qy000029n9ugIAA","","012Qy00000BACRNIA5","","","","","","","IN","229b Baker st. before update trigger","","","","","","","2026-06-16T18:33:26.000Z","Test","","0.0","","","Other","","https://test0063.example.com",""
"","","","740000.0","Houston","USA","","","","64","IN","0064 Main Street","Pending","005Qy00001Cft9BIAR","2026-06-16T18:33:23.000Z","","","1","","","","001Qy000029n9uhIAA","Retail","false","","","","005Qy00001Cft9BIAR","2026-06-16T18:33:26.000Z","","","","","","74","","","005Qy00001Cft9BIAR","","","(555) 100-0064","/services/images/photo/001Qy000029n9uhIAA","","012Qy00000BACRNIA5","","","","","","","IN","229b Baker st. before update trigger","","","","","","","2026-06-16T18:33:26.000Z","Test","","0.0","","","Prospect","","https://test0064.example.com",""
"","","","750000.0","Boston","USA","","","","65","IN","0065 Main Street","Pending","005Qy00001Cft9BIAR","2026-06-16T18:33:23.000Z","","","1","","","","001Qy000029n9uiIAA","Education","false","","","","005Qy00001Cft9BIAR","2026-06-16T18:33:26.000Z","","","","","","75","","","005Qy00001Cft9BIAR","","","(555) 100-0065","/services/images/photo/001Qy000029n9uiIAA","","012Qy00000BACRNIA5","","","","","","","IN","229b Baker st. before update trigger","","","","","","","2026-06-16T18:33:26.000Z","Test","","0.0","","","Customer","","https://test0065.example.com",""
"","","","760000.0","Seattle","USA","","","","66","IN","0066 Main Street","Pending","005Qy00001Cft9BIAR","2026-06-16T18:33:23.000Z","","","1","","","","001Qy000029n9ujIAA","Energy","false","","","","005Qy00001Cft9BIAR","2026-06-16T18:33:26.000Z","","","","","","76","","","005Qy00001Cft9BIAR","","","(555) 100-0066","/services/images/photo/001Qy000029n9ujIAA","","012Qy00000BACRNIA5","","","","","","","IN","229b Baker st. before update trigger","","","","","","","2026-06-16T18:33:26.000Z","Test","","0.0","","","Partner","","https://test0066.example.com",""
"","","","770000.0","Denver","USA","","","","67","IN","0067 Main Street","Pending","005Qy00001Cft9BIAR","2026-06-16T18:33:23.000Z","","","1","","","","001Qy000029n9ukIAA","Media","false","","","","005Qy00001Cft9BIAR","2026-06-16T18:33:26.000Z","","","","","","77","","","005Qy00001Cft9BIAR","","","(555) 100-0067","/services/images/photo/001Qy000029n9ukIAA","","012Qy00000BACRNIA5","","","","","","","IN","229b Baker st. before update trigger","","","","","","","2026-06-16T18:33:26.000Z","Test","","0.0","","","Other","","https://test0067.example.com",""
"","","","780000.0","Austin","USA","","","","68","IN","0068 Main Street","Pending","005Qy00001Cft9BIAR","2026-06-16T18:33:23.000Z","","","1","","","","001Qy000029n9ulIAA","Government","false","","","","005Qy00001Cft9BIAR","2026-06-16T18:33:26.000Z","","","","","","78","","","005Qy00001Cft9BIAR","","","(555) 100-0068","/services/images/photo/001Qy000029n9ulIAA","","012Qy00000BACRNIA5","","","","","","","IN","229b Baker st. before update trigger","","","","","","","2026-06-16T18:33:26.000Z","Test","","0.0","","","Prospect","","https://test0068.example.com",""
"","","","790000.0","Atlanta","USA","","","","69","IN","0069 Main Street","Pending","005Qy00001Cft9BIAR","2026-06-16T18:33:23.000Z","","","1","","","","001Qy000029n9umIAA","Nonprofit","false","","","","005Qy00001Cft9BIAR","2026-06-16T18:33:26.000Z","","","","","","79","","","005Qy00001Cft9BIAR","","","(555) 100-0069","/services/images/photo/001Qy000029n9umIAA","","012Qy00000BACRNIA5","","","","","","","IN","229b Baker st. before update trigger","","","","","","","2026-06-16T18:33:26.000Z","Test","","0.0","","","Customer","","https://test0069.example.com",""
"","","","800000.0","San Francisco","USA","","","","70","IN","0070 Main Street","Pending","005Qy00001Cft9BIAR","2026-06-16T18:33:23.000Z","","","1","","","","001Qy000029n9unIAA","Technology","false","","","","005Qy00001Cft9BIAR","2026-06-16T18:33:26.000Z","","","","","","80","","","005Qy00001Cft9BIAR","","","(555) 100-0070","/services/images/photo/001Qy000029n9unIAA","","012Qy00000BACRNIA5","","","","","","","IN","229b Baker st. before update trigger","","","","","","","2026-06-16T18:33:26.000Z","Test","","0.0","","","Partner","","https://test0070.example.com",""
"","","","810000.0","New York","USA","","","","71","IN","0071 Main Street","Pending","005Qy00001Cft9BIAR","2026-06-16T18:33:23.000Z","","","1","","","","001Qy000029n9uoIAA","Healthcare","false","","","","005Qy00001Cft9BIAR","2026-06-16T18:33:26.000Z","","","","","","81","","","005Qy00001Cft9BIAR","","","(555) 100-0071","/services/images/photo/001Qy000029n9uoIAA","","012Qy00000BACRNIA5","","","","","","","IN","229b Baker st. before update trigger","","","","","","","2026-06-16T18:33:26.000Z","Test","","0.0","","","Other","","https://test0071.example.com",""
"","","","820000.0","Chicago","USA","","","","72","IN","0072 Main Street","Pending","005Qy00001Cft9BIAR","2026-06-16T18:33:23.000Z","","","1","","","","001Qy000029n9upIAA","Finance","false","","","","005Qy00001Cft9BIAR","2026-06-16T18:33:26.000Z","","","","","","82","","","005Qy00001Cft9BIAR","","","(555) 100-0072","/services/images/photo/001Qy000029n9upIAA","","012Qy00000BACRNIA5","","","","","","","IN","229b Baker st. before update trigger","","","","","","","2026-06-16T18:33:26.000Z","Test","","0.0","","","Prospect","","https://test0072.example.com",""
"","","","830000.0","Los Angeles","USA","","","","73","IN","0073 Main Street","Pending","005Qy00001Cft9BIAR","2026-06-16T18:33:23.000Z","","","1","","","","001Qy000029n9uqIAA","Manufacturing","false","","","","005Qy00001Cft9BIAR","2026-06-16T18:33:26.000Z","","","","","","83","","","005Qy00001Cft9BIAR","","","(555) 100-0073","/services/images/photo/001Qy000029n9uqIAA","","012Qy00000BACRNIA5","","","","","","","IN","229b Baker st. before update trigger","","","","","","","2026-06-16T18:33:26.000Z","Test","","0.0","","","Customer","","https://test0073.example.com",""
"","","","840000.0","Houston","USA","","","","74","IN","0074 Main Street","Pending","005Qy00001Cft9BIAR","2026-06-16T18:33:23.000Z","","","1","","","","001Qy000029n9urIAA","Retail","false","","","","005Qy00001Cft9BIAR","2026-06-16T18:33:26.000Z","","","","","","84","","","005Qy00001Cft9BIAR","","","(555) 100-0074","/services/images/photo/001Qy000029n9urIAA","","012Qy00000BACRNIA5","","","","","","","IN","229b Baker st. before update trigger","","","","","","","2026-06-16T18:33:26.000Z","Test","","0.0","","","Partner","","https://test0074.example.com",""
"","","","850000.0","Boston","USA","","","","75","IN","0075 Main Street","Pending","005Qy00001Cft9BIAR","2026-06-16T18:33:23.000Z","","","1","","","","001Qy000029n9usIAA","Education","false","","","","005Qy00001Cft9BIAR","2026-06-16T18:33:26.000Z","","","","","","85","","","005Qy00001Cft9BIAR","","","(555) 100-0075","/services/images/photo/001Qy000029n9usIAA","","012Qy00000BACRNIA5","","","","","","","IN","229b Baker st. before update trigger","","","","","","","2026-06-16T18:33:26.000Z","Test","","0.0","","","Other","","https://test0075.example.com",""
"","","","860000.0","Seattle","USA","","","","76","IN","0076 Main Street","Pending","005Qy00001Cft9BIAR","2026-06-16T18:33:23.000Z","","","1","","","","001Qy000029n9utIAA","Energy","false","","","","005Qy00001Cft9BIAR","2026-06-16T18:33:26.000Z","","","","","","86","","","005Qy00001Cft9BIAR","","","(555) 100-0076","/services/images/photo/001Qy000029n9utIAA","","012Qy00000BACRNIA5","","","","","","","IN","229b Baker st. before update trigger","","","","","","","2026-06-16T18:33:26.000Z","Test","","0.0","","","Prospect","","https://test0076.example.com",""
"","","","870000.0","Denver","USA","","","","77","IN","0077 Main Street","Pending","005Qy00001Cft9BIAR","2026-06-16T18:33:23.000Z","","","1","","","","001Qy000029n9uuIAA","Media","false","","","","005Qy00001Cft9BIAR","2026-06-16T18:33:26.000Z","","","","","","87","","","005Qy00001Cft9BIAR","","","(555) 100-0077","/services/images/photo/001Qy000029n9uuIAA","","012Qy00000BACRNIA5","","","","","","","IN","229b Baker st. before update trigger","","","","","","","2026-06-16T18:33:26.000Z","Test","","0.0","","","Customer","","https://test0077.example.com",""
"","","","880000.0","Austin","USA","","","","78","IN","0078 Main Street","Pending","005Qy00001Cft9BIAR","2026-06-16T18:33:23.000Z","","","1","","","","001Qy000029n9uvIAA","Government","false","","","","005Qy00001Cft9BIAR","2026-06-16T18:33:26.000Z","","","","","","88","","","005Qy00001Cft9BIAR","","","(555) 100-0078","/services/images/photo/001Qy000029n9uvIAA","","012Qy00000BACRNIA5","","","","","","","IN","229b Baker st. before update trigger","","","","","","","2026-06-16T18:33:26.000Z","Test","","0.0","","","Partner","","https://test0078.example.com",""
"","","","890000.0","Atlanta","USA","","","","79","IN","0079 Main Street","Pending","005Qy00001Cft9BIAR","2026-06-16T18:33:23.000Z","","","1","","","","001Qy000029n9uwIAA","Nonprofit","false","","","","005Qy00001Cft9BIAR","2026-06-16T18:33:26.000Z","","","","","","89","","","005Qy00001Cft9BIAR","","","(555) 100-0079","/services/images/photo/001Qy000029n9uwIAA","","012Qy00000BACRNIA5","","","","","","","IN","229b Baker st. before update trigger","","","","","","","2026-06-16T18:33:26.000Z","Test","","0.0","","","Other","","https://test0079.example.com",""
"","","","900000.0","San Francisco","USA","","","","80","IN","0080 Main Street","Pending","005Qy00001Cft9BIAR","2026-06-16T18:33:23.000Z","","","1","","","","001Qy000029n9uxIAA","Technology","false","","","","005Qy00001Cft9BIAR","2026-06-16T18:33:26.000Z","","","","","","90","","","005Qy00001Cft9BIAR","","","(555) 100-0080","/services/images/photo/001Qy000029n9uxIAA","","012Qy00000BACRNIA5","","","","","","","IN","229b Baker st. before update trigger","","","","","","","2026-06-16T18:33:26.000Z","Test","","0.0","","","Prospect","","https://test0080.example.com",""
"","","","910000.0","New York","USA","","","","81","IN","0081 Main Street","Pending","005Qy00001Cft9BIAR","2026-06-16T18:33:23.000Z","","","1","","","","001Qy000029n9uyIAA","Healthcare","false","","","","005Qy00001Cft9BIAR","2026-06-16T18:33:26.000Z","","","","","","91","","","005Qy00001Cft9BIAR","","","(555) 100-0081","/services/images/photo/001Qy000029n9uyIAA","","012Qy00000BACRNIA5","","","","","","","IN","229b Baker st. before update trigger","","","","","","","2026-06-16T18:33:26.000Z","Test","","0.0","","","Customer","","https://test0081.example.com",""
"","","","920000.0","Chicago","USA","","","","82","IN","0082 Main Street","Pending","005Qy00001Cft9BIAR","2026-06-16T18:33:23.000Z","","","1","","","","001Qy000029n9uzIAA","Finance","false","","","","005Qy00001Cft9BIAR","2026-06-16T18:33:26.000Z","","","","","","92","","","005Qy00001Cft9BIAR","","","(555) 100-0082","/services/images/photo/001Qy000029n9uzIAA","","012Qy00000BACRNIA5","","","","","","","IN","229b Baker st. before update trigger","","","","","","","2026-06-16T18:33:26.000Z","Test","","0.0","","","Partner","","https://test0082.example.com",""
"","","","930000.0","Los Angeles","USA","","","","83","IN","0083 Main Street","Pending","005Qy00001Cft9BIAR","2026-06-16T18:33:23.000Z","","","1","","","","001Qy000029n9v0IAA","Manufacturing","false","","","","005Qy00001Cft9BIAR","2026-06-16T18:33:26.000Z","","","","","","93","","","005Qy00001Cft9BIAR","","","(555) 100-0083","/services/images/photo/001Qy000029n9v0IAA","","012Qy00000BACRNIA5","","","","","","","IN","229b Baker st. before update trigger","","","","","","","2026-06-16T18:33:26.000Z","Test","","0.0","","","Other","","https://test0083.example.com",""
"","","","940000.0","Houston","USA","","","","84","IN","0084 Main Street","Pending","005Qy00001Cft9BIAR","2026-06-16T18:33:23.000Z","","","1","","","","001Qy000029n9v1IAA","Retail","false","","","","005Qy00001Cft9BIAR","2026-06-16T18:33:26.000Z","","","","","","94","","","005Qy00001Cft9BIAR","","","(555) 100-0084","/services/images/photo/001Qy000029n9v1IAA","","012Qy00000BACRNIA5","","","","","","","IN","229b Baker st. before update trigger","","","","","","","2026-06-16T18:33:26.000Z","Test","","0.0","","","Prospect","","https://test0084.example.com",""
"","","","950000.0","Boston","USA","","","","85","IN","0085 Main Street","Pending","005Qy00001Cft9BIAR","2026-06-16T18:33:23.000Z","","","1","","","","001Qy000029n9v2IAA","Education","false","","","","005Qy00001Cft9BIAR","2026-06-16T18:33:26.000Z","","","","","","95","","","005Qy00001Cft9BIAR","","","(555) 100-0085","/services/images/photo/001Qy000029n9v2IAA","","012Qy00000BACRNIA5","","","","","","","IN","229b Baker st. before update trigger","","","","","","","2026-06-16T18:33:26.000Z","Test","","0.0","","","Customer","","https://test0085.example.com",""
"","","","960000.0","Seattle","USA","","","","86","IN","0086 Main Street","Pending","005Qy00001Cft9BIAR","2026-06-16T18:33:23.000Z","","","1","","","","001Qy000029n9v3IAA","Energy","false","","","","005Qy00001Cft9BIAR","2026-06-16T18:33:26.000Z","","","","","","96","","","005Qy00001Cft9BIAR","","","(555) 100-0086","/services/images/photo/001Qy000029n9v3IAA","","012Qy00000BACRNIA5","","","","","","","IN","229b Baker st. before update trigger","","","","","","","2026-06-16T18:33:26.000Z","Test","","0.0","","","Partner","","https://test0086.example.com",""
"","","","970000.0","Denver","USA","","","","87","IN","0087 Main Street","Pending","005Qy00001Cft9BIAR","2026-06-16T18:33:23.000Z","","","1","","","","001Qy000029n9v4IAA","Media","false","","","","005Qy00001Cft9BIAR","2026-06-16T18:33:26.000Z","","","","","","97","","","005Qy00001Cft9BIAR","","","(555) 100-0087","/services/images/photo/001Qy000029n9v4IAA","","012Qy00000BACRNIA5","","","","","","","IN","229b Baker st. before update trigger","","","","","","","2026-06-16T18:33:26.000Z","Test","","0.0","","","Other","","https://test0087.example.com",""
"","","","980000.0","Austin","USA","","","","88","IN","0088 Main Street","Pending","005Qy00001Cft9BIAR","2026-06-16T18:33:23.000Z","","","1","","","","001Qy000029n9v5IAA","Government","false","","","","005Qy00001Cft9BIAR","2026-06-16T18:33:26.000Z","","","","","","98","","","005Qy00001Cft9BIAR","","","(555) 100-0088","/services/images/photo/001Qy000029n9v5IAA","","012Qy00000BACRNIA5","","","","","","","IN","229b Baker st. before update trigger","","","","","","","2026-06-16T18:33:26.000Z","Test","","0.0","","","Prospect","","https://test0088.example.com",""
"","","","990000.0","Atlanta","USA","","","","89","IN","0089 Main Street","Pending","005Qy00001Cft9BIAR","2026-06-16T18:33:23.000Z","","","1","","","","001Qy000029n9v6IAA","Nonprofit","false","","","","005Qy00001Cft9BIAR","2026-06-16T18:33:26.000Z","","","","","","99","","","005Qy00001Cft9BIAR","","","(555) 100-0089","/services/images/photo/001Qy000029n9v6IAA","","012Qy00000BACRNIA5","","","","","","","IN","229b Baker st. before update trigger","","","","","","","2026-06-16T18:33:26.000Z","Test","","0.0","","","Customer","","https://test0089.example.com",""
"","","","1000000.0","San Francisco","USA","","","","90","IN","0090 Main Street","Pending","005Qy00001Cft9BIAR","2026-06-16T18:33:23.000Z","","","1","","","","001Qy000029n9v7IAA","Technology","false","","","","005Qy00001Cft9BIAR","2026-06-16T18:33:26.000Z","","","","","","100","","","005Qy00001Cft9BIAR","","","(555) 100-0090","/services/images/photo/001Qy000029n9v7IAA","","012Qy00000BACRNIA5","","","","","","","IN","229b Baker st. before update trigger","","","","","","","2026-06-16T18:33:26.000Z","Test","","0.0","","","Partner","","https://test0090.example.com",""
"","","","1010000.0","New York","USA","","","","91","IN","0091 Main Street","Pending","005Qy00001Cft9BIAR","2026-06-16T18:33:23.000Z","","","1","","","","001Qy000029n9v8IAA","Healthcare","false","","","","005Qy00001Cft9BIAR","2026-06-16T18:33:26.000Z","","","","","","101","","","005Qy00001Cft9BIAR","","","(555) 100-0091","/services/images/photo/001Qy000029n9v8IAA","","012Qy00000BACRNIA5","","","","","","","IN","229b Baker st. before update trigger","","","","","","","2026-06-16T18:33:26.000Z","Test","","0.0","","","Other","","https://test0091.example.com",""
"","","","1020000.0","Chicago","USA","","","","92","IN","0092 Main Street","Pending","005Qy00001Cft9BIAR","2026-06-16T18:33:23.000Z","","","1","","","","001Qy000029n9v9IAA","Finance","false","","","","005Qy00001Cft9BIAR","2026-06-16T18:33:26.000Z","","","","","","102","","","005Qy00001Cft9BIAR","","","(555) 100-0092","/services/images/photo/001Qy000029n9v9IAA","","012Qy00000BACRNIA5","","","","","","","IN","229b Baker st. before update trigger","","","","","","","2026-06-16T18:33:26.000Z","Test","","0.0","","","Prospect","","https://test0092.example.com",""
"","","","1030000.0","Los Angeles","USA","","","","93","IN","0093 Main Street","Pending","005Qy00001Cft9BIAR","2026-06-16T18:33:23.000Z","","","1","","","","001Qy000029n9vAIAQ","Manufacturing","false","","","","005Qy00001Cft9BIAR","2026-06-16T18:33:26.000Z","","","","","","103","","","005Qy00001Cft9BIAR","","","(555) 100-0093","/services/images/photo/001Qy000029n9vAIAQ","","012Qy00000BACRNIA5","","","","","","","IN","229b Baker st. before update trigger","","","","","","","2026-06-16T18:33:26.000Z","Test","","0.0","","","Customer","","https://test0093.example.com",""
"","","","1000000.0","San Francisco","USA","","","","94102","IN","100 Main Street","Pending","005Qy00001Cft9BIAR","2026-06-16T18:05:40.000Z","","","1","","","","001Qy000029nOUPIA2","Technology","false","","","","005Qy00001Cft9BIAR","2026-06-16T18:05:40.000Z","","","","","","100","","","005Qy00001Cft9BIAR","","","(555) 100-0001","/services/images/photo/001Qy000029nOUPIA2","","012Qy00000BACRNIA5","","","","","","","IN","229b Baker st. before update trigger","","","","","","","2026-06-16T18:05:40.000Z","Test","","0.0","","","Prospect","","https://testaccount001.example.com",""
"","","","2500000.0","New York","USA","","","","10001","IN","200 Oak Avenue","Pending","005Qy00001Cft9BIAR","2026-06-16T18:05:40.000Z","","","1","","","","001Qy000029nOUQIA2","Healthcare","false","","","","005Qy00001Cft9BIAR","2026-06-16T18:05:40.000Z","","","","","","250","","","005Qy00001Cft9BIAR","","","(555) 100-0002","/services/images/photo/001Qy000029nOUQIA2","","012Qy00000BACRNIA5","","","","","","","IN","229b Baker st. before update trigger","","","","","","","2026-06-16T18:05:40.000Z","Test","","0.0","","","Customer","","https://testaccount002.example.com",""
"","","","5000000.0","Chicago","USA","","","","60601","IN","300 Wall Street","Pending","005Qy00001Cft9BIAR","2026-06-16T18:05:40.000Z","","","1","","","","001Qy000029nOURIA2","Finance","false","","","","005Qy00001Cft9BIAR","2026-06-16T18:05:40.000Z","","","","","","500","","","005Qy00001Cft9BIAR","","","(555) 100-0003","/services/images/photo/001Qy000029nOURIA2","","012Qy00000BACRNIA5","","","","","","","IN","229b Baker st. before update trigger","","","","","","","2026-06-16T18:05:40.000Z","Test","","0.0","","","Partner","","https://testaccount003.example.com",""
"","","","750000.0","Detroit","USA","","","","48201","IN","400 Industrial Way","Pending","005Qy00001Cft9BIAR","2026-06-16T18:05:40.000Z","","","1","","","","001Qy000029nOUSIA2","Manufacturing","false","","","","005Qy00001Cft9BIAR","2026-06-16T18:05:40.000Z","","","","","","75","","","005Qy00001Cft9BIAR","","","(555) 100-0004","/services/images/photo/001Qy000029nOUSIA2","","012Qy00000BACRNIA5","","","","","","","IN","229b Baker st. before update trigger","","","","","","","2026-06-16T18:05:40.000Z","Test","","0.0","","","Prospect","","https://testaccount004.example.com",""
"","","","3000000.0","Los Angeles","USA","","","","90001","IN","500 Shopping Lane","Pending","005Qy00001Cft9BIAR","2026-06-16T18:05:40.000Z","","","1","","","","001Qy000029nOUTIA2","Retail","false","","","","005Qy00001Cft9BIAR","2026-06-16T18:05:40.000Z","","","","","","350","","","005Qy00001Cft9BIAR","","","(555) 100-0005","/services/images/photo/001Qy000029nOUTIA2","","012Qy00000BACRNIA5","","","","","","","IN","229b Baker st. before update trigger","","","","","","","2026-06-16T18:05:40.000Z","Test","","0.0","","","Customer","","https://testaccount005.example.com",""
"","","","500000.0","Boston","USA","","","","02101","IN","600 Campus Drive","Pending","005Qy00001Cft9BIAR","2026-06-16T18:05:40.000Z","","","1","","","","001Qy000029nOUUIA2","Education","false","","","","005Qy00001Cft9BIAR","2026-06-16T18:05:40.000Z","","","","","","50","","","005Qy00001Cft9BIAR","","","(555) 100-0006","/services/images/photo/001Qy000029nOUUIA2","","012Qy00000BACRNIA5","","","","","","","IN","229b Baker st. before update trigger","","","","","","","2026-06-16T18:05:40.000Z","Test","","0.0","","","Other","","https://testaccount006.example.com",""
"","","","1.0E7","Houston","USA","","","","77001","IN","700 Pipeline Road","Pending","005Qy00001Cft9BIAR","2026-06-16T18:05:40.000Z","","","1","","","","001Qy000029nOUVIA2","Energy","false","","","","005Qy00001Cft9BIAR","2026-06-16T18:05:40.000Z","","","","","","1000","","","005Qy00001Cft9BIAR","","","(555) 100-0007","/services/images/photo/001Qy000029nOUVIA2","","012Qy00000BACRNIA5","","","","","","","IN","229b Baker st. before update trigger","","","","","","","2026-06-16T18:05:40.000Z","Test","","0.0","","","Prospect","","https://testaccount007.example.com",""
"","","","1500000.0","Atlanta","USA","","","","30301","IN","800 Broadcast Blvd","Pending","005Qy00001Cft9BIAR","2026-06-16T18:05:40.000Z","","","1","","","","001Qy000029nOUWIA2","Media","false","","","","005Qy00001Cft9BIAR","2026-06-16T18:05:40.000Z","","","","","","150","","","005Qy00001Cft9BIAR","","","(555) 100-0008","/services/images/photo/001Qy000029nOUWIA2","","012Qy00000BACRNIA5","","","","","","","IN","229b Baker st. before update trigger","","","","","","","2026-06-16T18:05:40.000Z","Test","","0.0","","","Customer","","https://testaccount008.example.com",""
"","","","8000000.0","Seattle","USA","","","","98101","IN","900 Tech Park","Pending","005Qy00001Cft9BIAR","2026-06-16T18:05:40.000Z","","","1","","","","001Qy000029nOUXIA2","Technology","false","","","","005Qy00001Cft9BIAR","2026-06-16T18:05:40.000Z","","","","","","800","","","005Qy00001Cft9BIAR","","","(555) 100-0009","/services/images/photo/001Qy000029nOUXIA2","","012Qy00000BACRNIA5","","","","","","","IN","229b Baker st. before update trigger","","","","","","","2026-06-16T18:05:40.000Z","Test","","0.0","","","Customer","","https://testaccount009.example.com",""
"","","","2000000.0","Denver","USA","","","","80201","IN","1000 Medical Center","Pending","005Qy00001Cft9BIAR","2026-06-16T18:05:40.000Z","","","1","","","","001Qy000029nOUYIA2","Healthcare","false","","","","005Qy00001Cft9BIAR","2026-06-16T18:05:40.000Z","","","","","","200","","","005Qy00001Cft9BIAR","","","(555) 100-0010","/services/images/photo/001Qy000029nOUYIA2","","012Qy00000BACRNIA5","","","","","","","IN","229b Baker st. before update trigger","","","","","","","2026-06-16T18:05:40.000Z","Test","","0.0","","","Prospect","","https://testaccount010.example.com",""
"","","","1040000.0","Houston","USA","","","","94","IN","0094 Main Street","Pending","005Qy00001Cft9BIAR","2026-06-16T18:33:23.000Z","","","1","","","","001Qy000029nUefIAE","Retail","false","","","","005Qy00001Cft9BIAR","2026-06-16T18:33:26.000Z","","","","","","104","","","005Qy00001Cft9BIAR","","","(555) 100-0094","/services/images/photo/001Qy000029nUefIAE","","012Qy00000BACRNIA5","","","","","","","IN","229b Baker st. before update trigger","","","","","","","2026-06-16T18:33:26.000Z","Test","","0.0","","","Partner","","https://test0094.example.com",""
"","","","1050000.0","Boston","USA","","","","95","IN","0095 Main Street","Pending","005Qy00001Cft9BIAR","2026-06-16T18:33:23.000Z","","","1","","","","001Qy000029nUegIAE","Education","false","","","","005Qy00001Cft9BIAR","2026-06-16T18:33:26.000Z","","","","","","105","","","005Qy00001Cft9BIAR","","","(555) 100-0095","/services/images/photo/001Qy000029nUegIAE","","012Qy00000BACRNIA5","","","","","","","IN","229b Baker st. before update trigger","","","","","","","2026-06-16T18:33:26.000Z","Test","","0.0","","","Other","","https://test0095.example.com",""
"","","","1060000.0","Seattle","USA","","","","96","IN","0096 Main Street","Pending","005Qy00001Cft9BIAR","2026-06-16T18:33:23.000Z","","","1","","","","001Qy000029nUehIAE","Energy","false","","","","005Qy00001Cft9BIAR","2026-06-16T18:33:26.000Z","","","","","","106","","","005Qy00001Cft9BIAR","","","(555) 100-0096","/services/images/photo/001Qy000029nUehIAE","","012Qy00000BACRNIA5","","","","","","","IN","229b Baker st. before update trigger","","","","","","","2026-06-16T18:33:26.000Z","Test","","0.0","","","Prospect","","https://test0096.example.com",""
"","","","1070000.0","Denver","USA","","","","97","IN","0097 Main Street","Pending","005Qy00001Cft9BIAR","2026-06-16T18:33:23.000Z","","","1","","","","001Qy000029nUeiIAE","Media","false","","","","005Qy00001Cft9BIAR","2026-06-16T18:33:26.000Z","","","","","","107","","","005Qy00001Cft9BIAR","","","(555) 100-0097","/services/images/photo/001Qy000029nUeiIAE","","012Qy00000BACRNIA5","","","","","","","IN","229b Baker st. before update trigger","","","","","","","2026-06-16T18:33:26.000Z","Test","","0.0","","","Customer","","https://test0097.example.com",""
"","","","1080000.0","Austin","USA","","","","98","IN","0098 Main Street","Pending","005Qy00001Cft9BIAR","2026-06-16T18:33:23.000Z","","","1","","","","001Qy000029nUejIAE","Government","false","","","","005Qy00001Cft9BIAR","2026-06-16T18:33:26.000Z","","","","","","108","","","005Qy00001Cft9BIAR","","","(555) 100-0098","/services/images/photo/001Qy000029nUejIAE","","012Qy00000BACRNIA5","","","","","","","IN","229b Baker st. before update trigger","","","","","","","2026-06-16T18:33:26.000Z","Test","","0.0","","","Partner","","https://test0098.example.com",""
"","","","1090000.0","Atlanta","USA","","","","99","IN","0099 Main Street","Pending","005Qy00001Cft9BIAR","2026-06-16T18:33:23.000Z","","","1","","","","001Qy000029nUekIAE","Nonprofit","false","","","","005Qy00001Cft9BIAR","2026-06-16T18:33:26.000Z","","","","","","109","","","005Qy00001Cft9BIAR","","","(555) 100-0099","/services/images/photo/001Qy000029nUekIAE","","012Qy00000BACRNIA5","","","","","","","IN","229b Baker st. before update trigger","","","","","","","2026-06-16T18:33:26.000Z","Test","","0.0","","","Other","","https://test0099.example.com",""
"","","","1100000.0","San Francisco","USA","","","","100","IN","0100 Main Street","Pending","005Qy00001Cft9BIAR","2026-06-16T18:33:23.000Z","","","1","","","","001Qy000029nUelIAE","Technology","false","","","","005Qy00001Cft9BIAR","2026-06-16T18:33:26.000Z","","","","","","110","","","005Qy00001Cft9BIAR","","","(555) 100-0100","/services/images/photo/001Qy000029nUelIAE","","012Qy00000BACRNIA5","","","","","","","IN","229b Baker st. before update trigger","","","","","","","2026-06-16T18:33:26.000Z","Test","","0.0","","","Prospect","","https://test0100.example.com",""
"","","","1110000.0","New York","USA","","","","101","IN","0101 Main Street","Pending","005Qy00001Cft9BIAR","2026-06-16T18:33:23.000Z","","","1","","","","001Qy000029nUemIAE","Healthcare","false","","","","005Qy00001Cft9BIAR","2026-06-16T18:33:26.000Z","","","","","","111","","","005Qy00001Cft9BIAR","","","(555) 100-0101","/services/images/photo/001Qy000029nUemIAE","","012Qy00000BACRNIA5","","","","","","","IN","229b Baker st. before update trigger","","","","","","","2026-06-16T18:33:26.000Z","Test","","0.0","","","Customer","","https://test0101.example.com",""
"","","","1120000.0","Chicago","USA","","","","102","IN","0102 Main Street","Pending","005Qy00001Cft9BIAR","2026-06-16T18:33:23.000Z","","","1","","","","001Qy000029nUenIAE","Finance","false","","","","005Qy00001Cft9BIAR","2026-06-16T18:33:26.000Z","","","","","","112","","","005Qy00001Cft9BIAR","","","(555) 100-0102","/services/images/photo/001Qy000029nUenIAE","","012Qy00000BACRNIA5","","","","","","","IN","229b Baker st. before update trigger","","","","","","","2026-06-16T18:33:26.000Z","Test","","0.0","","","Partner","","https://test0102.example.com",""
"","","","1130000.0","Los Angeles","USA","","","","103","IN","0103 Main Street","Pending","005Qy00001Cft9BIAR","2026-06-16T18:33:23.000Z","","","1","","","","001Qy000029nUeoIAE","Manufacturing","false","","","","005Qy00001Cft9BIAR","2026-06-16T18:33:26.000Z","","","","","","113","","","005Qy00001Cft9BIAR","","","(555) 100-0103","/services/images/photo/001Qy000029nUeoIAE","","012Qy00000BACRNIA5","","","","","","","IN","229b Baker st. before update trigger","","","","","","","2026-06-16T18:33:26.000Z","Test","","0.0","","","Other","","https://test0103.example.com",""
"","","","1140000.0","Houston","USA","","","","104","IN","0104 Main Street","Pending","005Qy00001Cft9BIAR","2026-06-16T18:33:23.000Z","","","1","","","","001Qy000029nUepIAE","Retail","false","","","","005Qy00001Cft9BIAR","2026-06-16T18:33:26.000Z","","","","","","114","","","005Qy00001Cft9BIAR","","","(555) 100-0104","/services/images/photo/001Qy000029nUepIAE","","012Qy00000BACRNIA5","","","","","","","IN","229b Baker st. before update trigger","","","","","","","2026-06-16T18:33:26.000Z","Test","","0.0","","","Prospect","","https://test0104.example.com",""
"","","","1150000.0","Boston","USA","","","","105","IN","0105 Main Street","Pending","005Qy00001Cft9BIAR","2026-06-16T18:33:23.000Z","","","1","","","","001Qy000029nUeqIAE","Education","false","","","","005Qy00001Cft9BIAR","2026-06-16T18:33:26.000Z","","","","","","115","","","005Qy00001Cft9BIAR","","","(555) 100-0105","/services/images/photo/001Qy000029nUeqIAE","","012Qy00000BACRNIA5","","","","","","","IN","229b Baker st. before update trigger","","","","","","","2026-06-16T18:33:26.000Z","Test","","0.0","","","Customer","","https://test0105.example.com",""
"","","","1160000.0","Seattle","USA","","","","106","IN","0106 Main Street","Pending","005Qy00001Cft9BIAR","2026-06-16T18:33:23.000Z","","","1","","","","001Qy000029nUerIAE","Energy","false","","","","005Qy00001Cft9BIAR","2026-06-16T18:33:26.000Z","","","","","","116","","","005Qy00001Cft9BIAR","","","(555) 100-0106","/services/images/photo/001Qy000029nUerIAE","","012Qy00000BACRNIA5","","","","","","","IN","229b Baker st. before update trigger","","","","","","","2026-06-16T18:33:26.000Z","Test","","0.0","","","Partner","","https://test0106.example.com",""
"","","","1170000.0","Denver","USA","","","","107","IN","0107 Main Street","Pending","005Qy00001Cft9BIAR","2026-06-16T18:33:23.000Z","","","1","","","","001Qy000029nUesIAE","Media","false","","","","005Qy00001Cft9BIAR","2026-06-16T18:33:26.000Z","","","","","","117","","","005Qy00001Cft9BIAR","","","(555) 100-0107","/services/images/photo/001Qy000029nUesIAE","","012Qy00000BACRNIA5","","","","","","","IN","229b Baker st. before update trigger","","","","","","","2026-06-16T18:33:26.000Z","Test","","0.0","","","Other","","https://test0107.example.com",""
"","","","1180000.0","Austin","USA","","","","108","IN","0108 Main Street","Pending","005Qy00001Cft9BIAR","2026-06-16T18:33:23.000Z","","","1","","","","001Qy000029nUetIAE","Government","false","","","","005Qy00001Cft9BIAR","2026-06-16T18:33:26.000Z","","","","","","118","","","005Qy00001Cft9BIAR","","","(555) 100-0108","/services/images/photo/001Qy000029nUetIAE","","012Qy00000BACRNIA5","","","","","","","IN","229b Baker st. before update trigger","","","","","","","2026-06-16T18:33:26.000Z","Test","","0.0","","","Prospect","","https://test0108.example.com",""
"","","","1190000.0","Atlanta","USA","","","","109","IN","0109 Main Street","Pending","005Qy00001Cft9BIAR","2026-06-16T18:33:23.000Z","","","1","","","","001Qy000029nUeuIAE","Nonprofit","false","","","","005Qy00001Cft9BIAR","2026-06-16T18:33:26.000Z","","","","","","119","","","005Qy00001Cft9BIAR","","","(555) 100-0109","/services/images/photo/001Qy000029nUeuIAE","","012Qy00000BACRNIA5","","","","","","","IN","229b Baker st. before update trigger","","","","","","","2026-06-16T18:33:26.000Z","Test","","0.0","","","Customer","","https://test0109.example.com",""
"","","","1200000.0","San Francisco","USA","","","","110","IN","0110 Main Street","Pending","005Qy00001Cft9BIAR","2026-06-16T18:33:23.000Z","","","1","","","","001Qy000029nUevIAE","Technology","false","","","","005Qy00001Cft9BIAR","2026-06-16T18:33:26.000Z","","","","","","120","","","005Qy00001Cft9BIAR","","","(555) 100-0110","/services/images/photo/001Qy000029nUevIAE","","012Qy00000BACRNIA5","","","","","","","IN","229b Baker st. before update trigger","","","","","","","2026-06-16T18:33:26.000Z","Test","","0.0","","","Partner","","https://test0110.example.com",""
"","","","1210000.0","New York","USA","","","","111","IN","0111 Main Street","Pending","005Qy00001Cft9BIAR","2026-06-16T18:33:23.000Z","","","1","","","","001Qy000029nUewIAE","Healthcare","false","","","","005Qy00001Cft9BIAR","2026-06-16T18:33:26.000Z","","","","","","121","","","005Qy00001Cft9BIAR","","","(555) 100-0111","/services/images/photo/001Qy000029nUewIAE","","012Qy00000BACRNIA5","","","","","","","IN","229b Baker st. before update trigger","","","","","","","2026-06-16T18:33:26.000Z","Test","","0.0","","","Other","","https://test0111.example.com",""
"","","","1220000.0","Chicago","USA","","","","112","IN","0112 Main Street","Pending","005Qy00001Cft9BIAR","2026-06-16T18:33:23.000Z","","","1","","","","001Qy000029nUexIAE","Finance","false","","","","005Qy00001Cft9BIAR","2026-06-16T18:33:26.000Z","","","","","","122","","","005Qy00001Cft9BIAR","","","(555) 100-0112","/services/images/photo/001Qy000029nUexIAE","","012Qy00000BACRNIA5","","","","","","","IN","229b Baker st. before update trigger","","","","","","","2026-06-16T18:33:26.000Z","Test","","0.0","","","Prospect","","https://test0112.example.com",""
"","","","1230000.0","Los Angeles","USA","","","","113","IN","0113 Main Street","Pending","005Qy00001Cft9BIAR","2026-06-16T18:33:23.000Z","","","1","","","","001Qy000029nUeyIAE","Manufacturing","false","","","","005Qy00001Cft9BIAR","2026-06-16T18:33:26.000Z","","","","","","123","","","005Qy00001Cft9BIAR","","","(555) 100-0113","/services/images/photo/001Qy000029nUeyIAE","","012Qy00000BACRNIA5","","","","","","","IN","229b Baker st. before update trigger","","","","","","","2026-06-16T18:33:26.000Z","Test","","0.0","","","Customer","","https://test0113.example.com",""
"","","","1240000.0","Houston","USA","","","","114","IN","0114 Main Street","Pending","005Qy00001Cft9BIAR","2026-06-16T18:33:23.000Z","","","1","","","","001Qy000029nUezIAE","Retail","false","","","","005Qy00001Cft9BIAR","2026-06-16T18:33:26.000Z","","","","","","124","","","005Qy00001Cft9BIAR","","","(555) 100-0114","/services/images/photo/001Qy000029nUezIAE","","012Qy00000BACRNIA5","","","","","","","IN","229b Baker st. before update trigger","","","","","","","2026-06-16T18:33:26.000Z","Test","","0.0","","","Partner","","https://test0114.example.com",""
"","","","1250000.0","Boston","USA","","","","115","IN","0115 Main Street","Pending","005Qy00001Cft9BIAR","2026-06-16T18:33:23.000Z","","","1","","","","001Qy000029nUf0IAE","Education","false","","","","005Qy00001Cft9BIAR","2026-06-16T18:33:26.000Z","","","","","","125","","","005Qy00001Cft9BIAR","","","(555) 100-0115","/services/images/photo/001Qy000029nUf0IAE","","012Qy00000BACRNIA5","","","","","","","IN","229b Baker st. before update trigger","","","","","","","2026-06-16T18:33:26.000Z","Test","","0.0","","","Other","","https://test0115.example.com",""
"","","","1260000.0","Seattle","USA","","","","116","IN","0116 Main Street","Pending","005Qy00001Cft9BIAR","2026-06-16T18:33:23.000Z","","","1","","","","001Qy000029nUf1IAE","Energy","false","","","","005Qy00001Cft9BIAR","2026-06-16T18:33:26.000Z","","","","","","126","","","005Qy00001Cft9BIAR","","","(555) 100-0116","/services/images/photo/001Qy000029nUf1IAE","","012Qy00000BACRNIA5","","","","","","","IN","229b Baker st. before update trigger","","","","","","","2026-06-16T18:33:26.000Z","Test","","0.0","","","Prospect","","https://test0116.example.com",""
"","","","1270000.0","Denver","USA","","","","117","IN","0117 Main Street","Pending","005Qy00001Cft9BIAR","2026-06-16T18:33:23.000Z","","","1","","","","001Qy000029nUf2IAE","Media","false","","","","005Qy00001Cft9BIAR","2026-06-16T18:33:26.000Z","","","","","","127","","","005Qy00001Cft9BIAR","","","(555) 100-0117","/services/images/photo/001Qy000029nUf2IAE","","012Qy00000BACRNIA5","","","","","","","IN","229b Baker st. before update trigger","","","","","","","2026-06-16T18:33:26.000Z","Test","","0.0","","","Customer","","https://test0117.example.com",""
"","","","1280000.0","Austin","USA","","","","118","IN","0118 Main Street","Pending","005Qy00001Cft9BIAR","2026-06-16T18:33:23.000Z","","","1","","","","001Qy000029nUf3IAE","Government","false","","","","005Qy00001Cft9BIAR","2026-06-16T18:33:26.000Z","","","","","","128","","","005Qy00001Cft9BIAR","","","(555) 100-0118","/services/images/photo/001Qy000029nUf3IAE","","012Qy00000BACRNIA5","","","","","","","IN","229b Baker st. before update trigger","","","","","","","2026-06-16T18:33:26.000Z","Test","","0.0","","","Partner","","https://test0118.example.com",""
"","","","1290000.0","Atlanta","USA","","","","119","IN","0119 Main Street","Pending","005Qy00001Cft9BIAR","2026-06-16T18:33:23.000Z","","","1","","","","001Qy000029nUf4IAE","Nonprofit","false","","","","005Qy00001Cft9BIAR","2026-06-16T18:33:26.000Z","","","","","","129","","","005Qy00001Cft9BIAR","","","(555) 100-0119","/services/images/photo/001Qy000029nUf4IAE","","012Qy00000BACRNIA5","","","","","","","IN","229b Baker st. before update trigger","","","","","","","2026-06-16T18:33:26.000Z","Test","","0.0","","","Other","","https://test0119.example.com",""
"","","","1300000.0","San Francisco","USA","","","","120","IN","0120 Main Street","Pending","005Qy00001Cft9BIAR","2026-06-16T18:33:23.000Z","","","1","","","","001Qy000029nUf5IAE","Technology","false","","","","005Qy00001Cft9BIAR","2026-06-16T18:33:26.000Z","","","","","","130","","","005Qy00001Cft9BIAR","","","(555) 100-0120","/services/images/photo/001Qy000029nUf5IAE","","012Qy00000BACRNIA5","","","","","","","IN","229b Baker st. before update trigger","","","","","","","2026-06-16T18:33:26.000Z","Test","","0.0","","","Prospect","","https://test0120.example.com",""
"","","","1310000.0","New York","USA","","","","121","IN","0121 Main Street","Pending","005Qy00001Cft9BIAR","2026-06-16T18:33:23.000Z","","","1","","","","001Qy000029nUf6IAE","Healthcare","false","","","","005Qy00001Cft9BIAR","2026-06-16T18:33:26.000Z","","","","","","131","","","005Qy00001Cft9BIAR","","","(555) 100-0121","/services/images/photo/001Qy000029nUf6IAE","","012Qy00000BACRNIA5","","","","","","","IN","229b Baker st. before update trigger","","","","","","","2026-06-16T18:33:26.000Z","Test","","0.0","","","Customer","","https://test0121.example.com",""
"","","","1320000.0","Chicago","USA","","","","122","IN","0122 Main Street","Pending","005Qy00001Cft9BIAR","2026-06-16T18:33:23.000Z","","","1","","","","001Qy000029nUf7IAE","Finance","false","","","","005Qy00001Cft9BIAR","2026-06-16T18:33:26.000Z","","","","","","132","","","005Qy00001Cft9BIAR","","","(555) 100-0122","/services/images/photo/001Qy000029nUf7IAE","","012Qy00000BACRNIA5","","","","","","","IN","229b Baker st. before update trigger","","","","","","","2026-06-16T18:33:26.000Z","Test","","0.0","","","Partner","","https://test0122.example.com",""
"","","","1330000.0","Los Angeles","USA","","","","123","IN","0123 Main Street","Pending","005Qy00001Cft9BIAR","2026-06-16T18:33:23.000Z","","","1","","","","001Qy000029nUf8IAE","Manufacturing","false","","","","005Qy00001Cft9BIAR","2026-06-16T18:33:26.000Z","","","","","","133","","","005Qy00001Cft9BIAR","","","(555) 100-0123","/services/images/photo/001Qy000029nUf8IAE","","012Qy00000BACRNIA5","","","","","","","IN","229b Baker st. before update trigger","","","","","","","2026-06-16T18:33:26.000Z","Test","","0.0","","","Other","","https://test0123.example.com",""
"","","","1340000.0","Houston","USA","","","","124","IN","0124 Main Street","Pending","005Qy00001Cft9BIAR","2026-06-16T18:33:23.000Z","","","1","","","","001Qy000029nUf9IAE","Retail","false","","","","005Qy00001Cft9BIAR","2026-06-16T18:33:26.000Z","","","","","","134","","","005Qy00001Cft9BIAR","","","(555) 100-0124","/services/images/photo/001Qy000029nUf9IAE","","012Qy00000BACRNIA5","","","","","","","IN","229b Baker st. before update trigger","","","","","","","2026-06-16T18:33:26.000Z","Test","","0.0","","","Prospect","","https://test0124.example.com",""
"","","","1350000.0","Boston","USA","","","","125","IN","0125 Main Street","Pending","005Qy00001Cft9BIAR","2026-06-16T18:33:23.000Z","","","1","","","","001Qy000029nUfAIAU","Education","false","","","","005Qy00001Cft9BIAR","2026-06-16T18:33:26.000Z","","","","","","135","","","005Qy00001Cft9BIAR","","","(555) 100-0125","/services/images/photo/001Qy000029nUfAIAU","","012Qy00000BACRNIA5","","","","","","","IN","229b Baker st. before update trigger","","","","","","","2026-06-16T18:33:26.000Z","Test","","0.0","","","Customer","","https://test0125.example.com",""
"","","","1360000.0","Seattle","USA","","","","126","IN","0126 Main Street","Pending","005Qy00001Cft9BIAR","2026-06-16T18:33:23.000Z","","","1","","","","001Qy000029nUfBIAU","Energy","false","","","","005Qy00001Cft9BIAR","2026-06-16T18:33:26.000Z","","","","","","136","","","005Qy00001Cft9BIAR","","","(555) 100-0126","/services/images/photo/001Qy000029nUfBIAU","","012Qy00000BACRNIA5","","","","","","","IN","229b Baker st. before update trigger","","","","","","","2026-06-16T18:33:26.000Z","Test","","0.0","","","Partner","","https://test0126.example.com",""
"","","","1370000.0","Denver","USA","","","","127","IN","0127 Main Street","Pending","005Qy00001Cft9BIAR","2026-06-16T18:33:23.000Z","","","1","","","","001Qy000029nUfCIAU","Media","false","","","","005Qy00001Cft9BIAR","2026-06-16T18:33:26.000Z","","","","","","137","","","005Qy00001Cft9BIAR","","","(555) 100-0127","/services/images/photo/001Qy000029nUfCIAU","","012Qy00000BACRNIA5","","","","","","","IN","229b Baker st. before update trigger","","","","","","","2026-06-16T18:33:26.000Z","Test","","0.0","","","Other","","https://test0127.example.com",""
"","","","1380000.0","Austin","USA","","","","128","IN","0128 Main Street","Pending","005Qy00001Cft9BIAR","2026-06-16T18:33:23.000Z","","","1","","","","001Qy000029nUfDIAU","Government","false","","","","005Qy00001Cft9BIAR","2026-06-16T18:33:26.000Z","","","","","","138","","","005Qy00001Cft9BIAR","","","(555) 100-0128","/services/images/photo/001Qy000029nUfDIAU","","012Qy00000BACRNIA5","","","","","","","IN","229b Baker st. before update trigger","","","","","","","2026-06-16T18:33:26.000Z","Test","","0.0","","","Prospect","","https://test0128.example.com",""
"","","","1390000.0","Atlanta","USA","","","","129","IN","0129 Main Street","Pending","005Qy00001Cft9BIAR","2026-06-16T18:33:23.000Z","","","1","","","","001Qy000029nUfEIAU","Nonprofit","false","","","","005Qy00001Cft9BIAR","2026-06-16T18:33:26.000Z","","","","","","139","","","005Qy00001Cft9BIAR","","","(555) 100-0129","/services/images/photo/001Qy000029nUfEIAU","","012Qy00000BACRNIA5","","","","","","","IN","229b Baker st. before update trigger","","","","","","","2026-06-16T18:33:26.000Z","Test","","0.0","","","Customer","","https://test0129.example.com",""
"","","","1400000.0","San Francisco","USA","","","","130","IN","0130 Main Street","Pending","005Qy00001Cft9BIAR","2026-06-16T18:33:23.000Z","","","1","","","","001Qy000029nUfFIAU","Technology","false","","","","005Qy00001Cft9BIAR","2026-06-16T18:33:26.000Z","","","","","","140","","","005Qy00001Cft9BIAR","","","(555) 100-0130","/services/images/photo/001Qy000029nUfFIAU","","012Qy00000BACRNIA5","","","","","","","IN","229b Baker st. before update trigger","","","","","","","2026-06-16T18:33:26.000Z","Test","","0.0","","","Partner","","https://test0130.example.com",""
"","","","1410000.0","New York","USA","","","","131","IN","0131 Main Street","Pending","005Qy00001Cft9BIAR","2026-06-16T18:33:23.000Z","","","1","","","","001Qy000029nUfGIAU","Healthcare","false","","","","005Qy00001Cft9BIAR","2026-06-16T18:33:26.000Z","","","","","","141","","","005Qy00001Cft9BIAR","","","(555) 100-0131","/services/images/photo/001Qy000029nUfGIAU","","012Qy00000BACRNIA5","","","","","","","IN","229b Baker st. before update trigger","","","","","","","2026-06-16T18:33:26.000Z","Test","","0.0","","","Other","","https://test0131.example.com",""
"","","","1420000.0","Chicago","USA","","","","132","IN","0132 Main Street","Pending","005Qy00001Cft9BIAR","2026-06-16T18:33:23.000Z","","","1","","","","001Qy000029nUfHIAU","Finance","false","","","","005Qy00001Cft9BIAR","2026-06-16T18:33:26.000Z","","","","","","142","","","005Qy00001Cft9BIAR","","","(555) 100-0132","/services/images/photo/001Qy000029nUfHIAU","","012Qy00000BACRNIA5","","","","","","","IN","229b Baker st. before update trigger","","","","","","","2026-06-16T18:33:26.000Z","Test","","0.0","","","Prospect","","https://test0132.example.com",""
"","","","1430000.0","Los Angeles","USA","","","","133","IN","0133 Main Street","Pending","005Qy00001Cft9BIAR","2026-06-16T18:33:23.000Z","","","1","","","","001Qy000029nUfIIAU","Manufacturing","false","","","","005Qy00001Cft9BIAR","2026-06-16T18:33:26.000Z","","","","","","143","","","005Qy00001Cft9BIAR","","","(555) 100-0133","/services/images/photo/001Qy000029nUfIIAU","","012Qy00000BACRNIA5","","","","","","","IN","229b Baker st. before update trigger","","","","","","","2026-06-16T18:33:26.000Z","Test","","0.0","","","Customer","","https://test0133.example.com",""
"","","","1440000.0","Houston","USA","","","","134","IN","0134 Main Street","Pending","005Qy00001Cft9BIAR","2026-06-16T18:33:23.000Z","","","1","","","","001Qy000029nUfJIAU","Retail","false","","","","005Qy00001Cft9BIAR","2026-06-16T18:33:26.000Z","","","","","","144","","","005Qy00001Cft9BIAR","","","(555) 100-0134","/services/images/photo/001Qy000029nUfJIAU","","012Qy00000BACRNIA5","","","","","","","IN","229b Baker st. before update trigger","","","","","","","2026-06-16T18:33:26.000Z","Test","","0.0","","","Partner","","https://test0134.example.com",""
"","","","1450000.0","Boston","USA","","","","135","IN","0135 Main Street","Pending","005Qy00001Cft9BIAR","2026-06-16T18:33:23.000Z","","","1","","","","001Qy000029nUfKIAU","Education","false","","","","005Qy00001Cft9BIAR","2026-06-16T18:33:26.000Z","","","","","","145","","","005Qy00001Cft9BIAR","","","(555) 100-0135","/services/images/photo/001Qy000029nUfKIAU","","012Qy00000BACRNIA5","","","","","","","IN","229b Baker st. before update trigger","","","","","","","2026-06-16T18:33:26.000Z","Test","","0.0","","","Other","","https://test0135.example.com",""
"","","","1460000.0","Seattle","USA","","","","136","IN","0136 Main Street","Pending","005Qy00001Cft9BIAR","2026-06-16T18:33:23.000Z","","","1","","","","001Qy000029nUfLIAU","Energy","false","","","","005Qy00001Cft9BIAR","2026-06-16T18:33:26.000Z","","","","","","146","","","005Qy00001Cft9BIAR","","","(555) 100-0136","/services/images/photo/001Qy000029nUfLIAU","","012Qy00000BACRNIA5","","","","","","","IN","229b Baker st. before update trigger","","","","","","","2026-06-16T18:33:26.000Z","Test","","0.0","","","Prospect","","https://test0136.example.com",""
"","","","1470000.0","Denver","USA","","","","137","IN","0137 Main Street","Pending","005Qy00001Cft9BIAR","2026-06-16T18:33:23.000Z","","","1","","","","001Qy000029nUfMIAU","Media","false","","","","005Qy00001Cft9BIAR","2026-06-16T18:33:26.000Z","","","","","","147","","","005Qy00001Cft9BIAR","","","(555) 100-0137","/services/images/photo/001Qy000029nUfMIAU","","012Qy00000BACRNIA5","","","","","","","IN","229b Baker st. before update trigger","","","","","","","2026-06-16T18:33:26.000Z","Test","","0.0","","","Customer","","https://test0137.example.com",""
"","","","1480000.0","Austin","USA","","","","138","IN","0138 Main Street","Pending","005Qy00001Cft9BIAR","2026-06-16T18:33:23.000Z","","","1","","","","001Qy000029nUfNIAU","Government","false","","","","005Qy00001Cft9BIAR","2026-06-16T18:33:26.000Z","","","","","","148","","","005Qy00001Cft9BIAR","","","(555) 100-0138","/services/images/photo/001Qy000029nUfNIAU","","012Qy00000BACRNIA5","","","","","","","IN","229b Baker st. before update trigger","","","","","","","2026-06-16T18:33:26.000Z","Test","","0.0","","","Partner","","https://test0138.example.com",""
"","","","1490000.0","Atlanta","USA","","","","139","IN","0139 Main Street","Pending","005Qy00001Cft9BIAR","2026-06-16T18:33:23.000Z","","","1","","","","001Qy000029nUfOIAU","Nonprofit","false","","","","005Qy00001Cft9BIAR","2026-06-16T18:33:26.000Z","","","","","","149","","","005Qy00001Cft9BIAR","","","(555) 100-0139","/services/images/photo/001Qy000029nUfOIAU","","012Qy00000BACRNIA5","","","","","","","IN","229b Baker st. before update trigger","","","","","","","2026-06-16T18:33:26.000Z","Test","","0.0","","","Other","","https://test0139.example.com",""
"","","","1500000.0","San Francisco","USA","","","","140","IN","0140 Main Street","Pending","005Qy00001Cft9BIAR","2026-06-16T18:33:23.000Z","","","1","","","","001Qy000029nUfPIAU","Technology","false","","","","005Qy00001Cft9BIAR","2026-06-16T18:33:26.000Z","","","","","","150","","","005Qy00001Cft9BIAR","","","(555) 100-0140","/services/images/photo/001Qy000029nUfPIAU","","012Qy00000BACRNIA5","","","","","","","IN","229b Baker st. before update trigger","","","","","","","2026-06-16T18:33:26.000Z","Test","","0.0","","","Prospect","","https://test0140.example.com",""
"","","","1510000.0","New York","USA","","","","141","IN","0141 Main Street","Pending","005Qy00001Cft9BIAR","2026-06-16T18:33:23.000Z","","","1","","","","001Qy000029nUfQIAU","Healthcare","false","","","","005Qy00001Cft9BIAR","2026-06-16T18:33:26.000Z","","","","","","151","","","005Qy00001Cft9BIAR","","","(555) 100-0141","/services/images/photo/001Qy000029nUfQIAU","","012Qy00000BACRNIA5","","","","","","","IN","229b Baker st. before update trigger","","","","","","","2026-06-16T18:33:26.000Z","Test","","0.0","","","Customer","","https://test0141.example.com",""
"","","","1520000.0","Chicago","USA","","","","142","IN","0142 Main Street","Pending","005Qy00001Cft9BIAR","2026-06-16T18:33:23.000Z","","","1","","","","001Qy000029nUfRIAU","Finance","false","","","","005Qy00001Cft9BIAR","2026-06-16T18:33:26.000Z","","","","","","152","","","005Qy00001Cft9BIAR","","","(555) 100-0142","/services/images/photo/001Qy000029nUfRIAU","","012Qy00000BACRNIA5","","","","","","","IN","229b Baker st. before update trigger","","","","","","","2026-06-16T18:33:26.000Z","Test","","0.0","","","Partner","","https://test0142.example.com",""
"","","","1530000.0","Los Angeles","USA","","","","143","IN","0143 Main Street","Pending","005Qy00001Cft9BIAR","2026-06-16T18:33:23.000Z","","","1","","","","001Qy000029nUfSIAU","Manufacturing","false","","","","005Qy00001Cft9BIAR","2026-06-16T18:33:26.000Z","","","","","","153","","","005Qy00001Cft9BIAR","","","(555) 100-0143","/services/images/photo/001Qy000029nUfSIAU","","012Qy00000BACRNIA5","","","","","","","IN","229b Baker st. before update trigger","","","","","","","2026-06-16T18:33:26.000Z","Test","","0.0","","","Other","","https://test0143.example.com",""
"","","","1540000.0","Houston","USA","","","","144","IN","0144 Main Street","Pending","005Qy00001Cft9BIAR","2026-06-16T18:33:23.000Z","","","1","","","","001Qy000029nUfTIAU","Retail","false","","","","005Qy00001Cft9BIAR","2026-06-16T18:33:26.000Z","","","","","","154","","","005Qy00001Cft9BIAR","","","(555) 100-0144","/services/images/photo/001Qy000029nUfTIAU","","012Qy00000BACRNIA5","","","","","","","IN","229b Baker st. before update trigger","","","","","","","2026-06-16T18:33:26.000Z","Test","","0.0","","","Prospect","","https://test0144.example.com",""
"","","","1550000.0","Boston","USA","","","","145","IN","0145 Main Street","Pending","005Qy00001Cft9BIAR","2026-06-16T18:33:23.000Z","","","1","","","","001Qy000029nUfUIAU","Education","false","","","","005Qy00001Cft9BIAR","2026-06-16T18:33:26.000Z","","","","","","155","","","005Qy00001Cft9BIAR","","","(555) 100-0145","/services/images/photo/001Qy000029nUfUIAU","","012Qy00000BACRNIA5","","","","","","","IN","229b Baker st. before update trigger","","","","","","","2026-06-16T18:33:26.000Z","Test","","0.0","","","Customer","","https://test0145.example.com",""
"","","","1560000.0","Seattle","USA","","","","146","IN","0146 Main Street","Pending","005Qy00001Cft9BIAR","2026-06-16T18:33:23.000Z","","","1","","","","001Qy000029nUfVIAU","Energy","false","","","","005Qy00001Cft9BIAR","2026-06-16T18:33:26.000Z","","","","","","156","","","005Qy00001Cft9BIAR","","","(555) 100-0146","/services/images/photo/001Qy000029nUfVIAU","","012Qy00000BACRNIA5","","","","","","","IN","229b Baker st. before update trigger","","","","","","","2026-06-16T18:33:26.000Z","Test","","0.0","","","Partner","","https://test0146.example.com",""
"","","","1570000.0","Denver","USA","","","","147","IN","0147 Main Street","Pending","005Qy00001Cft9BIAR","2026-06-16T18:33:23.000Z","","","1","","","","001Qy000029nUfWIAU","Media","false","","","","005Qy00001Cft9BIAR","2026-06-16T18:33:26.000Z","","","","","","157","","","005Qy00001Cft9BIAR","","","(555) 100-0147","/services/images/photo/001Qy000029nUfWIAU","","012Qy00000BACRNIA5","","","","","","","IN","229b Baker st. before update trigger","","","","","","","2026-06-16T18:33:26.000Z","Test","","0.0","","","Other","","https://test0147.example.com",""
"","","","1580000.0","Austin","USA","","","","148","IN","0148 Main Street","Pending","005Qy00001Cft9BIAR","2026-06-16T18:33:23.000Z","","","1","","","","001Qy000029nUfXIAU","Government","false","","","","005Qy00001Cft9BIAR","2026-06-16T18:33:26.000Z","","","","","","158","","","005Qy00001Cft9BIAR","","","(555) 100-0148","/services/images/photo/001Qy000029nUfXIAU","","012Qy00000BACRNIA5","","","","","","","IN","229b Baker st. before update trigger","","","","","","","2026-06-16T18:33:26.000Z","Test","","0.0","","","Prospect","","https://test0148.example.com",""
"","","","1590000.0","Atlanta","USA","","","","149","IN","0149 Main Street","Pending","005Qy00001Cft9BIAR","2026-06-16T18:33:23.000Z","","","1","","","","001Qy000029nUfYIAU","Nonprofit","false","","","","005Qy00001Cft9BIAR","2026-06-16T18:33:26.000Z","","","","","","159","","","005Qy00001Cft9BIAR","","","(555) 100-0149","/services/images/photo/001Qy000029nUfYIAU","","012Qy00000BACRNIA5","","","","","","","IN","229b Baker st. before update trigger","","","","","","","2026-06-16T18:33:26.000Z","Test","","0.0","","","Customer","","https://test0149.example.com",""
"","","","1600000.0","San Francisco","USA","","","","150","IN","0150 Main Street","Pending","005Qy00001Cft9BIAR","2026-06-16T18:33:23.000Z","","","1","","","","001Qy000029nUfZIAU","Technology","false","","","","005Qy00001Cft9BIAR","2026-06-16T18:33:26.000Z","","","","","","160","","","005Qy00001Cft9BIAR","","","(555) 100-0150","/services/images/photo/001Qy000029nUfZIAU","","012Qy00000BACRNIA5","","","","","","","IN","229b Baker st. before update trigger","","","","","","","2026-06-16T18:33:26.000Z","Test","","0.0","","","Partner","","https://test0150.example.com",""
"","","","1610000.0","New York","USA","","","","151","IN","0151 Main Street","Pending","005Qy00001Cft9BIAR","2026-06-16T18:33:23.000Z","","","1","","","","001Qy000029nUfaIAE","Healthcare","false","","","","005Qy00001Cft9BIAR","2026-06-16T18:33:26.000Z","","","","","","161","","","005Qy00001Cft9BIAR","","","(555) 100-0151","/services/images/photo/001Qy000029nUfaIAE","","012Qy00000BACRNIA5","","","","","","","IN","229b Baker st. before update trigger","","","","","","","2026-06-16T18:33:26.000Z","Test","","0.0","","","Other","","https://test0151.example.com",""
"","","","1620000.0","Chicago","USA","","","","152","IN","0152 Main Street","Pending","005Qy00001Cft9BIAR","2026-06-16T18:33:23.000Z","","","1","","","","001Qy000029nUfbIAE","Finance","false","","","","005Qy00001Cft9BIAR","2026-06-16T18:33:26.000Z","","","","","","162","","","005Qy00001Cft9BIAR","","","(555) 100-0152","/services/images/photo/001Qy000029nUfbIAE","","012Qy00000BACRNIA5","","","","","","","IN","229b Baker st. before update trigger","","","","","","","2026-06-16T18:33:26.000Z","Test","","0.0","","","Prospect","","https://test0152.example.com",""
"","","","1630000.0","Los Angeles","USA","","","","153","IN","0153 Main Street","Pending","005Qy00001Cft9BIAR","2026-06-16T18:33:23.000Z","","","1","","","","001Qy000029nUfcIAE","Manufacturing","false","","","","005Qy00001Cft9BIAR","2026-06-16T18:33:26.000Z","","","","","","163","","","005Qy00001Cft9BIAR","","","(555) 100-0153","/services/images/photo/001Qy000029nUfcIAE","","012Qy00000BACRNIA5","","","","","","","IN","229b Baker st. before update trigger","","","","","","","2026-06-16T18:33:26.000Z","Test","","0.0","","","Customer","","https://test0153.example.com",""
"","","","1640000.0","Houston","USA","","","","154","IN","0154 Main Street","Pending","005Qy00001Cft9BIAR","2026-06-16T18:33:23.000Z","","","1","","","","001Qy000029nUfdIAE","Retail","false","","","","005Qy00001Cft9BIAR","2026-06-16T18:33:26.000Z","","","","","","164","","","005Qy00001Cft9BIAR","","","(555) 100-0154","/services/images/photo/001Qy000029nUfdIAE","","012Qy00000BACRNIA5","","","","","","","IN","229b Baker st. before update trigger","","","","","","","2026-06-16T18:33:26.000Z","Test","","0.0","","","Partner","","https://test0154.example.com",""
"","","","1650000.0","Boston","USA","","","","155","IN","0155 Main Street","Pending","005Qy00001Cft9BIAR","2026-06-16T18:33:23.000Z","","","1","","","","001Qy000029nUfeIAE","Education","false","","","","005Qy00001Cft9BIAR","2026-06-16T18:33:26.000Z","","","","","","165","","","005Qy00001Cft9BIAR","","","(555) 100-0155","/services/images/photo/001Qy000029nUfeIAE","","012Qy00000BACRNIA5","","","","","","","IN","229b Baker st. before update trigger","","","","","","","2026-06-16T18:33:26.000Z","Test","","0.0","","","Other","","https://test0155.example.com",""
"","","","1660000.0","Seattle","USA","","","","156","IN","0156 Main Street","Pending","005Qy00001Cft9BIAR","2026-06-16T18:33:23.000Z","","","1","","","","001Qy000029nUffIAE","Energy","false","","","","005Qy00001Cft9BIAR","2026-06-16T18:33:26.000Z","","","","","","166","","","005Qy00001Cft9BIAR","","","(555) 100-0156","/services/images/photo/001Qy000029nUffIAE","","012Qy00000BACRNIA5","","","","","","","IN","229b Baker st. before update trigger","","","","","","","2026-06-16T18:33:26.000Z","Test","","0.0","","","Prospect","","https://test0156.example.com",""
"","","","1670000.0","Denver","USA","","","","157","IN","0157 Main Street","Pending","005Qy00001Cft9BIAR","2026-06-16T18:33:23.000Z","","","1","","","","001Qy000029nUfgIAE","Media","false","","","","005Qy00001Cft9BIAR","2026-06-16T18:33:26.000Z","","","","","","167","","","005Qy00001Cft9BIAR","","","(555) 100-0157","/services/images/photo/001Qy000029nUfgIAE","","012Qy00000BACRNIA5","","","","","","","IN","229b Baker st. before update trigger","","","","","","","2026-06-16T18:33:26.000Z","Test","","0.0","","","Customer","","https://test0157.example.com",""
"","","","1680000.0","Austin","USA","","","","158","IN","0158 Main Street","Pending","005Qy00001Cft9BIAR","2026-06-16T18:33:23.000Z","","","1","","","","001Qy000029nUfhIAE","Government","false","","","","005Qy00001Cft9BIAR","2026-06-16T18:33:26.000Z","","","","","","168","","","005Qy00001Cft9BIAR","","","(555) 100-0158","/services/images/photo/001Qy000029nUfhIAE","","012Qy00000BACRNIA5","","","","","","","IN","229b Baker st. before update trigger","","","","","","","2026-06-16T18:33:26.000Z","Test","","0.0","","","Partner","","https://test0158.example.com",""
"","","","1690000.0","Atlanta","USA","","","","159","IN","0159 Main Street","Pending","005Qy00001Cft9BIAR","2026-06-16T18:33:23.000Z","","","1","","","","001Qy000029nUfiIAE","Nonprofit","false","","","","005Qy00001Cft9BIAR","2026-06-16T18:33:26.000Z","","","","","","169","","","005Qy00001Cft9BIAR","","","(555) 100-0159","/services/images/photo/001Qy000029nUfiIAE","","012Qy00000BACRNIA5","","","","","","","IN","229b Baker st. before update trigger","","","","","","","2026-06-16T18:33:26.000Z","Test","","0.0","","","Other","","https://test0159.example.com",""
"","","","1700000.0","San Francisco","USA","","","","160","IN","0160 Main Street","Pending","005Qy00001Cft9BIAR","2026-06-16T18:33:23.000Z","","","1","","","","001Qy000029nUfjIAE","Technology","false","","","","005Qy00001Cft9BIAR","2026-06-16T18:33:26.000Z","","","","","","170","","","005Qy00001Cft9BIAR","","","(555) 100-0160","/services/images/photo/001Qy000029nUfjIAE","","012Qy00000BACRNIA5","","","","","","","IN","229b Baker st. before update trigger","","","","","","","2026-06-16T18:33:26.000Z","Test","","0.0","","","Prospect","","https://test0160.example.com",""
"","","","1710000.0","New York","USA","","","","161","IN","0161 Main Street","Pending","005Qy00001Cft9BIAR","2026-06-16T18:33:23.000Z","","","1","","","","001Qy000029nUfkIAE","Healthcare","false","","","","005Qy00001Cft9BIAR","2026-06-16T18:33:26.000Z","","","","","","171","","","005Qy00001Cft9BIAR","","","(555) 100-0161","/services/images/photo/001Qy000029nUfkIAE","","012Qy00000BACRNIA5","","","","","","","IN","229b Baker st. before update trigger","","","","","","","2026-06-16T18:33:26.000Z","Test","","0.0","","","Customer","","https://test0161.example.com",""
"","","","1720000.0","Chicago","USA","","","","162","IN","0162 Main Street","Pending","005Qy00001Cft9BIAR","2026-06-16T18:33:23.000Z","","","1","","","","001Qy000029nUflIAE","Finance","false","","","","005Qy00001Cft9BIAR","2026-06-16T18:33:26.000Z","","","","","","172","","","005Qy00001Cft9BIAR","","","(555) 100-0162","/services/images/photo/001Qy000029nUflIAE","","012Qy00000BACRNIA5","","","","","","","IN","229b Baker st. before update trigger","","","","","","","2026-06-16T18:33:26.000Z","Test","","0.0","","","Partner","","https://test0162.example.com",""
"","","","1730000.0","Los Angeles","USA","","","","163","IN","0163 Main Street","Pending","005Qy00001Cft9BIAR","2026-06-16T18:33:23.000Z","","","1","","","","001Qy000029nUfmIAE","Manufacturing","false","","","","005Qy00001Cft9BIAR","2026-06-16T18:33:26.000Z","","","","","","173","","","005Qy00001Cft9BIAR","","","(555) 100-0163","/services/images/photo/001Qy000029nUfmIAE","","012Qy00000BACRNIA5","","","","","","","IN","229b Baker st. before update trigger","","","","","","","2026-06-16T18:33:26.000Z","Test","","0.0","","","Other","","https://test0163.example.com",""
"","","","1740000.0","Houston","USA","","","","164","IN","0164 Main Street","Pending","005Qy00001Cft9BIAR","2026-06-16T18:33:23.000Z","","","1","","","","001Qy000029nUfnIAE","Retail","false","","","","005Qy00001Cft9BIAR","2026-06-16T18:33:26.000Z","","","","","","174","","","005Qy00001Cft9BIAR","","","(555) 100-0164","/services/images/photo/001Qy000029nUfnIAE","","012Qy00000BACRNIA5","","","","","","","IN","229b Baker st. before update trigger","","","","","","","2026-06-16T18:33:26.000Z","Test","","0.0","","","Prospect","","https://test0164.example.com",""
"","","","1750000.0","Boston","USA","","","","165","IN","0165 Main Street","Pending","005Qy00001Cft9BIAR","2026-06-16T18:33:23.000Z","","","1","","","","001Qy000029nUfoIAE","Education","false","","","","005Qy00001Cft9BIAR","2026-06-16T18:33:26.000Z","","","","","","175","","","005Qy00001Cft9BIAR","","","(555) 100-0165","/services/images/photo/001Qy000029nUfoIAE","","012Qy00000BACRNIA5","","","","","","","IN","229b Baker st. before update trigger","","","","","","","2026-06-16T18:33:26.000Z","Test","","0.0","","","Customer","","https://test0165.example.com",""
"","","","1760000.0","Seattle","USA","","","","166","IN","0166 Main Street","Pending","005Qy00001Cft9BIAR","2026-06-16T18:33:23.000Z","","","1","","","","001Qy000029nUfpIAE","Energy","false","","","","005Qy00001Cft9BIAR","2026-06-16T18:33:26.000Z","","","","","","176","","","005Qy00001Cft9BIAR","","","(555) 100-0166","/services/images/photo/001Qy000029nUfpIAE","","012Qy00000BACRNIA5","","","","","","","IN","229b Baker st. before update trigger","","","","","","","2026-06-16T18:33:26.000Z","Test","","0.0","","","Partner","","https://test0166.example.com",""
"","","","1770000.0","Denver","USA","","","","167","IN","0167 Main Street","Pending","005Qy00001Cft9BIAR","2026-06-16T18:33:23.000Z","","","1","","","","001Qy000029nUfqIAE","Media","false","","","","005Qy00001Cft9BIAR","2026-06-16T18:33:26.000Z","","","","","","177","","","005Qy00001Cft9BIAR","","","(555) 100-0167","/services/images/photo/001Qy000029nUfqIAE","","012Qy00000BACRNIA5","","","","","","","IN","229b Baker st. before update trigger","","","","","","","2026-06-16T18:33:26.000Z","Test","","0.0","","","Other","","https://test0167.example.com",""
"","","","1780000.0","Austin","USA","","","","168","IN","0168 Main Street","Pending","005Qy00001Cft9BIAR","2026-06-16T18:33:23.000Z","","","1","","","","001Qy000029nUfrIAE","Government","false","","","","005Qy00001Cft9BIAR","2026-06-16T18:33:26.000Z","","","","","","178","","","005Qy00001Cft9BIAR","","","(555) 100-0168","/services/images/photo/001Qy000029nUfrIAE","","012Qy00000BACRNIA5","","","","","","","IN","229b Baker st. before update trigger","","","","","","","2026-06-16T18:33:26.000Z","Test","","0.0","","","Prospect","","https://test0168.example.com",""
"","","","1790000.0","Atlanta","USA","","","","169","IN","0169 Main Street","Pending","005Qy00001Cft9BIAR","2026-06-16T18:33:23.000Z","","","1","","","","001Qy000029nUfsIAE","Nonprofit","false","","","","005Qy00001Cft9BIAR","2026-06-16T18:33:26.000Z","","","","","","179","","","005Qy00001Cft9BIAR","","","(555) 100-0169","/services/images/photo/001Qy000029nUfsIAE","","012Qy00000BACRNIA5","","","","","","","IN","229b Baker st. before update trigger","","","","","","","2026-06-16T18:33:26.000Z","Test","","0.0","","","Customer","","https://test0169.example.com",""
"","","","1800000.0","San Francisco","USA","","","","170","IN","0170 Main Street","Pending","005Qy00001Cft9BIAR","2026-06-16T18:33:23.000Z","","","1","","","","001Qy000029nUftIAE","Technology","false","","","","005Qy00001Cft9BIAR","2026-06-16T18:33:26.000Z","","","","","","180","","","005Qy00001Cft9BIAR","","","(555) 100-0170","/services/images/photo/001Qy000029nUftIAE","","012Qy00000BACRNIA5","","","","","","","IN","229b Baker st. before update trigger","","","","","","","2026-06-16T18:33:26.000Z","Test","","0.0","","","Partner","","https://test0170.example.com",""
"","","","1810000.0","New York","USA","","","","171","IN","0171 Main Street","Pending","005Qy00001Cft9BIAR","2026-06-16T18:33:23.000Z","","","1","","","","001Qy000029nUfuIAE","Healthcare","false","","","","005Qy00001Cft9BIAR","2026-06-16T18:33:26.000Z","","","","","","181","","","005Qy00001Cft9BIAR","","","(555) 100-0171","/services/images/photo/001Qy000029nUfuIAE","","012Qy00000BACRNIA5","","","","","","","IN","229b Baker st. before update trigger","","","","","","","2026-06-16T18:33:26.000Z","Test","","0.0","","","Other","","https://test0171.example.com",""
"","","","1820000.0","Chicago","USA","","","","172","IN","0172 Main Street","Pending","005Qy00001Cft9BIAR","2026-06-16T18:33:23.000Z","","","1","","","","001Qy000029nUfvIAE","Finance","false","","","","005Qy00001Cft9BIAR","2026-06-16T18:33:26.000Z","","","","","","182","","","005Qy00001Cft9BIAR","","","(555) 100-0172","/services/images/photo/001Qy000029nUfvIAE","","012Qy00000BACRNIA5","","","","","","","IN","229b Baker st. before update trigger","","","","","","","2026-06-16T18:33:26.000Z","Test","","0.0","","","Prospect","","https://test0172.example.com",""
"","","","1830000.0","Los Angeles","USA","","","","173","IN","0173 Main Street","Pending","005Qy00001Cft9BIAR","2026-06-16T18:33:23.000Z","","","1","","","","001Qy000029nUfwIAE","Manufacturing","false","","","","005Qy00001Cft9BIAR","2026-06-16T18:33:26.000Z","","","","","","183","","","005Qy00001Cft9BIAR","","","(555) 100-0173","/services/images/photo/001Qy000029nUfwIAE","","012Qy00000BACRNIA5","","","","","","","IN","229b Baker st. before update trigger","","","","","","","2026-06-16T18:33:26.000Z","Test","","0.0","","","Customer","","https://test0173.example.com",""
"","","","1840000.0","Houston","USA","","","","174","IN","0174 Main Street","Pending","005Qy00001Cft9BIAR","2026-06-16T18:33:23.000Z","","","1","","","","001Qy000029nUfxIAE","Retail","false","","","","005Qy00001Cft9BIAR","2026-06-16T18:33:26.000Z","","","","","","184","","","005Qy00001Cft9BIAR","","","(555) 100-0174","/services/images/photo/001Qy000029nUfxIAE","","012Qy00000BACRNIA5","","","","","","","IN","229b Baker st. before update trigger","","","","","","","2026-06-16T18:33:26.000Z","Test","","0.0","","","Partner","","https://test0174.example.com",""
"","","","1850000.0","Boston","USA","","","","175","IN","0175 Main Street","Pending","005Qy00001Cft9BIAR","2026-06-16T18:33:23.000Z","","","1","","","","001Qy000029nUfyIAE","Education","false","","","","005Qy00001Cft9BIAR","2026-06-16T18:33:26.000Z","","","","","","185","","","005Qy00001Cft9BIAR","","","(555) 100-0175","/services/images/photo/001Qy000029nUfyIAE","","012Qy00000BACRNIA5","","","","","","","IN","229b Baker st. before update trigger","","","","","","","2026-06-16T18:33:26.000Z","Test","","0.0","","","Other","","https://test0175.example.com",""
"","","","1860000.0","Seattle","USA","","","","176","IN","0176 Main Street","Pending","005Qy00001Cft9BIAR","2026-06-16T18:33:23.000Z","","","1","","","","001Qy000029nUfzIAE","Energy","false","","","","005Qy00001Cft9BIAR","2026-06-16T18:33:26.000Z","","","","","","186","","","005Qy00001Cft9BIAR","","","(555) 100-0176","/services/images/photo/001Qy000029nUfzIAE","","012Qy00000BACRNIA5","","","","","","","IN","229b Baker st. before update trigger","","","","","","","2026-06-16T18:33:26.000Z","Test","","0.0","","","Prospect","","https://test0176.example.com",""
"","","","1870000.0","Denver","USA","","","","177","IN","0177 Main Street","Pending","005Qy00001Cft9BIAR","2026-06-16T18:33:23.000Z","","","1","","","","001Qy000029nUg0IAE","Media","false","","","","005Qy00001Cft9BIAR","2026-06-16T18:33:26.000Z","","","","","","187","","","005Qy00001Cft9BIAR","","","(555) 100-0177","/services/images/photo/001Qy000029nUg0IAE","","012Qy00000BACRNIA5","","","","","","","IN","229b Baker st. before update trigger","","","","","","","2026-06-16T18:33:26.000Z","Test","","0.0","","","Customer","","https://test0177.example.com",""
"","","","1880000.0","Austin","USA","","","","178","IN","0178 Main Street","Pending","005Qy00001Cft9BIAR","2026-06-16T18:33:23.000Z","","","1","","","","001Qy000029nUg1IAE","Government","false","","","","005Qy00001Cft9BIAR","2026-06-16T18:33:26.000Z","","","","","","188","","","005Qy00001Cft9BIAR","","","(555) 100-0178","/services/images/photo/001Qy000029nUg1IAE","","012Qy00000BACRNIA5","","","","","","","IN","229b Baker st. before update trigger","","","","","","","2026-06-16T18:33:26.000Z","Test","","0.0","","","Partner","","https://test0178.example.com",""
"","","","1890000.0","Atlanta","USA","","","","179","IN","0179 Main Street","Pending","005Qy00001Cft9BIAR","2026-06-16T18:33:23.000Z","","","1","","","","001Qy000029nUg2IAE","Nonprofit","false","","","","005Qy00001Cft9BIAR","2026-06-16T18:33:26.000Z","","","","","","189","","","005Qy00001Cft9BIAR","","","(555) 100-0179","/services/images/photo/001Qy000029nUg2IAE","","012Qy00000BACRNIA5","","","","","","","IN","229b Baker st. before update trigger","","","","","","","2026-06-16T18:33:26.000Z","Test","","0.0","","","Other","","https://test0179.example.com",""
"","","","1900000.0","San Francisco","USA","","","","180","IN","0180 Main Street","Pending","005Qy00001Cft9BIAR","2026-06-16T18:33:23.000Z","","","1","","","","001Qy000029nUg3IAE","Technology","false","","","","005Qy00001Cft9BIAR","2026-06-16T18:33:26.000Z","","","","","","190","","","005Qy00001Cft9BIAR","","","(555) 100-0180","/services/images/photo/001Qy000029nUg3IAE","","012Qy00000BACRNIA5","","","","","","","IN","229b Baker st. before update trigger","","","","","","","2026-06-16T18:33:26.000Z","Test","","0.0","","","Prospect","","https://test0180.example.com",""
"","","","1910000.0","New York","USA","","","","181","IN","0181 Main Street","Pending","005Qy00001Cft9BIAR","2026-06-16T18:33:23.000Z","","","1","","","","001Qy000029nUg4IAE","Healthcare","false","","","","005Qy00001Cft9BIAR","2026-06-16T18:33:26.000Z","","","","","","191","","","005Qy00001Cft9BIAR","","","(555) 100-0181","/services/images/photo/001Qy000029nUg4IAE","","012Qy00000BACRNIA5","","","","","","","IN","229b Baker st. before update trigger","","","","","","","2026-06-16T18:33:26.000Z","Test","","0.0","","","Customer","","https://test0181.example.com",""
"","","","1920000.0","Chicago","USA","","","","182","IN","0182 Main Street","Pending","005Qy00001Cft9BIAR","2026-06-16T18:33:23.000Z","","","1","","","","001Qy000029nUg5IAE","Finance","false","","","","005Qy00001Cft9BIAR","2026-06-16T18:33:26.000Z","","","","","","192","","","005Qy00001Cft9BIAR","","","(555) 100-0182","/services/images/photo/001Qy000029nUg5IAE","","012Qy00000BACRNIA5","","","","","","","IN","229b Baker st. before update trigger","","","","","","","2026-06-16T18:33:26.000Z","Test","","0.0","","","Partner","","https://test0182.example.com",""
"","","","1930000.0","Los Angeles","USA","","","","183","IN","0183 Main Street","Pending","005Qy00001Cft9BIAR","2026-06-16T18:33:23.000Z","","","1","","","","001Qy000029nUg6IAE","Manufacturing","false","","","","005Qy00001Cft9BIAR","2026-06-16T18:33:26.000Z","","","","","","193","","","005Qy00001Cft9BIAR","","","(555) 100-0183","/services/images/photo/001Qy000029nUg6IAE","","012Qy00000BACRNIA5","","","","","","","IN","229b Baker st. before update trigger","","","","","","","2026-06-16T18:33:26.000Z","Test","","0.0","","","Other","","https://test0183.example.com",""
"","","","1940000.0","Houston","USA","","","","184","IN","0184 Main Street","Pending","005Qy00001Cft9BIAR","2026-06-16T18:33:23.000Z","","","1","","","","001Qy000029nUg7IAE","Retail","false","","","","005Qy00001Cft9BIAR","2026-06-16T18:33:26.000Z","","","","","","194","","","005Qy00001Cft9BIAR","","","(555) 100-0184","/services/images/photo/001Qy000029nUg7IAE","","012Qy00000BACRNIA5","","","","","","","IN","229b Baker st. before update trigger","","","","","","","2026-06-16T18:33:26.000Z","Test","","0.0","","","Prospect","","https://test0184.example.com",""
"","","","1950000.0","Boston","USA","","","","185","IN","0185 Main Street","Pending","005Qy00001Cft9BIAR","2026-06-16T18:33:23.000Z","","","1","","","","001Qy000029nUg8IAE","Education","false","","","","005Qy00001Cft9BIAR","2026-06-16T18:33:26.000Z","","","","","","195","","","005Qy00001Cft9BIAR","","","(555) 100-0185","/services/images/photo/001Qy000029nUg8IAE","","012Qy00000BACRNIA5","","","","","","","IN","229b Baker st. before update trigger","","","","","","","2026-06-16T18:33:26.000Z","Test","","0.0","","","Customer","","https://test0185.example.com",""
"","","","1960000.0","Seattle","USA","","","","186","IN","0186 Main Street","Pending","005Qy00001Cft9BIAR","2026-06-16T18:33:23.000Z","","","1","","","","001Qy000029nUg9IAE","Energy","false","","","","005Qy00001Cft9BIAR","2026-06-16T18:33:26.000Z","","","","","","196","","","005Qy00001Cft9BIAR","","","(555) 100-0186","/services/images/photo/001Qy000029nUg9IAE","","012Qy00000BACRNIA5","","","","","","","IN","229b Baker st. before update trigger","","","","","","","2026-06-16T18:33:26.000Z","Test","","0.0","","","Partner","","https://test0186.example.com",""
"","","","1970000.0","Denver","USA","","","","187","IN","0187 Main Street","Pending","005Qy00001Cft9BIAR","2026-06-16T18:33:23.000Z","","","1","","","","001Qy000029nUgAIAU","Media","false","","","","005Qy00001Cft9BIAR","2026-06-16T18:33:26.000Z","","","","","","197","","","005Qy00001Cft9BIAR","","","(555) 100-0187","/services/images/photo/001Qy000029nUgAIAU","","012Qy00000BACRNIA5","","","","","","","IN","229b Baker st. before update trigger","","","","","","","2026-06-16T18:33:26.000Z","Test","","0.0","","","Other","","https://test0187.example.com",""
"","","","1980000.0","Austin","USA","","","","188","IN","0188 Main Street","Pending","005Qy00001Cft9BIAR","2026-06-16T18:33:23.000Z","","","1","","","","001Qy000029nUgBIAU","Government","false","","","","005Qy00001Cft9BIAR","2026-06-16T18:33:26.000Z","","","","","","198","","","005Qy00001Cft9BIAR","","","(555) 100-0188","/services/images/photo/001Qy000029nUgBIAU","","012Qy00000BACRNIA5","","","","","","","IN","229b Baker st. before update trigger","","","","","","","2026-06-16T18:33:26.000Z","Test","","0.0","","","Prospect","","https://test0188.example.com",""
"","","","1990000.0","Atlanta","USA","","","","189","IN","0189 Main Street","Pending","005Qy00001Cft9BIAR","2026-06-16T18:33:23.000Z","","","1","","","","001Qy000029nUgCIAU","Nonprofit","false","","","","005Qy00001Cft9BIAR","2026-06-16T18:33:26.000Z","","","","","","199","","","005Qy00001Cft9BIAR","","","(555) 100-0189","/services/images/photo/001Qy000029nUgCIAU","","012Qy00000BACRNIA5","","","","","","","IN","229b Baker st. before update trigger","","","","","","","2026-06-16T18:33:26.000Z","Test","","0.0","","","Customer","","https://test0189.example.com",""
"","","","2000000.0","San Francisco","USA","","","","190","IN","0190 Main Street","Pending","005Qy00001Cft9BIAR","2026-06-16T18:33:23.000Z","","","1","","","","001Qy000029nUgDIAU","Technology","false","","","","005Qy00001Cft9BIAR","2026-06-16T18:33:26.000Z","","","","","","200","","","005Qy00001Cft9BIAR","","","(555) 100-0190","/services/images/photo/001Qy000029nUgDIAU","","012Qy00000BACRNIA5","","","","","","","IN","229b Baker st. before update trigger","","","","","","","2026-06-16T18:33:26.000Z","Test","","0.0","","","Partner","","https://test0190.example.com",""
"","","","2010000.0","New York","USA","","","","191","IN","0191 Main Street","Pending","005Qy00001Cft9BIAR","2026-06-16T18:33:23.000Z","","","1","","","","001Qy000029nUgEIAU","Healthcare","false","","","","005Qy00001Cft9BIAR","2026-06-16T18:33:26.000Z","","","","","","201","","","005Qy00001Cft9BIAR","","","(555) 100-0191","/services/images/photo/001Qy000029nUgEIAU","","012Qy00000BACRNIA5","","","","","","","IN","229b Baker st. before update trigger","","","","","","","2026-06-16T18:33:26.000Z","Test","","0.0","","","Other","","https://test0191.example.com",""
"","","","2020000.0","Chicago","USA","","","","192","IN","0192 Main Street","Pending","005Qy00001Cft9BIAR","2026-06-16T18:33:23.000Z","","","1","","","","001Qy000029nUgFIAU","Finance","false","","","","005Qy00001Cft9BIAR","2026-06-16T18:33:26.000Z","","","","","","202","","","005Qy00001Cft9BIAR","","","(555) 100-0192","/services/images/photo/001Qy000029nUgFIAU","","012Qy00000BACRNIA5","","","","","","","IN","229b Baker st. before update trigger","","","","","","","2026-06-16T18:33:26.000Z","Test","","0.0","","","Prospect","","https://test0192.example.com",""
"","","","2030000.0","Los Angeles","USA","","","","193","IN","0193 Main Street","Pending","005Qy00001Cft9BIAR","2026-06-16T18:33:23.000Z","","","1","","","","001Qy000029nUgGIAU","Manufacturing","false","","","","005Qy00001Cft9BIAR","2026-06-16T18:33:26.000Z","","","","","","203","","","005Qy00001Cft9BIAR","","","(555) 100-0193","/services/images/photo/001Qy000029nUgGIAU","","012Qy00000BACRNIA5","","","","","","","IN","229b Baker st. before update trigger","","","","","","","2026-06-16T18:33:26.000Z","Test","","0.0","","","Customer","","https://test0193.example.com",""
"","","","2040000.0","Houston","USA","","","","194","IN","0194 Main Street","Pending","005Qy00001Cft9BIAR","2026-06-16T18:33:23.000Z","","","1","","","","001Qy000029nUgHIAU","Retail","false","","","","005Qy00001Cft9BIAR","2026-06-16T18:33:26.000Z","","","","","","204","","","005Qy00001Cft9BIAR","","","(555) 100-0194","/services/images/photo/001Qy000029nUgHIAU","","012Qy00000BACRNIA5","","","","","","","IN","229b Baker st. before update trigger","","","","","","","2026-06-16T18:33:26.000Z","Test","","0.0","","","Partner","","https://test0194.example.com",""
"","","","2050000.0","Boston","USA","","","","195","IN","0195 Main Street","Pending","005Qy00001Cft9BIAR","2026-06-16T18:33:23.000Z","","","1","","","","001Qy000029nUgIIAU","Education","false","","","","005Qy00001Cft9BIAR","2026-06-16T18:33:26.000Z","","","","","","205","","","005Qy00001Cft9BIAR","","","(555) 100-0195","/services/images/photo/001Qy000029nUgIIAU","","012Qy00000BACRNIA5","","","","","","","IN","229b Baker st. before update trigger","","","","","","","2026-06-16T18:33:26.000Z","Test","","0.0","","","Other","","https://test0195.example.com",""
"","","","2060000.0","Seattle","USA","","","","196","IN","0196 Main Street","Pending","005Qy00001Cft9BIAR","2026-06-16T18:33:23.000Z","","","1","","","","001Qy000029nUgJIAU","Energy","false","","","","005Qy00001Cft9BIAR","2026-06-16T18:33:26.000Z","","","","","","206","","","005Qy00001Cft9BIAR","","","(555) 100-0196","/services/images/photo/001Qy000029nUgJIAU","","012Qy00000BACRNIA5","","","","","","","IN","229b Baker st. before update trigger","","","","","","","2026-06-16T18:33:26.000Z","Test","","0.0","","","Prospect","","https://test0196.example.com",""
"","","","2070000.0","Denver","USA","","","","197","IN","0197 Main Street","Pending","005Qy00001Cft9BIAR","2026-06-16T18:33:23.000Z","","","1","","","","001Qy000029nUgKIAU","Media","false","","","","005Qy00001Cft9BIAR","2026-06-16T18:33:26.000Z","","","","","","207","","","005Qy00001Cft9BIAR","","","(555) 100-0197","/services/images/photo/001Qy000029nUgKIAU","","012Qy00000BACRNIA5","","","","","","","IN","229b Baker st. before update trigger","","","","","","","2026-06-16T18:33:26.000Z","Test","","0.0","","","Customer","","https://test0197.example.com",""
"","","","2080000.0","Austin","USA","","","","198","IN","0198 Main Street","Pending","005Qy00001Cft9BIAR","2026-06-16T18:33:23.000Z","","","1","","","","001Qy000029nUgLIAU","Government","false","","","","005Qy00001Cft9BIAR","2026-06-16T18:33:26.000Z","","","","","","208","","","005Qy00001Cft9BIAR","","","(555) 100-0198","/services/images/photo/001Qy000029nUgLIAU","","012Qy00000BACRNIA5","","","","","","","IN","229b Baker st. before update trigger","","","","","","","2026-06-16T18:33:26.000Z","Test","","0.0","","","Partner","","https://test0198.example.com",""
"","","","2090000.0","Atlanta","USA","","","","199","IN","0199 Main Street","Pending","005Qy00001Cft9BIAR","2026-06-16T18:33:23.000Z","","","1","","","","001Qy000029nUgMIAU","Nonprofit","false","","","","005Qy00001Cft9BIAR","2026-06-16T18:33:26.000Z","","","","","","209","","","005Qy00001Cft9BIAR","","","(555) 100-0199","/services/images/photo/001Qy000029nUgMIAU","","012Qy00000BACRNIA5","","","","","","","IN","229b Baker st. before update trigger","","","","","","","2026-06-16T18:33:26.000Z","Test","","0.0","","","Other","","https://test0199.example.com",""
"","","","1080000.0","Austin","USA","","","","98","IN","0098 Main Street","Pending","005Qy00001Cft9BIAR","2026-06-16T18:35:21.000Z","","","1","","","","001Qy000029nUy1IAE","Government","false","","","","005Qy00001Cft9BIAR","2026-06-16T18:35:23.000Z","","","","","","108","","","005Qy00001Cft9BIAR","","","(555) 100-0098","/services/images/photo/001Qy000029nUy1IAE","","012Qy00000BACRNIA5","","","","","","","IN","229b Baker st. before update trigger","","","","","","","2026-06-16T18:35:23.000Z","Test","","0.0","","","Partner","","https://test0098.example.com",""
"","","","1090000.0","Atlanta","USA","","","","99","IN","0099 Main Street","Pending","005Qy00001Cft9BIAR","2026-06-16T18:35:21.000Z","","","1","","","","001Qy000029nUy2IAE","Nonprofit","false","","","","005Qy00001Cft9BIAR","2026-06-16T18:35:23.000Z","","","","","","109","","","005Qy00001Cft9BIAR","","","(555) 100-0099","/services/images/photo/001Qy000029nUy2IAE","","012Qy00000BACRNIA5","","","","","","","IN","229b Baker st. before update trigger","","","","","","","2026-06-16T18:35:23.000Z","Test","","0.0","","","Other","","https://test0099.example.com",""
"","","","1100000.0","San Francisco","USA","","","","100","IN","0100 Main Street","Pending","005Qy00001Cft9BIAR","2026-06-16T18:35:21.000Z","","","1","","","","001Qy000029nUy3IAE","Technology","false","","","","005Qy00001Cft9BIAR","2026-06-16T18:35:23.000Z","","","","","","110","","","005Qy00001Cft9BIAR","","","(555) 100-0100","/services/images/photo/001Qy000029nUy3IAE","","012Qy00000BACRNIA5","","","","","","","IN","229b Baker st. before update trigger","","","","","","","2026-06-16T18:35:23.000Z","Test","","0.0","","","Prospect","","https://test0100.example.com",""
"","","","1110000.0","New York","USA","","","","101","IN","0101 Main Street","Pending","005Qy00001Cft9BIAR","2026-06-16T18:35:21.000Z","","","1","","","","001Qy000029nUy4IAE","Healthcare","false","","","","005Qy00001Cft9BIAR","2026-06-16T18:35:23.000Z","","","","","","111","","","005Qy00001Cft9BIAR","","","(555) 100-0101","/services/images/photo/001Qy000029nUy4IAE","","012Qy00000BACRNIA5","","","","","","","IN","229b Baker st. before update trigger","","","","","","","2026-06-16T18:35:23.000Z","Test","","0.0","","","Customer","","https://test0101.example.com",""
"","","","1120000.0","Chicago","USA","","","","102","IN","0102 Main Street","Pending","005Qy00001Cft9BIAR","2026-06-16T18:35:21.000Z","","","1","","","","001Qy000029nUy5IAE","Finance","false","","","","005Qy00001Cft9BIAR","2026-06-16T18:35:23.000Z","","","","","","112","","","005Qy00001Cft9BIAR","","","(555) 100-0102","/services/images/photo/001Qy000029nUy5IAE","","012Qy00000BACRNIA5","","","","","","","IN","229b Baker st. before update trigger","","","","","","","2026-06-16T18:35:23.000Z","Test","","0.0","","","Partner","","https://test0102.example.com",""
"","","","1130000.0","Los Angeles","USA","","","","103","IN","0103 Main Street","Pending","005Qy00001Cft9BIAR","2026-06-16T18:35:21.000Z","","","1","","","","001Qy000029nUy6IAE","Manufacturing","false","","","","005Qy00001Cft9BIAR","2026-06-16T18:35:23.000Z","","","","","","113","","","005Qy00001Cft9BIAR","","","(555) 100-0103","/services/images/photo/001Qy000029nUy6IAE","","012Qy00000BACRNIA5","","","","","","","IN","229b Baker st. before update trigger","","","","","","","2026-06-16T18:35:23.000Z","Test","","0.0","","","Other","","https://test0103.example.com",""
"","","","1140000.0","Houston","USA","","","","104","IN","0104 Main Street","Pending","005Qy00001Cft9BIAR","2026-06-16T18:35:21.000Z","","","1","","","","001Qy000029nUy7IAE","Retail","false","","","","005Qy00001Cft9BIAR","2026-06-16T18:35:23.000Z","","","","","","114","","","005Qy00001Cft9BIAR","","","(555) 100-0104","/services/images/photo/001Qy000029nUy7IAE","","012Qy00000BACRNIA5","","","","","","","IN","229b Baker st. before update trigger","","","","","","","2026-06-16T18:35:23.000Z","Test","","0.0","","","Prospect","","https://test0104.example.com",""
"","","","1150000.0","Boston","USA","","","","105","IN","0105 Main Street","Pending","005Qy00001Cft9BIAR","2026-06-16T18:35:21.000Z","","","1","","","","001Qy000029nUy8IAE","Education","false","","","","005Qy00001Cft9BIAR","2026-06-16T18:35:23.000Z","","","","","","115","","","005Qy00001Cft9BIAR","","","(555) 100-0105","/services/images/photo/001Qy000029nUy8IAE","","012Qy00000BACRNIA5","","","","","","","IN","229b Baker st. before update trigger","","","","","","","2026-06-16T18:35:23.000Z","Test","","0.0","","","Customer","","https://test0105.example.com",""
"","","","1160000.0","Seattle","USA","","","","106","IN","0106 Main Street","Pending","005Qy00001Cft9BIAR","2026-06-16T18:35:21.000Z","","","1","","","","001Qy000029nUy9IAE","Energy","false","","","","005Qy00001Cft9BIAR","2026-06-16T18:35:23.000Z","","","","","","116","","","005Qy00001Cft9BIAR","","","(555) 100-0106","/services/images/photo/001Qy000029nUy9IAE","","012Qy00000BACRNIA5","","","","","","","IN","229b Baker st. before update trigger","","","","","","","2026-06-16T18:35:23.000Z","Test","","0.0","","","Partner","","https://test0106.example.com",""
"","","","1170000.0","Denver","USA","","","","107","IN","0107 Main Street","Pending","005Qy00001Cft9BIAR","2026-06-16T18:35:21.000Z","","","1","","","","001Qy000029nUyAIAU","Media","false","","","","005Qy00001Cft9BIAR","2026-06-16T18:35:23.000Z","","","","","","117","","","005Qy00001Cft9BIAR","","","(555) 100-0107","/services/images/photo/001Qy000029nUyAIAU","","012Qy00000BACRNIA5","","","","","","","IN","229b Baker st. before update trigger","","","","","","","2026-06-16T18:35:23.000Z","Test","","0.0","","","Other","","https://test0107.example.com",""
"","","","1180000.0","Austin","USA","","","","108","IN","0108 Main Street","Pending","005Qy00001Cft9BIAR","2026-06-16T18:35:21.000Z","","","1","","","","001Qy000029nUyBIAU","Government","false","","","","005Qy00001Cft9BIAR","2026-06-16T18:35:23.000Z","","","","","","118","","","005Qy00001Cft9BIAR","","","(555) 100-0108","/services/images/photo/001Qy000029nUyBIAU","","012Qy00000BACRNIA5","","","","","","","IN","229b Baker st. before update trigger","","","","","","","2026-06-16T18:35:23.000Z","Test","","0.0","","","Prospect","","https://test0108.example.com",""
"","","","1190000.0","Atlanta","USA","","","","109","IN","0109 Main Street","Pending","005Qy00001Cft9BIAR","2026-06-16T18:35:21.000Z","","","1","","","","001Qy000029nUyCIAU","Nonprofit","false","","","","005Qy00001Cft9BIAR","2026-06-16T18:35:23.000Z","","","","","","119","","","005Qy00001Cft9BIAR","","","(555) 100-0109","/services/images/photo/001Qy000029nUyCIAU","","012Qy00000BACRNIA5","","","","","","","IN","229b Baker st. before update trigger","","","","","","","2026-06-16T18:35:23.000Z","Test","","0.0","","","Customer","","https://test0109.example.com",""
"","","","1200000.0","San Francisco","USA","","","","110","IN","0110 Main Street","Pending","005Qy00001Cft9BIAR","2026-06-16T18:35:21.000Z","","","1","","","","001Qy000029nUyDIAU","Technology","false","","","","005Qy00001Cft9BIAR","2026-06-16T18:35:23.000Z","","","","","","120","","","005Qy00001Cft9BIAR","","","(555) 100-0110","/services/images/photo/001Qy000029nUyDIAU","","012Qy00000BACRNIA5","","","","","","","IN","229b Baker st. before update trigger","","","","","","","2026-06-16T18:35:23.000Z","Test","","0.0","","","Partner","","https://test0110.example.com",""
"","","","1210000.0","New York","USA","","","","111","IN","0111 Main Street","Pending","005Qy00001Cft9BIAR","2026-06-16T18:35:21.000Z","","","1","","","","001Qy000029nUyEIAU","Healthcare","false","","","","005Qy00001Cft9BIAR","2026-06-16T18:35:23.000Z","","","","","","121","","","005Qy00001Cft9BIAR","","","(555) 100-0111","/services/images/photo/001Qy000029nUyEIAU","","012Qy00000BACRNIA5","","","","","","","IN","229b Baker st. before update trigger","","","","","","","2026-06-16T18:35:23.000Z","Test","","0.0","","","Other","","https://test0111.example.com",""
"","","","1220000.0","Chicago","USA","","","","112","IN","0112 Main Street","Pending","005Qy00001Cft9BIAR","2026-06-16T18:35:21.000Z","","","1","","","","001Qy000029nUyFIAU","Finance","false","","","","005Qy00001Cft9BIAR","2026-06-16T18:35:23.000Z","","","","","","122","","","005Qy00001Cft9BIAR","","","(555) 100-0112","/services/images/photo/001Qy000029nUyFIAU","","012Qy00000BACRNIA5","","","","","","","IN","229b Baker st. before update trigger","","","","","","","2026-06-16T18:35:23.000Z","Test","","0.0","","","Prospect","","https://test0112.example.com",""
"","","","1230000.0","Los Angeles","USA","","","","113","IN","0113 Main Street","Pending","005Qy00001Cft9BIAR","2026-06-16T18:35:21.000Z","","","1","","","","001Qy000029nUyGIAU","Manufacturing","false","","","","005Qy00001Cft9BIAR","2026-06-16T18:35:23.000Z","","","","","","123","","","005Qy00001Cft9BIAR","","","(555) 100-0113","/services/images/photo/001Qy000029nUyGIAU","","012Qy00000BACRNIA5","","","","","","","IN","229b Baker st. before update trigger","","","","","","","2026-06-16T18:35:23.000Z","Test","","0.0","","","Customer","","https://test0113.example.com",""
"","","","1240000.0","Houston","USA","","","","114","IN","0114 Main Street","Pending","005Qy00001Cft9BIAR","2026-06-16T18:35:21.000Z","","","1","","","","001Qy000029nUyHIAU","Retail","false","","","","005Qy00001Cft9BIAR","2026-06-16T18:35:23.000Z","","","","","","124","","","005Qy00001Cft9BIAR","","","(555) 100-0114","/services/images/photo/001Qy000029nUyHIAU","","012Qy00000BACRNIA5","","","","","","","IN","229b Baker st. before update trigger","","","","","","","2026-06-16T18:35:23.000Z","Test","","0.0","","","Partner","","https://test0114.example.com",""
"","","","1250000.0","Boston","USA","","","","115","IN","0115 Main Street","Pending","005Qy00001Cft9BIAR","2026-06-16T18:35:21.000Z","","","1","","","","001Qy000029nUyIIAU","Education","false","","","","005Qy00001Cft9BIAR","2026-06-16T18:35:23.000Z","","","","","","125","","","005Qy00001Cft9BIAR","","","(555) 100-0115","/services/images/photo/001Qy000029nUyIIAU","","012Qy00000BACRNIA5","","","","","","","IN","229b Baker st. before update trigger","","","","","","","2026-06-16T18:35:23.000Z","Test","","0.0","","","Other","","https://test0115.example.com",""
"","","","1260000.0","Seattle","USA","","","","116","IN","0116 Main Street","Pending","005Qy00001Cft9BIAR","2026-06-16T18:35:21.000Z","","","1","","","","001Qy000029nUyJIAU","Energy","false","","","","005Qy00001Cft9BIAR","2026-06-16T18:35:23.000Z","","","","","","126","","","005Qy00001Cft9BIAR","","","(555) 100-0116","/services/images/photo/001Qy000029nUyJIAU","","012Qy00000BACRNIA5","","","","","","","IN","229b Baker st. before update trigger","","","","","","","2026-06-16T18:35:23.000Z","Test","","0.0","","","Prospect","","https://test0116.example.com",""
"","","","1270000.0","Denver","USA","","","","117","IN","0117 Main Street","Pending","005Qy00001Cft9BIAR","2026-06-16T18:35:21.000Z","","","1","","","","001Qy000029nUyKIAU","Media","false","","","","005Qy00001Cft9BIAR","2026-06-16T18:35:23.000Z","","","","","","127","","","005Qy00001Cft9BIAR","","","(555) 100-0117","/services/images/photo/001Qy000029nUyKIAU","","012Qy00000BACRNIA5","","","","","","","IN","229b Baker st. before update trigger","","","","","","","2026-06-16T18:35:23.000Z","Test","","0.0","","","Customer","","https://test0117.example.com",""
"","","","1280000.0","Austin","USA","","","","118","IN","0118 Main Street","Pending","005Qy00001Cft9BIAR","2026-06-16T18:35:21.000Z","","","1","","","","001Qy000029nUyLIAU","Government","false","","","","005Qy00001Cft9BIAR","2026-06-16T18:35:23.000Z","","","","","","128","","","005Qy00001Cft9BIAR","","","(555) 100-0118","/services/images/photo/001Qy000029nUyLIAU","","012Qy00000BACRNIA5","","","","","","","IN","229b Baker st. before update trigger","","","","","","","2026-06-16T18:35:23.000Z","Test","","0.0","","","Partner","","https://test0118.example.com",""
"","","","1290000.0","Atlanta","USA","","","","119","IN","0119 Main Street","Pending","005Qy00001Cft9BIAR","2026-06-16T18:35:21.000Z","","","1","","","","001Qy000029nUyMIAU","Nonprofit","false","","","","005Qy00001Cft9BIAR","2026-06-16T18:35:23.000Z","","","","","","129","","","005Qy00001Cft9BIAR","","","(555) 100-0119","/services/images/photo/001Qy000029nUyMIAU","","012Qy00000BACRNIA5","","","","","","","IN","229b Baker st. before update trigger","","","","","","","2026-06-16T18:35:23.000Z","Test","","0.0","","","Other","","https://test0119.example.com",""
"","","","1300000.0","San Francisco","USA","","","","120","IN","0120 Main Street","Pending","005Qy00001Cft9BIAR","2026-06-16T18:35:21.000Z","","","1","","","","001Qy000029nUyNIAU","Technology","false","","","","005Qy00001Cft9BIAR","2026-06-16T18:35:23.000Z","","","","","","130","","","005Qy00001Cft9BIAR","","","(555) 100-0120","/services/images/photo/001Qy000029nUyNIAU","","012Qy00000BACRNIA5","","","","","","","IN","229b Baker st. before update trigger","","","","","","","2026-06-16T18:35:23.000Z","Test","","0.0","","","Prospect","","https://test0120.example.com",""
"","","","1310000.0","New York","USA","","","","121","IN","0121 Main Street","Pending","005Qy00001Cft9BIAR","2026-06-16T18:35:21.000Z","","","1","","","","001Qy000029nUyOIAU","Healthcare","false","","","","005Qy00001Cft9BIAR","2026-06-16T18:35:23.000Z","","","","","","131","","","005Qy00001Cft9BIAR","","","(555) 100-0121","/services/images/photo/001Qy000029nUyOIAU","","012Qy00000BACRNIA5","","","","","","","IN","229b Baker st. before update trigger","","","","","","","2026-06-16T18:35:23.000Z","Test","","0.0","","","Customer","","https://test0121.example.com",""
"","","","1320000.0","Chicago","USA","","","","122","IN","0122 Main Street","Pending","005Qy00001Cft9BIAR","2026-06-16T18:35:21.000Z","","","1","","","","001Qy000029nUyPIAU","Finance","false","","","","005Qy00001Cft9BIAR","2026-06-16T18:35:23.000Z","","","","","","132","","","005Qy00001Cft9BIAR","","","(555) 100-0122","/services/images/photo/001Qy000029nUyPIAU","","012Qy00000BACRNIA5","","","","","","","IN","229b Baker st. before update trigger","","","","","","","2026-06-16T18:35:23.000Z","Test","","0.0","","","Partner","","https://test0122.example.com",""
"","","","1330000.0","Los Angeles","USA","","","","123","IN","0123 Main Street","Pending","005Qy00001Cft9BIAR","2026-06-16T18:35:21.000Z","","","1","","","","001Qy000029nUyQIAU","Manufacturing","false","","","","005Qy00001Cft9BIAR","2026-06-16T18:35:23.000Z","","","","","","133","","","005Qy00001Cft9BIAR","","","(555) 100-0123","/services/images/photo/001Qy000029nUyQIAU","","012Qy00000BACRNIA5","","","","","","","IN","229b Baker st. before update trigger","","","","","","","2026-06-16T18:35:23.000Z","Test","","0.0","","","Other","","https://test0123.example.com",""
"","","","1340000.0","Houston","USA","","","","124","IN","0124 Main Street","Pending","005Qy00001Cft9BIAR","2026-06-16T18:35:21.000Z","","","1","","","","001Qy000029nUyRIAU","Retail","false","","","","005Qy00001Cft9BIAR","2026-06-16T18:35:23.000Z","","","","","","134","","","005Qy00001Cft9BIAR","","","(555) 100-0124","/services/images/photo/001Qy000029nUyRIAU","","012Qy00000BACRNIA5","","","","","","","IN","229b Baker st. before update trigger","","","","","","","2026-06-16T18:35:23.000Z","Test","","0.0","","","Prospect","","https://test0124.example.com",""
"","","","1350000.0","Boston","USA","","","","125","IN","0125 Main Street","Pending","005Qy00001Cft9BIAR","2026-06-16T18:35:21.000Z","","","1","","","","001Qy000029nUySIAU","Education","false","","","","005Qy00001Cft9BIAR","2026-06-16T18:35:23.000Z","","","","","","135","","","005Qy00001Cft9BIAR","","","(555) 100-0125","/services/images/photo/001Qy000029nUySIAU","","012Qy00000BACRNIA5","","","","","","","IN","229b Baker st. before update trigger","","","","","","","2026-06-16T18:35:23.000Z","Test","","0.0","","","Customer","","https://test0125.example.com",""
"","","","1360000.0","Seattle","USA","","","","126","IN","0126 Main Street","Pending","005Qy00001Cft9BIAR","2026-06-16T18:35:21.000Z","","","1","","","","001Qy000029nUyTIAU","Energy","false","","","","005Qy00001Cft9BIAR","2026-06-16T18:35:23.000Z","","","","","","136","","","005Qy00001Cft9BIAR","","","(555) 100-0126","/services/images/photo/001Qy000029nUyTIAU","","012Qy00000BACRNIA5","","","","","","","IN","229b Baker st. before update trigger","","","","","","","2026-06-16T18:35:23.000Z","Test","","0.0","","","Partner","","https://test0126.example.com",""
"","","","1370000.0","Denver","USA","","","","127","IN","0127 Main Street","Pending","005Qy00001Cft9BIAR","2026-06-16T18:35:21.000Z","","","1","","","","001Qy000029nUyUIAU","Media","false","","","","005Qy00001Cft9BIAR","2026-06-16T18:35:23.000Z","","","","","","137","","","005Qy00001Cft9BIAR","","","(555) 100-0127","/services/images/photo/001Qy000029nUyUIAU","","012Qy00000BACRNIA5","","","","","","","IN","229b Baker st. before update trigger","","","","","","","2026-06-16T18:35:23.000Z","Test","","0.0","","","Other","","https://test0127.example.com",""
"","","","1380000.0","Austin","USA","","","","128","IN","0128 Main Street","Pending","005Qy00001Cft9BIAR","2026-06-16T18:35:21.000Z","","","1","","","","001Qy000029nUyVIAU","Government","false","","","","005Qy00001Cft9BIAR","2026-06-16T18:35:23.000Z","","","","","","138","","","005Qy00001Cft9BIAR","","","(555) 100-0128","/services/images/photo/001Qy000029nUyVIAU","","012Qy00000BACRNIA5","","","","","","","IN","229b Baker st. before update trigger","","","","","","","2026-06-16T18:35:23.000Z","Test","","0.0","","","Prospect","","https://test0128.example.com",""
"","","","1390000.0","Atlanta","USA","","","","129","IN","0129 Main Street","Pending","005Qy00001Cft9BIAR","2026-06-16T18:35:21.000Z","","","1","","","","001Qy000029nUyWIAU","Nonprofit","false","","","","005Qy00001Cft9BIAR","2026-06-16T18:35:23.000Z","","","","","","139","","","005Qy00001Cft9BIAR","","","(555) 100-0129","/services/images/photo/001Qy000029nUyWIAU","","012Qy00000BACRNIA5","","","","","","","IN","229b Baker st. before update trigger","","","","","","","2026-06-16T18:35:23.000Z","Test","","0.0","","","Customer","","https://test0129.example.com",""
"","","","1400000.0","San Francisco","USA","","","","130","IN","0130 Main Street","Pending","005Qy00001Cft9BIAR","2026-06-16T18:35:21.000Z","","","1","","","","001Qy000029nUyXIAU","Technology","false","","","","005Qy00001Cft9BIAR","2026-06-16T18:35:23.000Z","","","","","","140","","","005Qy00001Cft9BIAR","","","(555) 100-0130","/services/images/photo/001Qy000029nUyXIAU","","012Qy00000BACRNIA5","","","","","","","IN","229b Baker st. before update trigger","","","","","","","2026-06-16T18:35:23.000Z","Test","","0.0","","","Partner","","https://test0130.example.com",""
"","","","1410000.0","New York","USA","","","","131","IN","0131 Main Street","Pending","005Qy00001Cft9BIAR","2026-06-16T18:35:21.000Z","","","1","","","","001Qy000029nUyYIAU","Healthcare","false","","","","005Qy00001Cft9BIAR","2026-06-16T18:35:23.000Z","","","","","","141","","","005Qy00001Cft9BIAR","","","(555) 100-0131","/services/images/photo/001Qy000029nUyYIAU","","012Qy00000BACRNIA5","","","","","","","IN","229b Baker st. before update trigger","","","","","","","2026-06-16T18:35:23.000Z","Test","","0.0","","","Other","","https://test0131.example.com",""
"","","","1420000.0","Chicago","USA","","","","132","IN","0132 Main Street","Pending","005Qy00001Cft9BIAR","2026-06-16T18:35:21.000Z","","","1","","","","001Qy000029nUyZIAU","Finance","false","","","","005Qy00001Cft9BIAR","2026-06-16T18:35:23.000Z","","","","","","142","","","005Qy00001Cft9BIAR","","","(555) 100-0132","/services/images/photo/001Qy000029nUyZIAU","","012Qy00000BACRNIA5","","","","","","","IN","229b Baker st. before update trigger","","","","","","","2026-06-16T18:35:23.000Z","Test","","0.0","","","Prospect","","https://test0132.example.com",""
"","","","1430000.0","Los Angeles","USA","","","","133","IN","0133 Main Street","Pending","005Qy00001Cft9BIAR","2026-06-16T18:35:21.000Z","","","1","","","","001Qy000029nUyaIAE","Manufacturing","false","","","","005Qy00001Cft9BIAR","2026-06-16T18:35:23.000Z","","","","","","143","","","005Qy00001Cft9BIAR","","","(555) 100-0133","/services/images/photo/001Qy000029nUyaIAE","","012Qy00000BACRNIA5","","","","","","","IN","229b Baker st. before update trigger","","","","","","","2026-06-16T18:35:23.000Z","Test","","0.0","","","Customer","","https://test0133.example.com",""
"","","","1440000.0","Houston","USA","","","","134","IN","0134 Main Street","Pending","005Qy00001Cft9BIAR","2026-06-16T18:35:21.000Z","","","1","","","","001Qy000029nUybIAE","Retail","false","","","","005Qy00001Cft9BIAR","2026-06-16T18:35:23.000Z","","","","","","144","","","005Qy00001Cft9BIAR","","","(555) 100-0134","/services/images/photo/001Qy000029nUybIAE","","012Qy00000BACRNIA5","","","","","","","IN","229b Baker st. before update trigger","","","","","","","2026-06-16T18:35:23.000Z","Test","","0.0","","","Partner","","https://test0134.example.com",""
"","","","1450000.0","Boston","USA","","","","135","IN","0135 Main Street","Pending","005Qy00001Cft9BIAR","2026-06-16T18:35:21.000Z","","","1","","","","001Qy000029nUycIAE","Education","false","","","","005Qy00001Cft9BIAR","2026-06-16T18:35:23.000Z","","","","","","145","","","005Qy00001Cft9BIAR","","","(555) 100-0135","/services/images/photo/001Qy000029nUycIAE","","012Qy00000BACRNIA5","","","","","","","IN","229b Baker st. before update trigger","","","","","","","2026-06-16T18:35:23.000Z","Test","","0.0","","","Other","","https://test0135.example.com",""
"","","","1460000.0","Seattle","USA","","","","136","IN","0136 Main Street","Pending","005Qy00001Cft9BIAR","2026-06-16T18:35:21.000Z","","","1","","","","001Qy000029nUydIAE","Energy","false","","","","005Qy00001Cft9BIAR","2026-06-16T18:35:23.000Z","","","","","","146","","","005Qy00001Cft9BIAR","","","(555) 100-0136","/services/images/photo/001Qy000029nUydIAE","","012Qy00000BACRNIA5","","","","","","","IN","229b Baker st. before update trigger","","","","","","","2026-06-16T18:35:23.000Z","Test","","0.0","","","Prospect","","https://test0136.example.com",""
"","","","1470000.0","Denver","USA","","","","137","IN","0137 Main Street","Pending","005Qy00001Cft9BIAR","2026-06-16T18:35:21.000Z","","","1","","","","001Qy000029nUyeIAE","Media","false","","","","005Qy00001Cft9BIAR","2026-06-16T18:35:23.000Z","","","","","","147","","","005Qy00001Cft9BIAR","","","(555) 100-0137","/services/images/photo/001Qy000029nUyeIAE","","012Qy00000BACRNIA5","","","","","","","IN","229b Baker st. before update trigger","","","","","","","2026-06-16T18:35:23.000Z","Test","","0.0","","","Customer","","https://test0137.example.com",""
"","","","1480000.0","Austin","USA","","","","138","IN","0138 Main Street","Pending","005Qy00001Cft9BIAR","2026-06-16T18:35:21.000Z","","","1","","","","001Qy000029nUyfIAE","Government","false","","","","005Qy00001Cft9BIAR","2026-06-16T18:35:23.000Z","","","","","","148","","","005Qy00001Cft9BIAR","","","(555) 100-0138","/services/images/photo/001Qy000029nUyfIAE","","012Qy00000BACRNIA5","","","","","","","IN","229b Baker st. before update trigger","","","","","","","2026-06-16T18:35:23.000Z","Test","","0.0","","","Partner","","https://test0138.example.com",""
"","","","1490000.0","Atlanta","USA","","","","139","IN","0139 Main Street","Pending","005Qy00001Cft9BIAR","2026-06-16T18:35:21.000Z","","","1","","","","001Qy000029nUygIAE","Nonprofit","false","","","","005Qy00001Cft9BIAR","2026-06-16T18:35:23.000Z","","","","","","149","","","005Qy00001Cft9BIAR","","","(555) 100-0139","/services/images/photo/001Qy000029nUygIAE","","012Qy00000BACRNIA5","","","","","","","IN","229b Baker st. before update trigger","","","","","","","2026-06-16T18:35:23.000Z","Test","","0.0","","","Other","","https://test0139.example.com",""
"","","","1500000.0","San Francisco","USA","","","","140","IN","0140 Main Street","Pending","005Qy00001Cft9BIAR","2026-06-16T18:35:21.000Z","","","1","","","","001Qy000029nUyhIAE","Technology","false","","","","005Qy00001Cft9BIAR","2026-06-16T18:35:23.000Z","","","","","","150","","","005Qy00001Cft9BIAR","","","(555) 100-0140","/services/images/photo/001Qy000029nUyhIAE","","012Qy00000BACRNIA5","","","","","","","IN","229b Baker st. before update trigger","","","","","","","2026-06-16T18:35:23.000Z","Test","","0.0","","","Prospect","","https://test0140.example.com",""
"","","","1510000.0","New York","USA","","","","141","IN","0141 Main Street","Pending","005Qy00001Cft9BIAR","2026-06-16T18:35:21.000Z","","","1","","","","001Qy000029nUyiIAE","Healthcare","false","","","","005Qy00001Cft9BIAR","2026-06-16T18:35:23.000Z","","","","","","151","","","005Qy00001Cft9BIAR","","","(555) 100-0141","/services/images/photo/001Qy000029nUyiIAE","","012Qy00000BACRNIA5","","","","","","","IN","229b Baker st. before update trigger","","","","","","","2026-06-16T18:35:23.000Z","Test","","0.0","","","Customer","","https://test0141.example.com",""
"","","","1520000.0","Chicago","USA","","","","142","IN","0142 Main Street","Pending","005Qy00001Cft9BIAR","2026-06-16T18:35:21.000Z","","","1","","","","001Qy000029nUyjIAE","Finance","false","","","","005Qy00001Cft9BIAR","2026-06-16T18:35:23.000Z","","","","","","152","","","005Qy00001Cft9BIAR","","","(555) 100-0142","/services/images/photo/001Qy000029nUyjIAE","","012Qy00000BACRNIA5","","","","","","","IN","229b Baker st. before update trigger","","","","","","","2026-06-16T18:35:23.000Z","Test","","0.0","","","Partner","","https://test0142.example.com",""
"","","","1530000.0","Los Angeles","USA","","","","143","IN","0143 Main Street","Pending","005Qy00001Cft9BIAR","2026-06-16T18:35:21.000Z","","","1","","","","001Qy000029nUykIAE","Manufacturing","false","","","","005Qy00001Cft9BIAR","2026-06-16T18:35:23.000Z","","","","","","153","","","005Qy00001Cft9BIAR","","","(555) 100-0143","/services/images/photo/001Qy000029nUykIAE","","012Qy00000BACRNIA5","","","","","","","IN","229b Baker st. before update trigger","","","","","","","2026-06-16T18:35:23.000Z","Test","","0.0","","","Other","","https://test0143.example.com",""
"","","","1540000.0","Houston","USA","","","","144","IN","0144 Main Street","Pending","005Qy00001Cft9BIAR","2026-06-16T18:35:21.000Z","","","1","","","","001Qy000029nUylIAE","Retail","false","","","","005Qy00001Cft9BIAR","2026-06-16T18:35:23.000Z","","","","","","154","","","005Qy00001Cft9BIAR","","","(555) 100-0144","/services/images/photo/001Qy000029nUylIAE","","012Qy00000BACRNIA5","","","","","","","IN","229b Baker st. before update trigger","","","","","","","2026-06-16T18:35:23.000Z","Test","","0.0","","","Prospect","","https://test0144.example.com",""
"","","","1550000.0","Boston","USA","","","","145","IN","0145 Main Street","Pending","005Qy00001Cft9BIAR","2026-06-16T18:35:21.000Z","","","1","","","","001Qy000029nUymIAE","Education","false","","","","005Qy00001Cft9BIAR","2026-06-16T18:35:23.000Z","","","","","","155","","","005Qy00001Cft9BIAR","","","(555) 100-0145","/services/images/photo/001Qy000029nUymIAE","","012Qy00000BACRNIA5","","","","","","","IN","229b Baker st. before update trigger","","","","","","","2026-06-16T18:35:23.000Z","Test","","0.0","","","Customer","","https://test0145.example.com",""
"","","","1560000.0","Seattle","USA","","","","146","IN","0146 Main Street","Pending","005Qy00001Cft9BIAR","2026-06-16T18:35:21.000Z","","","1","","","","001Qy000029nUynIAE","Energy","false","","","","005Qy00001Cft9BIAR","2026-06-16T18:35:23.000Z","","","","","","156","","","005Qy00001Cft9BIAR","","","(555) 100-0146","/services/images/photo/001Qy000029nUynIAE","","012Qy00000BACRNIA5","","","","","","","IN","229b Baker st. before update trigger","","","","","","","2026-06-16T18:35:23.000Z","Test","","0.0","","","Partner","","https://test0146.example.com",""
"","","","1570000.0","Denver","USA","","","","147","IN","0147 Main Street","Pending","005Qy00001Cft9BIAR","2026-06-16T18:35:21.000Z","","","1","","","","001Qy000029nUyoIAE","Media","false","","","","005Qy00001Cft9BIAR","2026-06-16T18:35:23.000Z","","","","","","157","","","005Qy00001Cft9BIAR","","","(555) 100-0147","/services/images/photo/001Qy000029nUyoIAE","","012Qy00000BACRNIA5","","","","","","","IN","229b Baker st. before update trigger","","","","","","","2026-06-16T18:35:23.000Z","Test","","0.0","","","Other","","https://test0147.example.com",""
"","","","1580000.0","Austin","USA","","","","148","IN","0148 Main Street","Pending","005Qy00001Cft9BIAR","2026-06-16T18:35:21.000Z","","","1","","","","001Qy000029nUypIAE","Government","false","","","","005Qy00001Cft9BIAR","2026-06-16T18:35:23.000Z","","","","","","158","","","005Qy00001Cft9BIAR","","","(555) 100-0148","/services/images/photo/001Qy000029nUypIAE","","012Qy00000BACRNIA5","","","","","","","IN","229b Baker st. before update trigger","","","","","","","2026-06-16T18:35:23.000Z","Test","","0.0","","","Prospect","","https://test0148.example.com",""
"","","","1590000.0","Atlanta","USA","","","","149","IN","0149 Main Street","Pending","005Qy00001Cft9BIAR","2026-06-16T18:35:21.000Z","","","1","","","","001Qy000029nUyqIAE","Nonprofit","false","","","","005Qy00001Cft9BIAR","2026-06-16T18:35:23.000Z","","","","","","159","","","005Qy00001Cft9BIAR","","","(555) 100-0149","/services/images/photo/001Qy000029nUyqIAE","","012Qy00000BACRNIA5","","","","","","","IN","229b Baker st. before update trigger","","","","","","","2026-06-16T18:35:23.000Z","Test","","0.0","","","Customer","","https://test0149.example.com",""
"","","","1600000.0","San Francisco","USA","","","","150","IN","0150 Main Street","Pending","005Qy00001Cft9BIAR","2026-06-16T18:35:21.000Z","","","1","","","","001Qy000029nUyrIAE","Technology","false","","","","005Qy00001Cft9BIAR","2026-06-16T18:35:23.000Z","","","","","","160","","","005Qy00001Cft9BIAR","","","(555) 100-0150","/services/images/photo/001Qy000029nUyrIAE","","012Qy00000BACRNIA5","","","","","","","IN","229b Baker st. before update trigger","","","","","","","2026-06-16T18:35:23.000Z","Test","","0.0","","","Partner","","https://test0150.example.com",""
"","","","1610000.0","New York","USA","","","","151","IN","0151 Main Street","Pending","005Qy00001Cft9BIAR","2026-06-16T18:35:21.000Z","","","1","","","","001Qy000029nUysIAE","Healthcare","false","","","","005Qy00001Cft9BIAR","2026-06-16T18:35:23.000Z","","","","","","161","","","005Qy00001Cft9BIAR","","","(555) 100-0151","/services/images/photo/001Qy000029nUysIAE","","012Qy00000BACRNIA5","","","","","","","IN","229b Baker st. before update trigger","","","","","","","2026-06-16T18:35:23.000Z","Test","","0.0","","","Other","","https://test0151.example.com",""
"","","","1620000.0","Chicago","USA","","","","152","IN","0152 Main Street","Pending","005Qy00001Cft9BIAR","2026-06-16T18:35:21.000Z","","","1","","","","001Qy000029nUytIAE","Finance","false","","","","005Qy00001Cft9BIAR","2026-06-16T18:35:23.000Z","","","","","","162","","","005Qy00001Cft9BIAR","","","(555) 100-0152","/services/images/photo/001Qy000029nUytIAE","","012Qy00000BACRNIA5","","","","","","","IN","229b Baker st. before update trigger","","","","","","","2026-06-16T18:35:23.000Z","Test","","0.0","","","Prospect","","https://test0152.example.com",""
"","","","1630000.0","Los Angeles","USA","","","","153","IN","0153 Main Street","Pending","005Qy00001Cft9BIAR","2026-06-16T18:35:21.000Z","","","1","","","","001Qy000029nUyuIAE","Manufacturing","false","","","","005Qy00001Cft9BIAR","2026-06-16T18:35:23.000Z","","","","","","163","","","005Qy00001Cft9BIAR","","","(555) 100-0153","/services/images/photo/001Qy000029nUyuIAE","","012Qy00000BACRNIA5","","","","","","","IN","229b Baker st. before update trigger","","","","","","","2026-06-16T18:35:23.000Z","Test","","0.0","","","Customer","","https://test0153.example.com",""
"","","","1640000.0","Houston","USA","","","","154","IN","0154 Main Street","Pending","005Qy00001Cft9BIAR","2026-06-16T18:35:21.000Z","","","1","","","","001Qy000029nUyvIAE","Retail","false","","","","005Qy00001Cft9BIAR","2026-06-16T18:35:23.000Z","","","","","","164","","","005Qy00001Cft9BIAR","","","(555) 100-0154","/services/images/photo/001Qy000029nUyvIAE","","012Qy00000BACRNIA5","","","","","","","IN","229b Baker st. before update trigger","","","","","","","2026-06-16T18:35:23.000Z","Test","","0.0","","","Partner","","https://test0154.example.com",""
"","","","1650000.0","Boston","USA","","","","155","IN","0155 Main Street","Pending","005Qy00001Cft9BIAR","2026-06-16T18:35:21.000Z","","","1","","","","001Qy000029nUywIAE","Education","false","","","","005Qy00001Cft9BIAR","2026-06-16T18:35:23.000Z","","","","","","165","","","005Qy00001Cft9BIAR","","","(555) 100-0155","/services/images/photo/001Qy000029nUywIAE","","012Qy00000BACRNIA5","","","","","","","IN","229b Baker st. before update trigger","","","","","","","2026-06-16T18:35:23.000Z","Test","","0.0","","","Other","","https://test0155.example.com",""
"","","","1660000.0","Seattle","USA","","","","156","IN","0156 Main Street","Pending","005Qy00001Cft9BIAR","2026-06-16T18:35:21.000Z","","","1","","","","001Qy000029nUyxIAE","Energy","false","","","","005Qy00001Cft9BIAR","2026-06-16T18:35:23.000Z","","","","","","166","","","005Qy00001Cft9BIAR","","","(555) 100-0156","/services/images/photo/001Qy000029nUyxIAE","","012Qy00000BACRNIA5","","","","","","","IN","229b Baker st. before update trigger","","","","","","","2026-06-16T18:35:23.000Z","Test","","0.0","","","Prospect","","https://test0156.example.com",""
"","","","1670000.0","Denver","USA","","","","157","IN","0157 Main Street","Pending","005Qy00001Cft9BIAR","2026-06-16T18:35:21.000Z","","","1","","","","001Qy000029nUyyIAE","Media","false","","","","005Qy00001Cft9BIAR","2026-06-16T18:35:23.000Z","","","","","","167","","","005Qy00001Cft9BIAR","","","(555) 100-0157","/services/images/photo/001Qy000029nUyyIAE","","012Qy00000BACRNIA5","","","","","","","IN","229b Baker st. before update trigger","","","","","","","2026-06-16T18:35:23.000Z","Test","","0.0","","","Customer","","https://test0157.example.com",""
"","","","1680000.0","Austin","USA","","","","158","IN","0158 Main Street","Pending","005Qy00001Cft9BIAR","2026-06-16T18:35:21.000Z","","","1","","","","001Qy000029nUyzIAE","Government","false","","","","005Qy00001Cft9BIAR","2026-06-16T18:35:23.000Z","","","","","","168","","","005Qy00001Cft9BIAR","","","(555) 100-0158","/services/images/photo/001Qy000029nUyzIAE","","012Qy00000BACRNIA5","","","","","","","IN","229b Baker st. before update trigger","","","","","","","2026-06-16T18:35:23.000Z","Test","","0.0","","","Partner","","https://test0158.example.com",""
"","","","1690000.0","Atlanta","USA","","","","159","IN","0159 Main Street","Pending","005Qy00001Cft9BIAR","2026-06-16T18:35:21.000Z","","","1","","","","001Qy000029nUz0IAE","Nonprofit","false","","","","005Qy00001Cft9BIAR","2026-06-16T18:35:23.000Z","","","","","","169","","","005Qy00001Cft9BIAR","","","(555) 100-0159","/services/images/photo/001Qy000029nUz0IAE","","012Qy00000BACRNIA5","","","","","","","IN","229b Baker st. before update trigger","","","","","","","2026-06-16T18:35:23.000Z","Test","","0.0","","","Other","","https://test0159.example.com",""
"","","","1700000.0","San Francisco","USA","","","","160","IN","0160 Main Street","Pending","005Qy00001Cft9BIAR","2026-06-16T18:35:21.000Z","","","1","","","","001Qy000029nUz1IAE","Technology","false","","","","005Qy00001Cft9BIAR","2026-06-16T18:35:23.000Z","","","","","","170","","","005Qy00001Cft9BIAR","","","(555) 100-0160","/services/images/photo/001Qy000029nUz1IAE","","012Qy00000BACRNIA5","","","","","","","IN","229b Baker st. before update trigger","","","","","","","2026-06-16T18:35:23.000Z","Test","","0.0","","","Prospect","","https://test0160.example.com",""
"","","","1710000.0","New York","USA","","","","161","IN","0161 Main Street","Pending","005Qy00001Cft9BIAR","2026-06-16T18:35:21.000Z","","","1","","","","001Qy000029nUz2IAE","Healthcare","false","","","","005Qy00001Cft9BIAR","2026-06-16T18:35:23.000Z","","","","","","171","","","005Qy00001Cft9BIAR","","","(555) 100-0161","/services/images/photo/001Qy000029nUz2IAE","","012Qy00000BACRNIA5","","","","","","","IN","229b Baker st. before update trigger","","","","","","","2026-06-16T18:35:23.000Z","Test","","0.0","","","Customer","","https://test0161.example.com",""
"","","","1720000.0","Chicago","USA","","","","162","IN","0162 Main Street","Pending","005Qy00001Cft9BIAR","2026-06-16T18:35:21.000Z","","","1","","","","001Qy000029nUz3IAE","Finance","false","","","","005Qy00001Cft9BIAR","2026-06-16T18:35:23.000Z","","","","","","172","","","005Qy00001Cft9BIAR","","","(555) 100-0162","/services/images/photo/001Qy000029nUz3IAE","","012Qy00000BACRNIA5","","","","","","","IN","229b Baker st. before update trigger","","","","","","","2026-06-16T18:35:23.000Z","Test","","0.0","","","Partner","","https://test0162.example.com",""
"","","","1730000.0","Los Angeles","USA","","","","163","IN","0163 Main Street","Pending","005Qy00001Cft9BIAR","2026-06-16T18:35:21.000Z","","","1","","","","001Qy000029nUz4IAE","Manufacturing","false","","","","005Qy00001Cft9BIAR","2026-06-16T18:35:23.000Z","","","","","","173","","","005Qy00001Cft9BIAR","","","(555) 100-0163","/services/images/photo/001Qy000029nUz4IAE","","012Qy00000BACRNIA5","","","","","","","IN","229b Baker st. before update trigger","","","","","","","2026-06-16T18:35:23.000Z","Test","","0.0","","","Other","","https://test0163.example.com",""
"","","","1740000.0","Houston","USA","","","","164","IN","0164 Main Street","Pending","005Qy00001Cft9BIAR","2026-06-16T18:35:21.000Z","","","1","","","","001Qy000029nUz5IAE","Retail","false","","","","005Qy00001Cft9BIAR","2026-06-16T18:35:23.000Z","","","","","","174","","","005Qy00001Cft9BIAR","","","(555) 100-0164","/services/images/photo/001Qy000029nUz5IAE","","012Qy00000BACRNIA5","","","","","","","IN","229b Baker st. before update trigger","","","","","","","2026-06-16T18:35:23.000Z","Test","","0.0","","","Prospect","","https://test0164.example.com",""
"","","","1750000.0","Boston","USA","","","","165","IN","0165 Main Street","Pending","005Qy00001Cft9BIAR","2026-06-16T18:35:21.000Z","","","1","","","","001Qy000029nUz6IAE","Education","false","","","","005Qy00001Cft9BIAR","2026-06-16T18:35:23.000Z","","","","","","175","","","005Qy00001Cft9BIAR","","","(555) 100-0165","/services/images/photo/001Qy000029nUz6IAE","","012Qy00000BACRNIA5","","","","","","","IN","229b Baker st. before update trigger","","","","","","","2026-06-16T18:35:23.000Z","Test","","0.0","","","Customer","","https://test0165.example.com",""
"","","","1760000.0","Seattle","USA","","","","166","IN","0166 Main Street","Pending","005Qy00001Cft9BIAR","2026-06-16T18:35:21.000Z","","","1","","","","001Qy000029nUz7IAE","Energy","false","","","","005Qy00001Cft9BIAR","2026-06-16T18:35:23.000Z","","","","","","176","","","005Qy00001Cft9BIAR","","","(555) 100-0166","/services/images/photo/001Qy000029nUz7IAE","","012Qy00000BACRNIA5","","","","","","","IN","229b Baker st. before update trigger","","","","","","","2026-06-16T18:35:23.000Z","Test","","0.0","","","Partner","","https://test0166.example.com",""
"","","","1770000.0","Denver","USA","","","","167","IN","0167 Main Street","Pending","005Qy00001Cft9BIAR","2026-06-16T18:35:21.000Z","","","1","","","","001Qy000029nUz8IAE","Media","false","","","","005Qy00001Cft9BIAR","2026-06-16T18:35:23.000Z","","","","","","177","","","005Qy00001Cft9BIAR","","","(555) 100-0167","/services/images/photo/001Qy000029nUz8IAE","","012Qy00000BACRNIA5","","","","","","","IN","229b Baker st. before update trigger","","","","","","","2026-06-16T18:35:23.000Z","Test","","0.0","","","Other","","https://test0167.example.com",""
"","","","1780000.0","Austin","USA","","","","168","IN","0168 Main Street","Pending","005Qy00001Cft9BIAR","2026-06-16T18:35:21.000Z","","","1","","","","001Qy000029nUz9IAE","Government","false","","","","005Qy00001Cft9BIAR","2026-06-16T18:35:23.000Z","","","","","","178","","","005Qy00001Cft9BIAR","","","(555) 100-0168","/services/images/photo/001Qy000029nUz9IAE","","012Qy00000BACRNIA5","","","","","","","IN","229b Baker st. before update trigger","","","","","","","2026-06-16T18:35:23.000Z","Test","","0.0","","","Prospect","","https://test0168.example.com",""
"","","","1790000.0","Atlanta","USA","","","","169","IN","0169 Main Street","Pending","005Qy00001Cft9BIAR","2026-06-16T18:35:21.000Z","","","1","","","","001Qy000029nUzAIAU","Nonprofit","false","","","","005Qy00001Cft9BIAR","2026-06-16T18:35:23.000Z","","","","","","179","","","005Qy00001Cft9BIAR","","","(555) 100-0169","/services/images/photo/001Qy000029nUzAIAU","","012Qy00000BACRNIA5","","","","","","","IN","229b Baker st. before update trigger","","","","","","","2026-06-16T18:35:23.000Z","Test","","0.0","","","Customer","","https://test0169.example.com",""
"","","","1800000.0","San Francisco","USA","","","","170","IN","0170 Main Street","Pending","005Qy00001Cft9BIAR","2026-06-16T18:35:21.000Z","","","1","","","","001Qy000029nUzBIAU","Technology","false","","","","005Qy00001Cft9BIAR","2026-06-16T18:35:23.000Z","","","","","","180","","","005Qy00001Cft9BIAR","","","(555) 100-0170","/services/images/photo/001Qy000029nUzBIAU","","012Qy00000BACRNIA5","","","","","","","IN","229b Baker st. before update trigger","","","","","","","2026-06-16T18:35:23.000Z","Test","","0.0","","","Partner","","https://test0170.example.com",""
"","","","1810000.0","New York","USA","","","","171","IN","0171 Main Street","Pending","005Qy00001Cft9BIAR","2026-06-16T18:35:21.000Z","","","1","","","","001Qy000029nUzCIAU","Healthcare","false","","","","005Qy00001Cft9BIAR","2026-06-16T18:35:23.000Z","","","","","","181","","","005Qy00001Cft9BIAR","","","(555) 100-0171","/services/images/photo/001Qy000029nUzCIAU","","012Qy00000BACRNIA5","","","","","","","IN","229b Baker st. before update trigger","","","","","","","2026-06-16T18:35:23.000Z","Test","","0.0","","","Other","","https://test0171.example.com",""
"","","","1820000.0","Chicago","USA","","","","172","IN","0172 Main Street","Pending","005Qy00001Cft9BIAR","2026-06-16T18:35:21.000Z","","","1","","","","001Qy000029nUzDIAU","Finance","false","","","","005Qy00001Cft9BIAR","2026-06-16T18:35:23.000Z","","","","","","182","","","005Qy00001Cft9BIAR","","","(555) 100-0172","/services/images/photo/001Qy000029nUzDIAU","","012Qy00000BACRNIA5","","","","","","","IN","229b Baker st. before update trigger","","","","","","","2026-06-16T18:35:23.000Z","Test","","0.0","","","Prospect","","https://test0172.example.com",""
"","","","1830000.0","Los Angeles","USA","","","","173","IN","0173 Main Street","Pending","005Qy00001Cft9BIAR","2026-06-16T18:35:21.000Z","","","1","","","","001Qy000029nUzEIAU","Manufacturing","false","","","","005Qy00001Cft9BIAR","2026-06-16T18:35:23.000Z","","","","","","183","","","005Qy00001Cft9BIAR","","","(555) 100-0173","/services/images/photo/001Qy000029nUzEIAU","","012Qy00000BACRNIA5","","","","","","","IN","229b Baker st. before update trigger","","","","","","","2026-06-16T18:35:23.000Z","Test","","0.0","","","Customer","","https://test0173.example.com",""
"","","","1840000.0","Houston","USA","","","","174","IN","0174 Main Street","Pending","005Qy00001Cft9BIAR","2026-06-16T18:35:21.000Z","","","1","","","","001Qy000029nUzFIAU","Retail","false","","","","005Qy00001Cft9BIAR","2026-06-16T18:35:23.000Z","","","","","","184","","","005Qy00001Cft9BIAR","","","(555) 100-0174","/services/images/photo/001Qy000029nUzFIAU","","012Qy00000BACRNIA5","","","","","","","IN","229b Baker st. before update trigger","","","","","","","2026-06-16T18:35:23.000Z","Test","","0.0","","","Partner","","https://test0174.example.com",""
"","","","1850000.0","Boston","USA","","","","175","IN","0175 Main Street","Pending","005Qy00001Cft9BIAR","2026-06-16T18:35:21.000Z","","","1","","","","001Qy000029nUzGIAU","Education","false","","","","005Qy00001Cft9BIAR","2026-06-16T18:35:23.000Z","","","","","","185","","","005Qy00001Cft9BIAR","","","(555) 100-0175","/services/images/photo/001Qy000029nUzGIAU","","012Qy00000BACRNIA5","","","","","","","IN","229b Baker st. before update trigger","","","","","","","2026-06-16T18:35:23.000Z","Test","","0.0","","","Other","","https://test0175.example.com",""
"","","","1860000.0","Seattle","USA","","","","176","IN","0176 Main Street","Pending","005Qy00001Cft9BIAR","2026-06-16T18:35:21.000Z","","","1","","","","001Qy000029nUzHIAU","Energy","false","","","","005Qy00001Cft9BIAR","2026-06-16T18:35:23.000Z","","","","","","186","","","005Qy00001Cft9BIAR","","","(555) 100-0176","/services/images/photo/001Qy000029nUzHIAU","","012Qy00000BACRNIA5","","","","","","","IN","229b Baker st. before update trigger","","","","","","","2026-06-16T18:35:23.000Z","Test","","0.0","","","Prospect","","https://test0176.example.com",""
"","","","1870000.0","Denver","USA","","","","177","IN","0177 Main Street","Pending","005Qy00001Cft9BIAR","2026-06-16T18:35:21.000Z","","","1","","","","001Qy000029nUzIIAU","Media","false","","","","005Qy00001Cft9BIAR","2026-06-16T18:35:23.000Z","","","","","","187","","","005Qy00001Cft9BIAR","","","(555) 100-0177","/services/images/photo/001Qy000029nUzIIAU","","012Qy00000BACRNIA5","","","","","","","IN","229b Baker st. before update trigger","","","","","","","2026-06-16T18:35:23.000Z","Test","","0.0","","","Customer","","https://test0177.example.com",""
"","","","1880000.0","Austin","USA","","","","178","IN","0178 Main Street","Pending","005Qy00001Cft9BIAR","2026-06-16T18:35:21.000Z","","","1","","","","001Qy000029nUzJIAU","Government","false","","","","005Qy00001Cft9BIAR","2026-06-16T18:35:23.000Z","","","","","","188","","","005Qy00001Cft9BIAR","","","(555) 100-0178","/services/images/photo/001Qy000029nUzJIAU","","012Qy00000BACRNIA5","","","","","","","IN","229b Baker st. before update trigger","","","","","","","2026-06-16T18:35:23.000Z","Test","","0.0","","","Partner","","https://test0178.example.com",""
"","","","1890000.0","Atlanta","USA","","","","179","IN","0179 Main Street","Pending","005Qy00001Cft9BIAR","2026-06-16T18:35:21.000Z","","","1","","","","001Qy000029nUzKIAU","Nonprofit","false","","","","005Qy00001Cft9BIAR","2026-06-16T18:35:23.000Z","","","","","","189","","","005Qy00001Cft9BIAR","","","(555) 100-0179","/services/images/photo/001Qy000029nUzKIAU","","012Qy00000BACRNIA5","","","","","","","IN","229b Baker st. before update trigger","","","","","","","2026-06-16T18:35:23.000Z","Test","","0.0","","","Other","","https://test0179.example.com",""
"","","","1900000.0","San Francisco","USA","","","","180","IN","0180 Main Street","Pending","005Qy00001Cft9BIAR","2026-06-16T18:35:21.000Z","","","1","","","","001Qy000029nUzLIAU","Technology","false","","","","005Qy00001Cft9BIAR","2026-06-16T18:35:23.000Z","","","","","","190","","","005Qy00001Cft9BIAR","","","(555) 100-0180","/services/images/photo/001Qy000029nUzLIAU","","012Qy00000BACRNIA5","","","","","","","IN","229b Baker st. before update trigger","","","","","","","2026-06-16T18:35:23.000Z","Test","","0.0","","","Prospect","","https://test0180.example.com",""
"","","","1910000.0","New York","USA","","","","181","IN","0181 Main Street","Pending","005Qy00001Cft9BIAR","2026-06-16T18:35:21.000Z","","","1","","","","001Qy000029nUzMIAU","Healthcare","false","","","","005Qy00001Cft9BIAR","2026-06-16T18:35:23.000Z","","","","","","191","","","005Qy00001Cft9BIAR","","","(555) 100-0181","/services/images/photo/001Qy000029nUzMIAU","","012Qy00000BACRNIA5","","","","","","","IN","229b Baker st. before update trigger","","","","","","","2026-06-16T18:35:23.000Z","Test","","0.0","","","Customer","","https://test0181.example.com",""
"","","","1920000.0","Chicago","USA","","","","182","IN","0182 Main Street","Pending","005Qy00001Cft9BIAR","2026-06-16T18:35:21.000Z","","","1","","","","001Qy000029nUzNIAU","Finance","false","","","","005Qy00001Cft9BIAR","2026-06-16T18:35:23.000Z","","","","","","192","","","005Qy00001Cft9BIAR","","","(555) 100-0182","/services/images/photo/001Qy000029nUzNIAU","","012Qy00000BACRNIA5","","","","","","","IN","229b Baker st. before update trigger","","","","","","","2026-06-16T18:35:23.000Z","Test","","0.0","","","Partner","","https://test0182.example.com",""
"","","","1930000.0","Los Angeles","USA","","","","183","IN","0183 Main Street","Pending","005Qy00001Cft9BIAR","2026-06-16T18:35:21.000Z","","","1","","","","001Qy000029nUzOIAU","Manufacturing","false","","","","005Qy00001Cft9BIAR","2026-06-16T18:35:23.000Z","","","","","","193","","","005Qy00001Cft9BIAR","","","(555) 100-0183","/services/images/photo/001Qy000029nUzOIAU","","012Qy00000BACRNIA5","","","","","","","IN","229b Baker st. before update trigger","","","","","","","2026-06-16T18:35:23.000Z","Test","","0.0","","","Other","","https://test0183.example.com",""
"","","","1940000.0","Houston","USA","","","","184","IN","0184 Main Street","Pending","005Qy00001Cft9BIAR","2026-06-16T18:35:21.000Z","","","1","","","","001Qy000029nUzPIAU","Retail","false","","","","005Qy00001Cft9BIAR","2026-06-16T18:35:23.000Z","","","","","","194","","","005Qy00001Cft9BIAR","","","(555) 100-0184","/services/images/photo/001Qy000029nUzPIAU","","012Qy00000BACRNIA5","","","","","","","IN","229b Baker st. before update trigger","","","","","","","2026-06-16T18:35:23.000Z","Test","","0.0","","","Prospect","","https://test0184.example.com",""
"","","","1950000.0","Boston","USA","","","","185","IN","0185 Main Street","Pending","005Qy00001Cft9BIAR","2026-06-16T18:35:21.000Z","","","1","","","","001Qy000029nUzQIAU","Education","false","","","","005Qy00001Cft9BIAR","2026-06-16T18:35:23.000Z","","","","","","195","","","005Qy00001Cft9BIAR","","","(555) 100-0185","/services/images/photo/001Qy000029nUzQIAU","","012Qy00000BACRNIA5","","","","","","","IN","229b Baker st. before update trigger","","","","","","","2026-06-16T18:35:23.000Z","Test","","0.0","","","Customer","","https://test0185.example.com",""
"","","","1960000.0","Seattle","USA","","","","186","IN","0186 Main Street","Pending","005Qy00001Cft9BIAR","2026-06-16T18:35:21.000Z","","","1","","","","001Qy000029nUzRIAU","Energy","false","","","","005Qy00001Cft9BIAR","2026-06-16T18:35:23.000Z","","","","","","196","","","005Qy00001Cft9BIAR","","","(555) 100-0186","/services/images/photo/001Qy000029nUzRIAU","","012Qy00000BACRNIA5","","","","","","","IN","229b Baker st. before update trigger","","","","","","","2026-06-16T18:35:23.000Z","Test","","0.0","","","Partner","","https://test0186.example.com",""
"","","","1970000.0","Denver","USA","","","","187","IN","0187 Main Street","Pending","005Qy00001Cft9BIAR","2026-06-16T18:35:21.000Z","","","1","","","","001Qy000029nUzSIAU","Media","false","","","","005Qy00001Cft9BIAR","2026-06-16T18:35:23.000Z","","","","","","197","","","005Qy00001Cft9BIAR","","","(555) 100-0187","/services/images/photo/001Qy000029nUzSIAU","","012Qy00000BACRNIA5","","","","","","","IN","229b Baker st. before update trigger","","","","","","","2026-06-16T18:35:23.000Z","Test","","0.0","","","Other","","https://test0187.example.com",""
"","","","1980000.0","Austin","USA","","","","188","IN","0188 Main Street","Pending","005Qy00001Cft9BIAR","2026-06-16T18:35:21.000Z","","","1","","","","001Qy000029nUzTIAU","Government","false","","","","005Qy00001Cft9BIAR","2026-06-16T18:35:23.000Z","","","","","","198","","","005Qy00001Cft9BIAR","","","(555) 100-0188","/services/images/photo/001Qy000029nUzTIAU","","012Qy00000BACRNIA5","","","","","","","IN","229b Baker st. before update trigger","","","","","","","2026-06-16T18:35:23.000Z","Test","","0.0","","","Prospect","","https://test0188.example.com",""
"","","","1990000.0","Atlanta","USA","","","","189","IN","0189 Main Street","Pending","005Qy00001Cft9BIAR","2026-06-16T18:35:21.000Z","","","1","","","","001Qy000029nUzUIAU","Nonprofit","false","","","","005Qy00001Cft9BIAR","2026-06-16T18:35:23.000Z","","","","","","199","","","005Qy00001Cft9BIAR","","","(555) 100-0189","/services/images/photo/001Qy000029nUzUIAU","","012Qy00000BACRNIA5","","","","","","","IN","229b Baker st. before update trigger","","","","","","","2026-06-16T18:35:23.000Z","Test","","0.0","","","Customer","","https://test0189.example.com",""
"","","","2000000.0","San Francisco","USA","","","","190","IN","0190 Main Street","Pending","005Qy00001Cft9BIAR","2026-06-16T18:35:21.000Z","","","1","","","","001Qy000029nUzVIAU","Technology","false","","","","005Qy00001Cft9BIAR","2026-06-16T18:35:23.000Z","","","","","","200","","","005Qy00001Cft9BIAR","","","(555) 100-0190","/services/images/photo/001Qy000029nUzVIAU","","012Qy00000BACRNIA5","","","","","","","IN","229b Baker st. before update trigger","","","","","","","2026-06-16T18:35:23.000Z","Test","","0.0","","","Partner","","https://test0190.example.com",""
"","","","2010000.0","New York","USA","","","","191","IN","0191 Main Street","Pending","005Qy00001Cft9BIAR","2026-06-16T18:35:21.000Z","","","1","","","","001Qy000029nUzWIAU","Healthcare","false","","","","005Qy00001Cft9BIAR","2026-06-16T18:35:23.000Z","","","","","","201","","","005Qy00001Cft9BIAR","","","(555) 100-0191","/services/images/photo/001Qy000029nUzWIAU","","012Qy00000BACRNIA5","","","","","","","IN","229b Baker st. before update trigger","","","","","","","2026-06-16T18:35:23.000Z","Test","","0.0","","","Other","","https://test0191.example.com",""
"","","","2020000.0","Chicago","USA","","","","192","IN","0192 Main Street","Pending","005Qy00001Cft9BIAR","2026-06-16T18:35:21.000Z","","","1","","","","001Qy000029nUzXIAU","Finance","false","","","","005Qy00001Cft9BIAR","2026-06-16T18:35:23.000Z","","","","","","202","","","005Qy00001Cft9BIAR","","","(555) 100-0192","/services/images/photo/001Qy000029nUzXIAU","","012Qy00000BACRNIA5","","","","","","","IN","229b Baker st. before update trigger","","","","","","","2026-06-16T18:35:23.000Z","Test","","0.0","","","Prospect","","https://test0192.example.com",""
"","","","2030000.0","Los Angeles","USA","","","","193","IN","0193 Main Street","Pending","005Qy00001Cft9BIAR","2026-06-16T18:35:21.000Z","","","1","","","","001Qy000029nUzYIAU","Manufacturing","false","","","","005Qy00001Cft9BIAR","2026-06-16T18:35:23.000Z","","","","","","203","","","005Qy00001Cft9BIAR","","","(555) 100-0193","/services/images/photo/001Qy000029nUzYIAU","","012Qy00000BACRNIA5","","","","","","","IN","229b Baker st. before update trigger","","","","","","","2026-06-16T18:35:23.000Z","Test","","0.0","","","Customer","","https://test0193.example.com",""
"","","","2040000.0","Houston","USA","","","","194","IN","0194 Main Street","Pending","005Qy00001Cft9BIAR","2026-06-16T18:35:21.000Z","","","1","","","","001Qy000029nUzZIAU","Retail","false","","","","005Qy00001Cft9BIAR","2026-06-16T18:35:23.000Z","","","","","","204","","","005Qy00001Cft9BIAR","","","(555) 100-0194","/services/images/photo/001Qy000029nUzZIAU","","012Qy00000BACRNIA5","","","","","","","IN","229b Baker st. before update trigger","","","","","","","2026-06-16T18:35:23.000Z","Test","","0.0","","","Partner","","https://test0194.example.com",""
"","","","2050000.0","Boston","USA","","","","195","IN","0195 Main Street","Pending","005Qy00001Cft9BIAR","2026-06-16T18:35:21.000Z","","","1","","","","001Qy000029nUzaIAE","Education","false","","","","005Qy00001Cft9BIAR","2026-06-16T18:35:23.000Z","","","","","","205","","","005Qy00001Cft9BIAR","","","(555) 100-0195","/services/images/photo/001Qy000029nUzaIAE","","012Qy00000BACRNIA5","","","","","","","IN","229b Baker st. before update trigger","","","","","","","2026-06-16T18:35:23.000Z","Test","","0.0","","","Other","","https://test0195.example.com",""
"","","","2060000.0","Seattle","USA","","","","196","IN","0196 Main Street","Pending","005Qy00001Cft9BIAR","2026-06-16T18:35:21.000Z","","","1","","","","001Qy000029nUzbIAE","Energy","false","","","","005Qy00001Cft9BIAR","2026-06-16T18:35:23.000Z","","","","","","206","","","005Qy00001Cft9BIAR","","","(555) 100-0196","/services/images/photo/001Qy000029nUzbIAE","","012Qy00000BACRNIA5","","","","","","","IN","229b Baker st. before update trigger","","","","","","","2026-06-16T18:35:23.000Z","Test","","0.0","","","Prospect","","https://test0196.example.com",""
"","","","2070000.0","Denver","USA","","","","197","IN","0197 Main Street","Pending","005Qy00001Cft9BIAR","2026-06-16T18:35:21.000Z","","","1","","","","001Qy000029nUzcIAE","Media","false","","","","005Qy00001Cft9BIAR","2026-06-16T18:35:23.000Z","","","","","","207","","","005Qy00001Cft9BIAR","","","(555) 100-0197","/services/images/photo/001Qy000029nUzcIAE","","012Qy00000BACRNIA5","","","","","","","IN","229b Baker st. before update trigger","","","","","","","2026-06-16T18:35:23.000Z","Test","","0.0","","","Customer","","https://test0197.example.com",""
"","","","2080000.0","Austin","USA","","","","198","IN","0198 Main Street","Pending","005Qy00001Cft9BIAR","2026-06-16T18:35:21.000Z","","","1","","","","001Qy000029nUzdIAE","Government","false","","","","005Qy00001Cft9BIAR","2026-06-16T18:35:23.000Z","","","","","","208","","","005Qy00001Cft9BIAR","","","(555) 100-0198","/services/images/photo/001Qy000029nUzdIAE","","012Qy00000BACRNIA5","","","","","","","IN","229b Baker st. before update trigger","","","","","","","2026-06-16T18:35:23.000Z","Test","","0.0","","","Partner","","https://test0198.example.com",""
"","","","2090000.0","Atlanta","USA","","","","199","IN","0199 Main Street","Pending","005Qy00001Cft9BIAR","2026-06-16T18:35:21.000Z","","","1","","","","001Qy000029nUzeIAE","Nonprofit","false","","","","005Qy00001Cft9BIAR","2026-06-16T18:35:23.000Z","","","","","","209","","","005Qy00001Cft9BIAR","","","(555) 100-0199","/services/images/photo/001Qy000029nUzeIAE","","012Qy00000BACRNIA5","","","","","","","IN","229b Baker st. before update trigger","","","","","","","2026-06-16T18:35:23.000Z","Test","","0.0","","","Other","","https://test0199.example.com",""
"","","","2100000.0","San Francisco","USA","","","","200","IN","0200 Main Street","Pending","005Qy00001Cft9BIAR","2026-06-16T18:35:26.000Z","","","1","","","","001Qy000029nUzfIAE","Technology","false","","","","005Qy00001Cft9BIAR","2026-06-16T18:35:28.000Z","","","","","","210","","","005Qy00001Cft9BIAR","","","(555) 100-0200","/services/images/photo/001Qy000029nUzfIAE","","012Qy00000BACRNIA5","","","","","","","IN","229b Baker st. before update trigger","","","","","","","2026-06-16T18:35:28.000Z","Test","","0.0","","","Prospect","","https://test0200.example.com",""
"","","","2110000.0","New York","USA","","","","201","IN","0201 Main Street","Pending","005Qy00001Cft9BIAR","2026-06-16T18:35:26.000Z","","","1","","","","001Qy000029nUzgIAE","Healthcare","false","","","","005Qy00001Cft9BIAR","2026-06-16T18:35:28.000Z","","","","","","211","","","005Qy00001Cft9BIAR","","","(555) 100-0201","/services/images/photo/001Qy000029nUzgIAE","","012Qy00000BACRNIA5","","","","","","","IN","229b Baker st. before update trigger","","","","","","","2026-06-16T18:35:28.000Z","Test","","0.0","","","Customer","","https://test0201.example.com",""
"","","","2120000.0","Chicago","USA","","","","202","IN","0202 Main Street","Pending","005Qy00001Cft9BIAR","2026-06-16T18:35:26.000Z","","","1","","","","001Qy000029nUzhIAE","Finance","false","","","","005Qy00001Cft9BIAR","2026-06-16T18:35:28.000Z","","","","","","212","","","005Qy00001Cft9BIAR","","","(555) 100-0202","/services/images/photo/001Qy000029nUzhIAE","","012Qy00000BACRNIA5","","","","","","","IN","229b Baker st. before update trigger","","","","","","","2026-06-16T18:35:28.000Z","Test","","0.0","","","Partner","","https://test0202.example.com",""
"","","","2130000.0","Los Angeles","USA","","","","203","IN","0203 Main Street","Pending","005Qy00001Cft9BIAR","2026-06-16T18:35:26.000Z","","","1","","","","001Qy000029nUziIAE","Manufacturing","false","","","","005Qy00001Cft9BIAR","2026-06-16T18:35:28.000Z","","","","","","213","","","005Qy00001Cft9BIAR","","","(555) 100-0203","/services/images/photo/001Qy000029nUziIAE","","012Qy00000BACRNIA5","","","","","","","IN","229b Baker st. before update trigger","","","","","","","2026-06-16T18:35:28.000Z","Test","","0.0","","","Other","","https://test0203.example.com",""
"","","","2140000.0","Houston","USA","","","","204","IN","0204 Main Street","Pending","005Qy00001Cft9BIAR","2026-06-16T18:35:26.000Z","","","1","","","","001Qy000029nUzjIAE","Retail","false","","","","005Qy00001Cft9BIAR","2026-06-16T18:35:28.000Z","","","","","","214","","","005Qy00001Cft9BIAR","","","(555) 100-0204","/services/images/photo/001Qy000029nUzjIAE","","012Qy00000BACRNIA5","","","","","","","IN","229b Baker st. before update trigger","","","","","","","2026-06-16T18:35:28.000Z","Test","","0.0","","","Prospect","","https://test0204.example.com",""
"","","","2150000.0","Boston","USA","","","","205","IN","0205 Main Street","Pending","005Qy00001Cft9BIAR","2026-06-16T18:35:26.000Z","","","1","","","","001Qy000029nUzkIAE","Education","false","","","","005Qy00001Cft9BIAR","2026-06-16T18:35:28.000Z","","","","","","215","","","005Qy00001Cft9BIAR","","","(555) 100-0205","/services/images/photo/001Qy000029nUzkIAE","","012Qy00000BACRNIA5","","","","","","","IN","229b Baker st. before update trigger","","","","","","","2026-06-16T18:35:28.000Z","Test","","0.0","","","Customer","","https://test0205.example.com",""
"","","","2160000.0","Seattle","USA","","","","206","IN","0206 Main Street","Pending","005Qy00001Cft9BIAR","2026-06-16T18:35:26.000Z","","","1","","","","001Qy000029nUzlIAE","Energy","false","","","","005Qy00001Cft9BIAR","2026-06-16T18:35:28.000Z","","","","","","216","","","005Qy00001Cft9BIAR","","","(555) 100-0206","/services/images/photo/001Qy000029nUzlIAE","","012Qy00000BACRNIA5","","","","","","","IN","229b Baker st. before update trigger","","","","","","","2026-06-16T18:35:28.000Z","Test","","0.0","","","Partner","","https://test0206.example.com",""
"","","","2170000.0","Denver","USA","","","","207","IN","0207 Main Street","Pending","005Qy00001Cft9BIAR","2026-06-16T18:35:26.000Z","","","1","","","","001Qy000029nUzmIAE","Media","false","","","","005Qy00001Cft9BIAR","2026-06-16T18:35:28.000Z","","","","","","217","","","005Qy00001Cft9BIAR","","","(555) 100-0207","/services/images/photo/001Qy000029nUzmIAE","","012Qy00000BACRNIA5","","","","","","","IN","229b Baker st. before update trigger","","","","","","","2026-06-16T18:35:28.000Z","Test","","0.0","","","Other","","https://test0207.example.com",""
"","","","2180000.0","Austin","USA","","","","208","IN","0208 Main Street","Pending","005Qy00001Cft9BIAR","2026-06-16T18:35:26.000Z","","","1","","","","001Qy000029nUznIAE","Government","false","","","","005Qy00001Cft9BIAR","2026-06-16T18:35:28.000Z","","","","","","218","","","005Qy00001Cft9BIAR","","","(555) 100-0208","/services/images/photo/001Qy000029nUznIAE","","012Qy00000BACRNIA5","","","","","","","IN","229b Baker st. before update trigger","","","","","","","2026-06-16T18:35:28.000Z","Test","","0.0","","","Prospect","","https://test0208.example.com",""
"","","","2190000.0","Atlanta","USA","","","","209","IN","0209 Main Street","Pending","005Qy00001Cft9BIAR","2026-06-16T18:35:26.000Z","","","1","","","","001Qy000029nUzoIAE","Nonprofit","false","","","","005Qy00001Cft9BIAR","2026-06-16T18:35:28.000Z","","","","","","219","","","005Qy00001Cft9BIAR","","","(555) 100-0209","/services/images/photo/001Qy000029nUzoIAE","","012Qy00000BACRNIA5","","","","","","","IN","229b Baker st. before update trigger","","","","","","","2026-06-16T18:35:28.000Z","Test","","0.0","","","Customer","","https://test0209.example.com",""
"","","","2200000.0","San Francisco","USA","","","","210","IN","0210 Main Street","Pending","005Qy00001Cft9BIAR","2026-06-16T18:35:26.000Z","","","1","","","","001Qy000029nUzpIAE","Technology","false","","","","005Qy00001Cft9BIAR","2026-06-16T18:35:28.000Z","","","","","","220","","","005Qy00001Cft9BIAR","","","(555) 100-0210","/services/images/photo/001Qy000029nUzpIAE","","012Qy00000BACRNIA5","","","","","","","IN","229b Baker st. before update trigger","","","","","","","2026-06-16T18:35:28.000Z","Test","","0.0","","","Partner","","https://test0210.example.com",""
"","","","2210000.0","New York","USA","","","","211","IN","0211 Main Street","Pending","005Qy00001Cft9BIAR","2026-06-16T18:35:26.000Z","","","1","","","","001Qy000029nUzqIAE","Healthcare","false","","","","005Qy00001Cft9BIAR","2026-06-16T18:35:28.000Z","","","","","","221","","","005Qy00001Cft9BIAR","","","(555) 100-0211","/services/images/photo/001Qy000029nUzqIAE","","012Qy00000BACRNIA5","","","","","","","IN","229b Baker st. before update trigger","","","","","","","2026-06-16T18:35:28.000Z","Test","","0.0","","","Other","","https://test0211.example.com",""
"","","","2220000.0","Chicago","USA","","","","212","IN","0212 Main Street","Pending","005Qy00001Cft9BIAR","2026-06-16T18:35:26.000Z","","","1","","","","001Qy000029nUzrIAE","Finance","false","","","","005Qy00001Cft9BIAR","2026-06-16T18:35:28.000Z","","","","","","222","","","005Qy00001Cft9BIAR","","","(555) 100-0212","/services/images/photo/001Qy000029nUzrIAE","","012Qy00000BACRNIA5","","","","","","","IN","229b Baker st. before update trigger","","","","","","","2026-06-16T18:35:28.000Z","Test","","0.0","","","Prospect","","https://test0212.example.com",""
"","","","2230000.0","Los Angeles","USA","","","","213","IN","0213 Main Street","Pending","005Qy00001Cft9BIAR","2026-06-16T18:35:26.000Z","","","1","","","","001Qy000029nUzsIAE","Manufacturing","false","","","","005Qy00001Cft9BIAR","2026-06-16T18:35:28.000Z","","","","","","223","","","005Qy00001Cft9BIAR","","","(555) 100-0213","/services/images/photo/001Qy000029nUzsIAE","","012Qy00000BACRNIA5","","","","","","","IN","229b Baker st. before update trigger","","","","","","","2026-06-16T18:35:28.000Z","Test","","0.0","","","Customer","","https://test0213.example.com",""
"","","","2240000.0","Houston","USA","","","","214","IN","0214 Main Street","Pending","005Qy00001Cft9BIAR","2026-06-16T18:35:26.000Z","","","1","","","","001Qy000029nUztIAE","Retail","false","","","","005Qy00001Cft9BIAR","2026-06-16T18:35:28.000Z","","","","","","224","","","005Qy00001Cft9BIAR","","","(555) 100-0214","/services/images/photo/001Qy000029nUztIAE","","012Qy00000BACRNIA5","","","","","","","IN","229b Baker st. before update trigger","","","","","","","2026-06-16T18:35:28.000Z","Test","","0.0","","","Partner","","https://test0214.example.com",""
"","","","2250000.0","Boston","USA","","","","215","IN","0215 Main Street","Pending","005Qy00001Cft9BIAR","2026-06-16T18:35:26.000Z","","","1","","","","001Qy000029nUzuIAE","Education","false","","","","005Qy00001Cft9BIAR","2026-06-16T18:35:28.000Z","","","","","","225","","","005Qy00001Cft9BIAR","","","(555) 100-0215","/services/images/photo/001Qy000029nUzuIAE","","012Qy00000BACRNIA5","","","","","","","IN","229b Baker st. before update trigger","","","","","","","2026-06-16T18:35:28.000Z","Test","","0.0","","","Other","","https://test0215.example.com",""
"","","","2260000.0","Seattle","USA","","","","216","IN","0216 Main Street","Pending","005Qy00001Cft9BIAR","2026-06-16T18:35:26.000Z","","","1","","","","001Qy000029nUzvIAE","Energy","false","","","","005Qy00001Cft9BIAR","2026-06-16T18:35:28.000Z","","","","","","226","","","005Qy00001Cft9BIAR","","","(555) 100-0216","/services/images/photo/001Qy000029nUzvIAE","","012Qy00000BACRNIA5","","","","","","","IN","229b Baker st. before update trigger","","","","","","","2026-06-16T18:35:28.000Z","Test","","0.0","","","Prospect","","https://test0216.example.com",""
"","","","2270000.0","Denver","USA","","","","217","IN","0217 Main Street","Pending","005Qy00001Cft9BIAR","2026-06-16T18:35:26.000Z","","","1","","","","001Qy000029nUzwIAE","Media","false","","","","005Qy00001Cft9BIAR","2026-06-16T18:35:28.000Z","","","","","","227","","","005Qy00001Cft9BIAR","","","(555) 100-0217","/services/images/photo/001Qy000029nUzwIAE","","012Qy00000BACRNIA5","","","","","","","IN","229b Baker st. before update trigger","","","","","","","2026-06-16T18:35:28.000Z","Test","","0.0","","","Customer","","https://test0217.example.com",""
"","","","2280000.0","Austin","USA","","","","218","IN","0218 Main Street","Pending","005Qy00001Cft9BIAR","2026-06-16T18:35:26.000Z","","","1","","","","001Qy000029nUzxIAE","Government","false","","","","005Qy00001Cft9BIAR","2026-06-16T18:35:28.000Z","","","","","","228","","","005Qy00001Cft9BIAR","","","(555) 100-0218","/services/images/photo/001Qy000029nUzxIAE","","012Qy00000BACRNIA5","","","","","","","IN","229b Baker st. before update trigger","","","","","","","2026-06-16T18:35:28.000Z","Test","","0.0","","","Partner","","https://test0218.example.com",""
"","","","2290000.0","Atlanta","USA","","","","219","IN","0219 Main Street","Pending","005Qy00001Cft9BIAR","2026-06-16T18:35:26.000Z","","","1","","","","001Qy000029nUzyIAE","Nonprofit","false","","","","005Qy00001Cft9BIAR","2026-06-16T18:35:28.000Z","","","","","","229","","","005Qy00001Cft9BIAR","","","(555) 100-0219","/services/images/photo/001Qy000029nUzyIAE","","012Qy00000BACRNIA5","","","","","","","IN","229b Baker st. before update trigger","","","","","","","2026-06-16T18:35:28.000Z","Test","","0.0","","","Other","","https://test0219.example.com",""
"","","","2300000.0","San Francisco","USA","","","","220","IN","0220 Main Street","Pending","005Qy00001Cft9BIAR","2026-06-16T18:35:26.000Z","","","1","","","","001Qy000029nUzzIAE","Technology","false","","","","005Qy00001Cft9BIAR","2026-06-16T18:35:28.000Z","","","","","","230","","","005Qy00001Cft9BIAR","","","(555) 100-0220","/services/images/photo/001Qy000029nUzzIAE","","012Qy00000BACRNIA5","","","","","","","IN","229b Baker st. before update trigger","","","","","","","2026-06-16T18:35:28.000Z","Test","","0.0","","","Prospect","","https://test0220.example.com",""
"","","","2310000.0","New York","USA","","","","221","IN","0221 Main Street","Pending","005Qy00001Cft9BIAR","2026-06-16T18:35:26.000Z","","","1","","","","001Qy000029nV00IAE","Healthcare","false","","","","005Qy00001Cft9BIAR","2026-06-16T18:35:28.000Z","","","","","","231","","","005Qy00001Cft9BIAR","","","(555) 100-0221","/services/images/photo/001Qy000029nV00IAE","","012Qy00000BACRNIA5","","","","","","","IN","229b Baker st. before update trigger","","","","","","","2026-06-16T18:35:28.000Z","Test","","0.0","","","Customer","","https://test0221.example.com",""
"","","","2320000.0","Chicago","USA","","","","222","IN","0222 Main Street","Pending","005Qy00001Cft9BIAR","2026-06-16T18:35:26.000Z","","","1","","","","001Qy000029nV01IAE","Finance","false","","","","005Qy00001Cft9BIAR","2026-06-16T18:35:28.000Z","","","","","","232","","","005Qy00001Cft9BIAR","","","(555) 100-0222","/services/images/photo/001Qy000029nV01IAE","","012Qy00000BACRNIA5","","","","","","","IN","229b Baker st. before update trigger","","","","","","","2026-06-16T18:35:28.000Z","Test","","0.0","","","Partner","","https://test0222.example.com",""
"","","","2330000.0","Los Angeles","USA","","","","223","IN","0223 Main Street","Pending","005Qy00001Cft9BIAR","2026-06-16T18:35:26.000Z","","","1","","","","001Qy000029nV02IAE","Manufacturing","false","","","","005Qy00001Cft9BIAR","2026-06-16T18:35:28.000Z","","","","","","233","","","005Qy00001Cft9BIAR","","","(555) 100-0223","/services/images/photo/001Qy000029nV02IAE","","012Qy00000BACRNIA5","","","","","","","IN","229b Baker st. before update trigger","","","","","","","2026-06-16T18:35:28.000Z","Test","","0.0","","","Other","","https://test0223.example.com",""
"","","","2340000.0","Houston","USA","","","","224","IN","0224 Main Street","Pending","005Qy00001Cft9BIAR","2026-06-16T18:35:26.000Z","","","1","","","","001Qy000029nV03IAE","Retail","false","","","","005Qy00001Cft9BIAR","2026-06-16T18:35:28.000Z","","","","","","234","","","005Qy00001Cft9BIAR","","","(555) 100-0224","/services/images/photo/001Qy000029nV03IAE","","012Qy00000BACRNIA5","","","","","","","IN","229b Baker st. before update trigger","","","","","","","2026-06-16T18:35:28.000Z","Test","","0.0","","","Prospect","","https://test0224.example.com",""
"","","","2350000.0","Boston","USA","","","","225","IN","0225 Main Street","Pending","005Qy00001Cft9BIAR","2026-06-16T18:35:26.000Z","","","1","","","","001Qy000029nV04IAE","Education","false","","","","005Qy00001Cft9BIAR","2026-06-16T18:35:28.000Z","","","","","","235","","","005Qy00001Cft9BIAR","","","(555) 100-0225","/services/images/photo/001Qy000029nV04IAE","","012Qy00000BACRNIA5","","","","","","","IN","229b Baker st. before update trigger","","","","","","","2026-06-16T18:35:28.000Z","Test","","0.0","","","Customer","","https://test0225.example.com",""
"","","","2360000.0","Seattle","USA","","","","226","IN","0226 Main Street","Pending","005Qy00001Cft9BIAR","2026-06-16T18:35:26.000Z","","","1","","","","001Qy000029nV05IAE","Energy","false","","","","005Qy00001Cft9BIAR","2026-06-16T18:35:28.000Z","","","","","","236","","","005Qy00001Cft9BIAR","","","(555) 100-0226","/services/images/photo/001Qy000029nV05IAE","","012Qy00000BACRNIA5","","","","","","","IN","229b Baker st. before update trigger","","","","","","","2026-06-16T18:35:28.000Z","Test","","0.0","","","Partner","","https://test0226.example.com",""
"","","","2370000.0","Denver","USA","","","","227","IN","0227 Main Street","Pending","005Qy00001Cft9BIAR","2026-06-16T18:35:26.000Z","","","1","","","","001Qy000029nV06IAE","Media","false","","","","005Qy00001Cft9BIAR","2026-06-16T18:35:28.000Z","","","","","","237","","","005Qy00001Cft9BIAR","","","(555) 100-0227","/services/images/photo/001Qy000029nV06IAE","","012Qy00000BACRNIA5","","","","","","","IN","229b Baker st. before update trigger","","","","","","","2026-06-16T18:35:28.000Z","Test","","0.0","","","Other","","https://test0227.example.com",""
"","","","2380000.0","Austin","USA","","","","228","IN","0228 Main Street","Pending","005Qy00001Cft9BIAR","2026-06-16T18:35:26.000Z","","","1","","","","001Qy000029nV07IAE","Government","false","","","","005Qy00001Cft9BIAR","2026-06-16T18:35:28.000Z","","","","","","238","","","005Qy00001Cft9BIAR","","","(555) 100-0228","/services/images/photo/001Qy000029nV07IAE","","012Qy00000BACRNIA5","","","","","","","IN","229b Baker st. before update trigger","","","","","","","2026-06-16T18:35:28.000Z","Test","","0.0","","","Prospect","","https://test0228.example.com",""
"","","","2390000.0","Atlanta","USA","","","","229","IN","0229 Main Street","Pending","005Qy00001Cft9BIAR","2026-06-16T18:35:26.000Z","","","1","","","","001Qy000029nV08IAE","Nonprofit","false","","","","005Qy00001Cft9BIAR","2026-06-16T18:35:28.000Z","","","","","","239","","","005Qy00001Cft9BIAR","","","(555) 100-0229","/services/images/photo/001Qy000029nV08IAE","","012Qy00000BACRNIA5","","","","","","","IN","229b Baker st. before update trigger","","","","","","","2026-06-16T18:35:28.000Z","Test","","0.0","","","Customer","","https://test0229.example.com",""
"","","","2400000.0","San Francisco","USA","","","","230","IN","0230 Main Street","Pending","005Qy00001Cft9BIAR","2026-06-16T18:35:26.000Z","","","1","","","","001Qy000029nV09IAE","Technology","false","","","","005Qy00001Cft9BIAR","2026-06-16T18:35:28.000Z","","","","","","240","","","005Qy00001Cft9BIAR","","","(555) 100-0230","/services/images/photo/001Qy000029nV09IAE","","012Qy00000BACRNIA5","","","","","","","IN","229b Baker st. before update trigger","","","","","","","2026-06-16T18:35:28.000Z","Test","","0.0","","","Partner","","https://test0230.example.com",""
"","","","2410000.0","New York","USA","","","","231","IN","0231 Main Street","Pending","005Qy00001Cft9BIAR","2026-06-16T18:35:26.000Z","","","1","","","","001Qy000029nV0AIAU","Healthcare","false","","","","005Qy00001Cft9BIAR","2026-06-16T18:35:28.000Z","","","","","","241","","","005Qy00001Cft9BIAR","","","(555) 100-0231","/services/images/photo/001Qy000029nV0AIAU","","012Qy00000BACRNIA5","","","","","","","IN","229b Baker st. before update trigger","","","","","","","2026-06-16T18:35:28.000Z","Test","","0.0","","","Other","","https://test0231.example.com",""
"","","","2420000.0","Chicago","USA","","","","232","IN","0232 Main Street","Pending","005Qy00001Cft9BIAR","2026-06-16T18:35:26.000Z","","","1","","","","001Qy000029nV0BIAU","Finance","false","","","","005Qy00001Cft9BIAR","2026-06-16T18:35:28.000Z","","","","","","242","","","005Qy00001Cft9BIAR","","","(555) 100-0232","/services/images/photo/001Qy000029nV0BIAU","","012Qy00000BACRNIA5","","","","","","","IN","229b Baker st. before update trigger","","","","","","","2026-06-16T18:35:28.000Z","Test","","0.0","","","Prospect","","https://test0232.example.com",""
"","","","2430000.0","Los Angeles","USA","","","","233","IN","0233 Main Street","Pending","005Qy00001Cft9BIAR","2026-06-16T18:35:26.000Z","","","1","","","","001Qy000029nV0CIAU","Manufacturing","false","","","","005Qy00001Cft9BIAR","2026-06-16T18:35:28.000Z","","","","","","243","","","005Qy00001Cft9BIAR","","","(555) 100-0233","/services/images/photo/001Qy000029nV0CIAU","","012Qy00000BACRNIA5","","","","","","","IN","229b Baker st. before update trigger","","","","","","","2026-06-16T18:35:28.000Z","Test","","0.0","","","Customer","","https://test0233.example.com",""
"","","","2440000.0","Houston","USA","","","","234","IN","0234 Main Street","Pending","005Qy00001Cft9BIAR","2026-06-16T18:35:26.000Z","","","1","","","","001Qy000029nV0DIAU","Retail","false","","","","005Qy00001Cft9BIAR","2026-06-16T18:35:28.000Z","","","","","","244","","","005Qy00001Cft9BIAR","","","(555) 100-0234","/services/images/photo/001Qy000029nV0DIAU","","012Qy00000BACRNIA5","","","","","","","IN","229b Baker st. before update trigger","","","","","","","2026-06-16T18:35:28.000Z","Test","","0.0","","","Partner","","https://test0234.example.com",""
"","","","2450000.0","Boston","USA","","","","235","IN","0235 Main Street","Pending","005Qy00001Cft9BIAR","2026-06-16T18:35:26.000Z","","","1","","","","001Qy000029nV0EIAU","Education","false","","","","005Qy00001Cft9BIAR","2026-06-16T18:35:28.000Z","","","","","","245","","","005Qy00001Cft9BIAR","","","(555) 100-0235","/services/images/photo/001Qy000029nV0EIAU","","012Qy00000BACRNIA5","","","","","","","IN","229b Baker st. before update trigger","","","","","","","2026-06-16T18:35:28.000Z","Test","","0.0","","","Other","","https://test0235.example.com",""
"","","","2460000.0","Seattle","USA","","","","236","IN","0236 Main Street","Pending","005Qy00001Cft9BIAR","2026-06-16T18:35:26.000Z","","","1","","","","001Qy000029nV0FIAU","Energy","false","","","","005Qy00001Cft9BIAR","2026-06-16T18:35:28.000Z","","","","","","246","","","005Qy00001Cft9BIAR","","","(555) 100-0236","/services/images/photo/001Qy000029nV0FIAU","","012Qy00000BACRNIA5","","","","","","","IN","229b Baker st. before update trigger","","","","","","","2026-06-16T18:35:28.000Z","Test","","0.0","","","Prospect","","https://test0236.example.com",""
"","","","2470000.0","Denver","USA","","","","237","IN","0237 Main Street","Pending","005Qy00001Cft9BIAR","2026-06-16T18:35:26.000Z","","","1","","","","001Qy000029nV0GIAU","Media","false","","","","005Qy00001Cft9BIAR","2026-06-16T18:35:28.000Z","","","","","","247","","","005Qy00001Cft9BIAR","","","(555) 100-0237","/services/images/photo/001Qy000029nV0GIAU","","012Qy00000BACRNIA5","","","","","","","IN","229b Baker st. before update trigger","","","","","","","2026-06-16T18:35:28.000Z","Test","","0.0","","","Customer","","https://test0237.example.com",""
"","","","2480000.0","Austin","USA","","","","238","IN","0238 Main Street","Pending","005Qy00001Cft9BIAR","2026-06-16T18:35:26.000Z","","","1","","","","001Qy000029nV0HIAU","Government","false","","","","005Qy00001Cft9BIAR","2026-06-16T18:35:28.000Z","","","","","","248","","","005Qy00001Cft9BIAR","","","(555) 100-0238","/services/images/photo/001Qy000029nV0HIAU","","012Qy00000BACRNIA5","","","","","","","IN","229b Baker st. before update trigger","","","","","","","2026-06-16T18:35:28.000Z","Test","","0.0","","","Partner","","https://test0238.example.com",""
"","","","2490000.0","Atlanta","USA","","","","239","IN","0239 Main Street","Pending","005Qy00001Cft9BIAR","2026-06-16T18:35:26.000Z","","","1","","","","001Qy000029nV0IIAU","Nonprofit","false","","","","005Qy00001Cft9BIAR","2026-06-16T18:35:28.000Z","","","","","","249","","","005Qy00001Cft9BIAR","","","(555) 100-0239","/services/images/photo/001Qy000029nV0IIAU","","012Qy00000BACRNIA5","","","","","","","IN","229b Baker st. before update trigger","","","","","","","2026-06-16T18:35:28.000Z","Test","","0.0","","","Other","","https://test0239.example.com",""
"","","","2500000.0","San Francisco","USA","","","","240","IN","0240 Main Street","Pending","005Qy00001Cft9BIAR","2026-06-16T18:35:26.000Z","","","1","","","","001Qy000029nV0JIAU","Technology","false","","","","005Qy00001Cft9BIAR","2026-06-16T18:35:28.000Z","","","","","","250","","","005Qy00001Cft9BIAR","","","(555) 100-0240","/services/images/photo/001Qy000029nV0JIAU","","012Qy00000BACRNIA5","","","","","","","IN","229b Baker st. before update trigger","","","","","","","2026-06-16T18:35:28.000Z","Test","","0.0","","","Prospect","","https://test0240.example.com",""
"","","","2510000.0","New York","USA","","","","241","IN","0241 Main Street","Pending","005Qy00001Cft9BIAR","2026-06-16T18:35:26.000Z","","","1","","","","001Qy000029nV0KIAU","Healthcare","false","","","","005Qy00001Cft9BIAR","2026-06-16T18:35:28.000Z","","","","","","251","","","005Qy00001Cft9BIAR","","","(555) 100-0241","/services/images/photo/001Qy000029nV0KIAU","","012Qy00000BACRNIA5","","","","","","","IN","229b Baker st. before update trigger","","","","","","","2026-06-16T18:35:28.000Z","Test","","0.0","","","Customer","","https://test0241.example.com",""
"","","","2520000.0","Chicago","USA","","","","242","IN","0242 Main Street","Pending","005Qy00001Cft9BIAR","2026-06-16T18:35:26.000Z","","","1","","","","001Qy000029nV0LIAU","Finance","false","","","","005Qy00001Cft9BIAR","2026-06-16T18:35:28.000Z","","","","","","252","","","005Qy00001Cft9BIAR","","","(555) 100-0242","/services/images/photo/001Qy000029nV0LIAU","","012Qy00000BACRNIA5","","","","","","","IN","229b Baker st. before update trigger","","","","","","","2026-06-16T18:35:28.000Z","Test","","0.0","","","Partner","","https://test0242.example.com",""
"","","","2530000.0","Los Angeles","USA","","","","243","IN","0243 Main Street","Pending","005Qy00001Cft9BIAR","2026-06-16T18:35:26.000Z","","","1","","","","001Qy000029nV0MIAU","Manufacturing","false","","","","005Qy00001Cft9BIAR","2026-06-16T18:35:28.000Z","","","","","","253","","","005Qy00001Cft9BIAR","","","(555) 100-0243","/services/images/photo/001Qy000029nV0MIAU","","012Qy00000BACRNIA5","","","","","","","IN","229b Baker st. before update trigger","","","","","","","2026-06-16T18:35:28.000Z","Test","","0.0","","","Other","","https://test0243.example.com",""
"","","","2540000.0","Houston","USA","","","","244","IN","0244 Main Street","Pending","005Qy00001Cft9BIAR","2026-06-16T18:35:26.000Z","","","1","","","","001Qy000029nV0NIAU","Retail","false","","","","005Qy00001Cft9BIAR","2026-06-16T18:35:28.000Z","","","","","","254","","","005Qy00001Cft9BIAR","","","(555) 100-0244","/services/images/photo/001Qy000029nV0NIAU","","012Qy00000BACRNIA5","","","","","","","IN","229b Baker st. before update trigger","","","","","","","2026-06-16T18:35:28.000Z","Test","","0.0","","","Prospect","","https://test0244.example.com",""
"","","","2550000.0","Boston","USA","","","","245","IN","0245 Main Street","Pending","005Qy00001Cft9BIAR","2026-06-16T18:35:26.000Z","","","1","","","","001Qy000029nV0OIAU","Education","false","","","","005Qy00001Cft9BIAR","2026-06-16T18:35:28.000Z","","","","","","255","","","005Qy00001Cft9BIAR","","","(555) 100-0245","/services/images/photo/001Qy000029nV0OIAU","","012Qy00000BACRNIA5","","","","","","","IN","229b Baker st. before update trigger","","","","","","","2026-06-16T18:35:28.000Z","Test","","0.0","","","Customer","","https://test0245.example.com",""
"","","","2560000.0","Seattle","USA","","","","246","IN","0246 Main Street","Pending","005Qy00001Cft9BIAR","2026-06-16T18:35:26.000Z","","","1","","","","001Qy000029nV0PIAU","Energy","false","","","","005Qy00001Cft9BIAR","2026-06-16T18:35:28.000Z","","","","","","256","","","005Qy00001Cft9BIAR","","","(555) 100-0246","/services/images/photo/001Qy000029nV0PIAU","","012Qy00000BACRNIA5","","","","","","","IN","229b Baker st. before update trigger","","","","","","","2026-06-16T18:35:28.000Z","Test","","0.0","","","Partner","","https://test0246.example.com",""
"","","","2570000.0","Denver","USA","","","","247","IN","0247 Main Street","Pending","005Qy00001Cft9BIAR","2026-06-16T18:35:26.000Z","","","1","","","","001Qy000029nV0QIAU","Media","false","","","","005Qy00001Cft9BIAR","2026-06-16T18:35:28.000Z","","","","","","257","","","005Qy00001Cft9BIAR","","","(555) 100-0247","/services/images/photo/001Qy000029nV0QIAU","","012Qy00000BACRNIA5","","","","","","","IN","229b Baker st. before update trigger","","","","","","","2026-06-16T18:35:28.000Z","Test","","0.0","","","Other","","https://test0247.example.com",""
"","","","2580000.0","Austin","USA","","","","248","IN","0248 Main Street","Pending","005Qy00001Cft9BIAR","2026-06-16T18:35:26.000Z","","","1","","","","001Qy000029nV0RIAU","Government","false","","","","005Qy00001Cft9BIAR","2026-06-16T18:35:28.000Z","","","","","","258","","","005Qy00001Cft9BIAR","","","(555) 100-0248","/services/images/photo/001Qy000029nV0RIAU","","012Qy00000BACRNIA5","","","","","","","IN","229b Baker st. before update trigger","","","","","","","2026-06-16T18:35:28.000Z","Test","","0.0","","","Prospect","","https://test0248.example.com",""
"","","","2590000.0","Atlanta","USA","","","","249","IN","0249 Main Street","Pending","005Qy00001Cft9BIAR","2026-06-16T18:35:26.000Z","","","1","","","","001Qy000029nV0SIAU","Nonprofit","false","","","","005Qy00001Cft9BIAR","2026-06-16T18:35:28.000Z","","","","","","259","","","005Qy00001Cft9BIAR","","","(555) 100-0249","/services/images/photo/001Qy000029nV0SIAU","","012Qy00000BACRNIA5","","","","","","","IN","229b Baker st. before update trigger","","","","","","","2026-06-16T18:35:28.000Z","Test","","0.0","","","Customer","","https://test0249.example.com",""
"","","","2600000.0","San Francisco","USA","","","","250","IN","0250 Main Street","Pending","005Qy00001Cft9BIAR","2026-06-16T18:35:26.000Z","","","1","","","","001Qy000029nV0TIAU","Technology","false","","","","005Qy00001Cft9BIAR","2026-06-16T18:35:28.000Z","","","","","","260","","","005Qy00001Cft9BIAR","","","(555) 100-0250","/services/images/photo/001Qy000029nV0TIAU","","012Qy00000BACRNIA5","","","","","","","IN","229b Baker st. before update trigger","","","","","","","2026-06-16T18:35:28.000Z","Test","","0.0","","","Partner","","https://test0250.example.com",""
"","","","2610000.0","New York","USA","","","","251","IN","0251 Main Street","Pending","005Qy00001Cft9BIAR","2026-06-16T18:35:26.000Z","","","1","","","","001Qy000029nV0UIAU","Healthcare","false","","","","005Qy00001Cft9BIAR","2026-06-16T18:35:28.000Z","","","","","","261","","","005Qy00001Cft9BIAR","","","(555) 100-0251","/services/images/photo/001Qy000029nV0UIAU","","012Qy00000BACRNIA5","","","","","","","IN","229b Baker st. before update trigger","","","","","","","2026-06-16T18:35:28.000Z","Test","","0.0","","","Other","","https://test0251.example.com",""
"","","","2620000.0","Chicago","USA","","","","252","IN","0252 Main Street","Pending","005Qy00001Cft9BIAR","2026-06-16T18:35:26.000Z","","","1","","","","001Qy000029nV0VIAU","Finance","false","","","","005Qy00001Cft9BIAR","2026-06-16T18:35:28.000Z","","","","","","262","","","005Qy00001Cft9BIAR","","","(555) 100-0252","/services/images/photo/001Qy000029nV0VIAU","","012Qy00000BACRNIA5","","","","","","","IN","229b Baker st. before update trigger","","","","","","","2026-06-16T18:35:28.000Z","Test","","0.0","","","Prospect","","https://test0252.example.com",""
"","","","2630000.0","Los Angeles","USA","","","","253","IN","0253 Main Street","Pending","005Qy00001Cft9BIAR","2026-06-16T18:35:26.000Z","","","1","","","","001Qy000029nV0WIAU","Manufacturing","false","","","","005Qy00001Cft9BIAR","2026-06-16T18:35:28.000Z","","","","","","263","","","005Qy00001Cft9BIAR","","","(555) 100-0253","/services/images/photo/001Qy000029nV0WIAU","","012Qy00000BACRNIA5","","","","","","","IN","229b Baker st. before update trigger","","","","","","","2026-06-16T18:35:28.000Z","Test","","0.0","","","Customer","","https://test0253.example.com",""
"","","","2640000.0","Houston","USA","","","","254","IN","0254 Main Street","Pending","005Qy00001Cft9BIAR","2026-06-16T18:35:26.000Z","","","1","","","","001Qy000029nV0XIAU","Retail","false","","","","005Qy00001Cft9BIAR","2026-06-16T18:35:28.000Z","","","","","","264","","","005Qy00001Cft9BIAR","","","(555) 100-0254","/services/images/photo/001Qy000029nV0XIAU","","012Qy00000BACRNIA5","","","","","","","IN","229b Baker st. before update trigger","","","","","","","2026-06-16T18:35:28.000Z","Test","","0.0","","","Partner","","https://test0254.example.com",""
"","","","2650000.0","Boston","USA","","","","255","IN","0255 Main Street","Pending","005Qy00001Cft9BIAR","2026-06-16T18:35:26.000Z","","","1","","","","001Qy000029nV0YIAU","Education","false","","","","005Qy00001Cft9BIAR","2026-06-16T18:35:28.000Z","","","","","","265","","","005Qy00001Cft9BIAR","","","(555) 100-0255","/services/images/photo/001Qy000029nV0YIAU","","012Qy00000BACRNIA5","","","","","","","IN","229b Baker st. before update trigger","","","","","","","2026-06-16T18:35:28.000Z","Test","","0.0","","","Other","","https://test0255.example.com",""
"","","","2660000.0","Seattle","USA","","","","256","IN","0256 Main Street","Pending","005Qy00001Cft9BIAR","2026-06-16T18:35:26.000Z","","","1","","","","001Qy000029nV0ZIAU","Energy","false","","","","005Qy00001Cft9BIAR","2026-06-16T18:35:28.000Z","","","","","","266","","","005Qy00001Cft9BIAR","","","(555) 100-0256","/services/images/photo/001Qy000029nV0ZIAU","","012Qy00000BACRNIA5","","","","","","","IN","229b Baker st. before update trigger","","","","","","","2026-06-16T18:35:28.000Z","Test","","0.0","","","Prospect","","https://test0256.example.com",""
"","","","2670000.0","Denver","USA","","","","257","IN","0257 Main Street","Pending","005Qy00001Cft9BIAR","2026-06-16T18:35:26.000Z","","","1","","","","001Qy000029nV0aIAE","Media","false","","","","005Qy00001Cft9BIAR","2026-06-16T18:35:28.000Z","","","","","","267","","","005Qy00001Cft9BIAR","","","(555) 100-0257","/services/images/photo/001Qy000029nV0aIAE","","012Qy00000BACRNIA5","","","","","","","IN","229b Baker st. before update trigger","","","","","","","2026-06-16T18:35:28.000Z","Test","","0.0","","","Customer","","https://test0257.example.com",""
"","","","2680000.0","Austin","USA","","","","258","IN","0258 Main Street","Pending","005Qy00001Cft9BIAR","2026-06-16T18:35:26.000Z","","","1","","","","001Qy000029nV0bIAE","Government","false","","","","005Qy00001Cft9BIAR","2026-06-16T18:35:28.000Z","","","","","","268","","","005Qy00001Cft9BIAR","","","(555) 100-0258","/services/images/photo/001Qy000029nV0bIAE","","012Qy00000BACRNIA5","","","","","","","IN","229b Baker st. before update trigger","","","","","","","2026-06-16T18:35:28.000Z","Test","","0.0","","","Partner","","https://test0258.example.com",""
"","","","2690000.0","Atlanta","USA","","","","259","IN","0259 Main Street","Pending","005Qy00001Cft9BIAR","2026-06-16T18:35:26.000Z","","","1","","","","001Qy000029nV0cIAE","Nonprofit","false","","","","005Qy00001Cft9BIAR","2026-06-16T18:35:28.000Z","","","","","","269","","","005Qy00001Cft9BIAR","","","(555) 100-0259","/services/images/photo/001Qy000029nV0cIAE","","012Qy00000BACRNIA5","","","","","","","IN","229b Baker st. before update trigger","","","","","","","2026-06-16T18:35:28.000Z","Test","","0.0","","","Other","","https://test0259.example.com",""
"","","","2700000.0","San Francisco","USA","","","","260","IN","0260 Main Street","Pending","005Qy00001Cft9BIAR","2026-06-16T18:35:26.000Z","","","1","","","","001Qy000029nV0dIAE","Technology","false","","","","005Qy00001Cft9BIAR","2026-06-16T18:35:28.000Z","","","","","","270","","","005Qy00001Cft9BIAR","","","(555) 100-0260","/services/images/photo/001Qy000029nV0dIAE","","012Qy00000BACRNIA5","","","","","","","IN","229b Baker st. before update trigger","","","","","","","2026-06-16T18:35:28.000Z","Test","","0.0","","","Prospect","","https://test0260.example.com",""
"","","","2710000.0","New York","USA","","","","261","IN","0261 Main Street","Pending","005Qy00001Cft9BIAR","2026-06-16T18:35:26.000Z","","","1","","","","001Qy000029nV0eIAE","Healthcare","false","","","","005Qy00001Cft9BIAR","2026-06-16T18:35:28.000Z","","","","","","271","","","005Qy00001Cft9BIAR","","","(555) 100-0261","/services/images/photo/001Qy000029nV0eIAE","","012Qy00000BACRNIA5","","","","","","","IN","229b Baker st. before update trigger","","","","","","","2026-06-16T18:35:28.000Z","Test","","0.0","","","Customer","","https://test0261.example.com",""
"","","","2720000.0","Chicago","USA","","","","262","IN","0262 Main Street","Pending","005Qy00001Cft9BIAR","2026-06-16T18:35:26.000Z","","","1","","","","001Qy000029nV0fIAE","Finance","false","","","","005Qy00001Cft9BIAR","2026-06-16T18:35:28.000Z","","","","","","272","","","005Qy00001Cft9BIAR","","","(555) 100-0262","/services/images/photo/001Qy000029nV0fIAE","","012Qy00000BACRNIA5","","","","","","","IN","229b Baker st. before update trigger","","","","","","","2026-06-16T18:35:28.000Z","Test","","0.0","","","Partner","","https://test0262.example.com",""
"","","","2730000.0","Los Angeles","USA","","","","263","IN","0263 Main Street","Pending","005Qy00001Cft9BIAR","2026-06-16T18:35:26.000Z","","","1","","","","001Qy000029nV0gIAE","Manufacturing","false","","","","005Qy00001Cft9BIAR","2026-06-16T18:35:28.000Z","","","","","","273","","","005Qy00001Cft9BIAR","","","(555) 100-0263","/services/images/photo/001Qy000029nV0gIAE","","012Qy00000BACRNIA5","","","","","","","IN","229b Baker st. before update trigger","","","","","","","2026-06-16T18:35:28.000Z","Test","","0.0","","","Other","","https://test0263.example.com",""
"","","","2740000.0","Houston","USA","","","","264","IN","0264 Main Street","Pending","005Qy00001Cft9BIAR","2026-06-16T18:35:26.000Z","","","1","","","","001Qy000029nV0hIAE","Retail","false","","","","005Qy00001Cft9BIAR","2026-06-16T18:35:28.000Z","","","","","","274","","","005Qy00001Cft9BIAR","","","(555) 100-0264","/services/images/photo/001Qy000029nV0hIAE","","012Qy00000BACRNIA5","","","","","","","IN","229b Baker st. before update trigger","","","","","","","2026-06-16T18:35:28.000Z","Test","","0.0","","","Prospect","","https://test0264.example.com",""
"","","","2750000.0","Boston","USA","","","","265","IN","0265 Main Street","Pending","005Qy00001Cft9BIAR","2026-06-16T18:35:26.000Z","","","1","","","","001Qy000029nV0iIAE","Education","false","","","","005Qy00001Cft9BIAR","2026-06-16T18:35:28.000Z","","","","","","275","","","005Qy00001Cft9BIAR","","","(555) 100-0265","/services/images/photo/001Qy000029nV0iIAE","","012Qy00000BACRNIA5","","","","","","","IN","229b Baker st. before update trigger","","","","","","","2026-06-16T18:35:28.000Z","Test","","0.0","","","Customer","","https://test0265.example.com",""
"","","","2760000.0","Seattle","USA","","","","266","IN","0266 Main Street","Pending","005Qy00001Cft9BIAR","2026-06-16T18:35:26.000Z","","","1","","","","001Qy000029nV0jIAE","Energy","false","","","","005Qy00001Cft9BIAR","2026-06-16T18:35:28.000Z","","","","","","276","","","005Qy00001Cft9BIAR","","","(555) 100-0266","/services/images/photo/001Qy000029nV0jIAE","","012Qy00000BACRNIA5","","","","","","","IN","229b Baker st. before update trigger","","","","","","","2026-06-16T18:35:28.000Z","Test","","0.0","","","Partner","","https://test0266.example.com",""
"","","","2770000.0","Denver","USA","","","","267","IN","0267 Main Street","Pending","005Qy00001Cft9BIAR","2026-06-16T18:35:26.000Z","","","1","","","","001Qy000029nV0kIAE","Media","false","","","","005Qy00001Cft9BIAR","2026-06-16T18:35:28.000Z","","","","","","277","","","005Qy00001Cft9BIAR","","","(555) 100-0267","/services/images/photo/001Qy000029nV0kIAE","","012Qy00000BACRNIA5","","","","","","","IN","229b Baker st. before update trigger","","","","","","","2026-06-16T18:35:28.000Z","Test","","0.0","","","Other","","https://test0267.example.com",""
"","","","2780000.0","Austin","USA","","","","268","IN","0268 Main Street","Pending","005Qy00001Cft9BIAR","2026-06-16T18:35:26.000Z","","","1","","","","001Qy000029nV0lIAE","Government","false","","","","005Qy00001Cft9BIAR","2026-06-16T18:35:28.000Z","","","","","","278","","","005Qy00001Cft9BIAR","","","(555) 100-0268","/services/images/photo/001Qy000029nV0lIAE","","012Qy00000BACRNIA5","","","","","","","IN","229b Baker st. before update trigger","","","","","","","2026-06-16T18:35:28.000Z","Test","","0.0","","","Prospect","","https://test0268.example.com",""
"","","","2790000.0","Atlanta","USA","","","","269","IN","0269 Main Street","Pending","005Qy00001Cft9BIAR","2026-06-16T18:35:26.000Z","","","1","","","","001Qy000029nV0mIAE","Nonprofit","false","","","","005Qy00001Cft9BIAR","2026-06-16T18:35:28.000Z","","","","","","279","","","005Qy00001Cft9BIAR","","","(555) 100-0269","/services/images/photo/001Qy000029nV0mIAE","","012Qy00000BACRNIA5","","","","","","","IN","229b Baker st. before update trigger","","","","","","","2026-06-16T18:35:28.000Z","Test","","0.0","","","Customer","","https://test0269.example.com",""
"","","","2800000.0","San Francisco","USA","","","","270","IN","0270 Main Street","Pending","005Qy00001Cft9BIAR","2026-06-16T18:35:26.000Z","","","1","","","","001Qy000029nV0nIAE","Technology","false","","","","005Qy00001Cft9BIAR","2026-06-16T18:35:28.000Z","","","","","","280","","","005Qy00001Cft9BIAR","","","(555) 100-0270","/services/images/photo/001Qy000029nV0nIAE","","012Qy00000BACRNIA5","","","","","","","IN","229b Baker st. before update trigger","","","","","","","2026-06-16T18:35:28.000Z","Test","","0.0","","","Partner","","https://test0270.example.com",""
"","","","2810000.0","New York","USA","","","","271","IN","0271 Main Street","Pending","005Qy00001Cft9BIAR","2026-06-16T18:35:26.000Z","","","1","","","","001Qy000029nV0oIAE","Healthcare","false","","","","005Qy00001Cft9BIAR","2026-06-16T18:35:28.000Z","","","","","","281","","","005Qy00001Cft9BIAR","","","(555) 100-0271","/services/images/photo/001Qy000029nV0oIAE","","012Qy00000BACRNIA5","","","","","","","IN","229b Baker st. before update trigger","","","","","","","2026-06-16T18:35:28.000Z","Test","","0.0","","","Other","","https://test0271.example.com",""
"","","","2820000.0","Chicago","USA","","","","272","IN","0272 Main Street","Pending","005Qy00001Cft9BIAR","2026-06-16T18:35:26.000Z","","","1","","","","001Qy000029nV0pIAE","Finance","false","","","","005Qy00001Cft9BIAR","2026-06-16T18:35:28.000Z","","","","","","282","","","005Qy00001Cft9BIAR","","","(555) 100-0272","/services/images/photo/001Qy000029nV0pIAE","","012Qy00000BACRNIA5","","","","","","","IN","229b Baker st. before update trigger","","","","","","","2026-06-16T18:35:28.000Z","Test","","0.0","","","Prospect","","https://test0272.example.com",""
"","","","2830000.0","Los Angeles","USA","","","","273","IN","0273 Main Street","Pending","005Qy00001Cft9BIAR","2026-06-16T18:35:26.000Z","","","1","","","","001Qy000029nV0qIAE","Manufacturing","false","","","","005Qy00001Cft9BIAR","2026-06-16T18:35:28.000Z","","","","","","283","","","005Qy00001Cft9BIAR","","","(555) 100-0273","/services/images/photo/001Qy000029nV0qIAE","","012Qy00000BACRNIA5","","","","","","","IN","229b Baker st. before update trigger","","","","","","","2026-06-16T18:35:28.000Z","Test","","0.0","","","Customer","","https://test0273.example.com",""
"","","","2840000.0","Houston","USA","","","","274","IN","0274 Main Street","Pending","005Qy00001Cft9BIAR","2026-06-16T18:35:26.000Z","","","1","","","","001Qy000029nV0rIAE","Retail","false","","","","005Qy00001Cft9BIAR","2026-06-16T18:35:28.000Z","","","","","","284","","","005Qy00001Cft9BIAR","","","(555) 100-0274","/services/images/photo/001Qy000029nV0rIAE","","012Qy00000BACRNIA5","","","","","","","IN","229b Baker st. before update trigger","","","","","","","2026-06-16T18:35:28.000Z","Test","","0.0","","","Partner","","https://test0274.example.com",""
"","","","2850000.0","Boston","USA","","","","275","IN","0275 Main Street","Pending","005Qy00001Cft9BIAR","2026-06-16T18:35:26.000Z","","","1","","","","001Qy000029nV0sIAE","Education","false","","","","005Qy00001Cft9BIAR","2026-06-16T18:35:28.000Z","","","","","","285","","","005Qy00001Cft9BIAR","","","(555) 100-0275","/services/images/photo/001Qy000029nV0sIAE","","012Qy00000BACRNIA5","","","","","","","IN","229b Baker st. before update trigger","","","","","","","2026-06-16T18:35:28.000Z","Test","","0.0","","","Other","","https://test0275.example.com",""
"","","","2860000.0","Seattle","USA","","","","276","IN","0276 Main Street","Pending","005Qy00001Cft9BIAR","2026-06-16T18:35:26.000Z","","","1","","","","001Qy000029nV0tIAE","Energy","false","","","","005Qy00001Cft9BIAR","2026-06-16T18:35:28.000Z","","","","","","286","","","005Qy00001Cft9BIAR","","","(555) 100-0276","/services/images/photo/001Qy000029nV0tIAE","","012Qy00000BACRNIA5","","","","","","","IN","229b Baker st. before update trigger","","","","","","","2026-06-16T18:35:28.000Z","Test","","0.0","","","Prospect","","https://test0276.example.com",""
"","","","2870000.0","Denver","USA","","","","277","IN","0277 Main Street","Pending","005Qy00001Cft9BIAR","2026-06-16T18:35:26.000Z","","","1","","","","001Qy000029nV0uIAE","Media","false","","","","005Qy00001Cft9BIAR","2026-06-16T18:35:28.000Z","","","","","","287","","","005Qy00001Cft9BIAR","","","(555) 100-0277","/services/images/photo/001Qy000029nV0uIAE","","012Qy00000BACRNIA5","","","","","","","IN","229b Baker st. before update trigger","","","","","","","2026-06-16T18:35:28.000Z","Test","","0.0","","","Customer","","https://test0277.example.com",""
"","","","2880000.0","Austin","USA","","","","278","IN","0278 Main Street","Pending","005Qy00001Cft9BIAR","2026-06-16T18:35:26.000Z","","","1","","","","001Qy000029nV0vIAE","Government","false","","","","005Qy00001Cft9BIAR","2026-06-16T18:35:28.000Z","","","","","","288","","","005Qy00001Cft9BIAR","","","(555) 100-0278","/services/images/photo/001Qy000029nV0vIAE","","012Qy00000BACRNIA5","","","","","","","IN","229b Baker st. before update trigger","","","","","","","2026-06-16T18:35:28.000Z","Test","","0.0","","","Partner","","https://test0278.example.com",""
"","","","2890000.0","Atlanta","USA","","","","279","IN","0279 Main Street","Pending","005Qy00001Cft9BIAR","2026-06-16T18:35:26.000Z","","","1","","","","001Qy000029nV0wIAE","Nonprofit","false","","","","005Qy00001Cft9BIAR","2026-06-16T18:35:28.000Z","","","","","","289","","","005Qy00001Cft9BIAR","","","(555) 100-0279","/services/images/photo/001Qy000029nV0wIAE","","012Qy00000BACRNIA5","","","","","","","IN","229b Baker st. before update trigger","","","","","","","2026-06-16T18:35:28.000Z","Test","","0.0","","","Other","","https://test0279.example.com",""
"","","","2900000.0","San Francisco","USA","","","","280","IN","0280 Main Street","Pending","005Qy00001Cft9BIAR","2026-06-16T18:35:26.000Z","","","1","","","","001Qy000029nV0xIAE","Technology","false","","","","005Qy00001Cft9BIAR","2026-06-16T18:35:28.000Z","","","","","","290","","","005Qy00001Cft9BIAR","","","(555) 100-0280","/services/images/photo/001Qy000029nV0xIAE","","012Qy00000BACRNIA5","","","","","","","IN","229b Baker st. before update trigger","","","","","","","2026-06-16T18:35:28.000Z","Test","","0.0","","","Prospect","","https://test0280.example.com",""
"","","","2910000.0","New York","USA","","","","281","IN","0281 Main Street","Pending","005Qy00001Cft9BIAR","2026-06-16T18:35:26.000Z","","","1","","","","001Qy000029nV0yIAE","Healthcare","false","","","","005Qy00001Cft9BIAR","2026-06-16T18:35:28.000Z","","","","","","291","","","005Qy00001Cft9BIAR","","","(555) 100-0281","/services/images/photo/001Qy000029nV0yIAE","","012Qy00000BACRNIA5","","","","","","","IN","229b Baker st. before update trigger","","","","","","","2026-06-16T18:35:28.000Z","Test","","0.0","","","Customer","","https://test0281.example.com",""
"","","","2920000.0","Chicago","USA","","","","282","IN","0282 Main Street","Pending","005Qy00001Cft9BIAR","2026-06-16T18:35:26.000Z","","","1","","","","001Qy000029nV0zIAE","Finance","false","","","","005Qy00001Cft9BIAR","2026-06-16T18:35:28.000Z","","","","","","292","","","005Qy00001Cft9BIAR","","","(555) 100-0282","/services/images/photo/001Qy000029nV0zIAE","","012Qy00000BACRNIA5","","","","","","","IN","229b Baker st. before update trigger","","","","","","","2026-06-16T18:35:28.000Z","Test","","0.0","","","Partner","","https://test0282.example.com",""
"","","","2930000.0","Los Angeles","USA","","","","283","IN","0283 Main Street","Pending","005Qy00001Cft9BIAR","2026-06-16T18:35:26.000Z","","","1","","","","001Qy000029nV10IAE","Manufacturing","false","","","","005Qy00001Cft9BIAR","2026-06-16T18:35:28.000Z","","","","","","293","","","005Qy00001Cft9BIAR","","","(555) 100-0283","/services/images/photo/001Qy000029nV10IAE","","012Qy00000BACRNIA5","","","","","","","IN","229b Baker st. before update trigger","","","","","","","2026-06-16T18:35:28.000Z","Test","","0.0","","","Other","","https://test0283.example.com",""
"","","","2940000.0","Houston","USA","","","","284","IN","0284 Main Street","Pending","005Qy00001Cft9BIAR","2026-06-16T18:35:26.000Z","","","1","","","","001Qy000029nV11IAE","Retail","false","","","","005Qy00001Cft9BIAR","2026-06-16T18:35:28.000Z","","","","","","294","","","005Qy00001Cft9BIAR","","","(555) 100-0284","/services/images/photo/001Qy000029nV11IAE","","012Qy00000BACRNIA5","","","","","","","IN","229b Baker st. before update trigger","","","","","","","2026-06-16T18:35:28.000Z","Test","","0.0","","","Prospect","","https://test0284.example.com",""
"","","","2950000.0","Boston","USA","","","","285","IN","0285 Main Street","Pending","005Qy00001Cft9BIAR","2026-06-16T18:35:26.000Z","","","1","","","","001Qy000029nV12IAE","Education","false","","","","005Qy00001Cft9BIAR","2026-06-16T18:35:28.000Z","","","","","","295","","","005Qy00001Cft9BIAR","","","(555) 100-0285","/services/images/photo/001Qy000029nV12IAE","","012Qy00000BACRNIA5","","","","","","","IN","229b Baker st. before update trigger","","","","","","","2026-06-16T18:35:28.000Z","Test","","0.0","","","Customer","","https://test0285.example.com",""
"","","","2960000.0","Seattle","USA","","","","286","IN","0286 Main Street","Pending","005Qy00001Cft9BIAR","2026-06-16T18:35:26.000Z","","","1","","","","001Qy000029nV13IAE","Energy","false","","","","005Qy00001Cft9BIAR","2026-06-16T18:35:28.000Z","","","","","","296","","","005Qy00001Cft9BIAR","","","(555) 100-0286","/services/images/photo/001Qy000029nV13IAE","","012Qy00000BACRNIA5","","","","","","","IN","229b Baker st. before update trigger","","","","","","","2026-06-16T18:35:28.000Z","Test","","0.0","","","Partner","","https://test0286.example.com",""
"","","","2970000.0","Denver","USA","","","","287","IN","0287 Main Street","Pending","005Qy00001Cft9BIAR","2026-06-16T18:35:26.000Z","","","1","","","","001Qy000029nV14IAE","Media","false","","","","005Qy00001Cft9BIAR","2026-06-16T18:35:28.000Z","","","","","","297","","","005Qy00001Cft9BIAR","","","(555) 100-0287","/services/images/photo/001Qy000029nV14IAE","","012Qy00000BACRNIA5","","","","","","","IN","229b Baker st. before update trigger","","","","","","","2026-06-16T18:35:28.000Z","Test","","0.0","","","Other","","https://test0287.example.com",""
"","","","2980000.0","Austin","USA","","","","288","IN","0288 Main Street","Pending","005Qy00001Cft9BIAR","2026-06-16T18:35:26.000Z","","","1","","","","001Qy000029nV15IAE","Government","false","","","","005Qy00001Cft9BIAR","2026-06-16T18:35:28.000Z","","","","","","298","","","005Qy00001Cft9BIAR","","","(555) 100-0288","/services/images/photo/001Qy000029nV15IAE","","012Qy00000BACRNIA5","","","","","","","IN","229b Baker st. before update trigger","","","","","","","2026-06-16T18:35:28.000Z","Test","","0.0","","","Prospect","","https://test0288.example.com",""
"","","","2990000.0","Atlanta","USA","","","","289","IN","0289 Main Street","Pending","005Qy00001Cft9BIAR","2026-06-16T18:35:26.000Z","","","1","","","","001Qy000029nV16IAE","Nonprofit","false","","","","005Qy00001Cft9BIAR","2026-06-16T18:35:28.000Z","","","","","","299","","","005Qy00001Cft9BIAR","","","(555) 100-0289","/services/images/photo/001Qy000029nV16IAE","","012Qy00000BACRNIA5","","","","","","","IN","229b Baker st. before update trigger","","","","","","","2026-06-16T18:35:28.000Z","Test","","0.0","","","Customer","","https://test0289.example.com",""
"","","","3000000.0","San Francisco","USA","","","","290","IN","0290 Main Street","Pending","005Qy00001Cft9BIAR","2026-06-16T18:35:26.000Z","","","1","","","","001Qy000029nV17IAE","Technology","false","","","","005Qy00001Cft9BIAR","2026-06-16T18:35:28.000Z","","","","","","300","","","005Qy00001Cft9BIAR","","","(555) 100-0290","/services/images/photo/001Qy000029nV17IAE","","012Qy00000BACRNIA5","","","","","","","IN","229b Baker st. before update trigger","","","","","","","2026-06-16T18:35:28.000Z","Test","","0.0","","","Partner","","https://test0290.example.com",""
"","","","3010000.0","New York","USA","","","","291","IN","0291 Main Street","Pending","005Qy00001Cft9BIAR","2026-06-16T18:35:26.000Z","","","1","","","","001Qy000029nV18IAE","Healthcare","false","","","","005Qy00001Cft9BIAR","2026-06-16T18:35:28.000Z","","","","","","301","","","005Qy00001Cft9BIAR","","","(555) 100-0291","/services/images/photo/001Qy000029nV18IAE","","012Qy00000BACRNIA5","","","","","","","IN","229b Baker st. before update trigger","","","","","","","2026-06-16T18:35:28.000Z","Test","","0.0","","","Other","","https://test0291.example.com",""
"","","","3020000.0","Chicago","USA","","","","292","IN","0292 Main Street","Pending","005Qy00001Cft9BIAR","2026-06-16T18:35:26.000Z","","","1","","","","001Qy000029nV19IAE","Finance","false","","","","005Qy00001Cft9BIAR","2026-06-16T18:35:28.000Z","","","","","","302","","","005Qy00001Cft9BIAR","","","(555) 100-0292","/services/images/photo/001Qy000029nV19IAE","","012Qy00000BACRNIA5","","","","","","","IN","229b Baker st. before update trigger","","","","","","","2026-06-16T18:35:28.000Z","Test","","0.0","","","Prospect","","https://test0292.example.com",""
"","","","3030000.0","Los Angeles","USA","","","","293","IN","0293 Main Street","Pending","005Qy00001Cft9BIAR","2026-06-16T18:35:26.000Z","","","1","","","","001Qy000029nV1AIAU","Manufacturing","false","","","","005Qy00001Cft9BIAR","2026-06-16T18:35:28.000Z","","","","","","303","","","005Qy00001Cft9BIAR","","","(555) 100-0293","/services/images/photo/001Qy000029nV1AIAU","","012Qy00000BACRNIA5","","","","","","","IN","229b Baker st. before update trigger","","","","","","","2026-06-16T18:35:28.000Z","Test","","0.0","","","Customer","","https://test0293.example.com",""
"","","","3040000.0","Houston","USA","","","","294","IN","0294 Main Street","Pending","005Qy00001Cft9BIAR","2026-06-16T18:35:26.000Z","","","1","","","","001Qy000029nV1BIAU","Retail","false","","","","005Qy00001Cft9BIAR","2026-06-16T18:35:28.000Z","","","","","","304","","","005Qy00001Cft9BIAR","","","(555) 100-0294","/services/images/photo/001Qy000029nV1BIAU","","012Qy00000BACRNIA5","","","","","","","IN","229b Baker st. before update trigger","","","","","","","2026-06-16T18:35:28.000Z","Test","","0.0","","","Partner","","https://test0294.example.com",""
"","","","3050000.0","Boston","USA","","","","295","IN","0295 Main Street","Pending","005Qy00001Cft9BIAR","2026-06-16T18:35:26.000Z","","","1","","","","001Qy000029nV1CIAU","Education","false","","","","005Qy00001Cft9BIAR","2026-06-16T18:35:28.000Z","","","","","","305","","","005Qy00001Cft9BIAR","","","(555) 100-0295","/services/images/photo/001Qy000029nV1CIAU","","012Qy00000BACRNIA5","","","","","","","IN","229b Baker st. before update trigger","","","","","","","2026-06-16T18:35:28.000Z","Test","","0.0","","","Other","","https://test0295.example.com",""
"","","","3060000.0","Seattle","USA","","","","296","IN","0296 Main Street","Pending","005Qy00001Cft9BIAR","2026-06-16T18:35:26.000Z","","","1","","","","001Qy000029nV1DIAU","Energy","false","","","","005Qy00001Cft9BIAR","2026-06-16T18:35:28.000Z","","","","","","306","","","005Qy00001Cft9BIAR","","","(555) 100-0296","/services/images/photo/001Qy000029nV1DIAU","","012Qy00000BACRNIA5","","","","","","","IN","229b Baker st. before update trigger","","","","","","","2026-06-16T18:35:28.000Z","Test","","0.0","","","Prospect","","https://test0296.example.com",""
"","","","3070000.0","Denver","USA","","","","297","IN","0297 Main Street","Pending","005Qy00001Cft9BIAR","2026-06-16T18:35:26.000Z","","","1","","","","001Qy000029nV1EIAU","Media","false","","","","005Qy00001Cft9BIAR","2026-06-16T18:35:28.000Z","","","","","","307","","","005Qy00001Cft9BIAR","","","(555) 100-0297","/services/images/photo/001Qy000029nV1EIAU","","012Qy00000BACRNIA5","","","","","","","IN","229b Baker st. before update trigger","","","","","","","2026-06-16T18:35:28.000Z","Test","","0.0","","","Customer","","https://test0297.example.com",""
"","","","3080000.0","Austin","USA","","","","298","IN","0298 Main Street","Pending","005Qy00001Cft9BIAR","2026-06-16T18:35:26.000Z","","","1","","","","001Qy000029nV1FIAU","Government","false","","","","005Qy00001Cft9BIAR","2026-06-16T18:35:28.000Z","","","","","","308","","","005Qy00001Cft9BIAR","","","(555) 100-0298","/services/images/photo/001Qy000029nV1FIAU","","012Qy00000BACRNIA5","","","","","","","IN","229b Baker st. before update trigger","","","","","","","2026-06-16T18:35:28.000Z","Test","","0.0","","","Partner","","https://test0298.example.com",""
"","","","3090000.0","Atlanta","USA","","","","299","IN","0299 Main Street","Pending","005Qy00001Cft9BIAR","2026-06-16T18:35:26.000Z","","","1","","","","001Qy000029nV1GIAU","Nonprofit","false","","","","005Qy00001Cft9BIAR","2026-06-16T18:35:28.000Z","","","","","","309","","","005Qy00001Cft9BIAR","","","(555) 100-0299","/services/images/photo/001Qy000029nV1GIAU","","012Qy00000BACRNIA5","","","","","","","IN","229b Baker st. before update trigger","","","","","","","2026-06-16T18:35:28.000Z","Test","","0.0","","","Other","","https://test0299.example.com",""
"","","","3100000.0","San Francisco","USA","","","","300","IN","0300 Main Street","Pending","005Qy00001Cft9BIAR","2026-06-16T18:35:26.000Z","","","1","","","","001Qy000029nV1HIAU","Technology","false","","","","005Qy00001Cft9BIAR","2026-06-16T18:35:28.000Z","","","","","","310","","","005Qy00001Cft9BIAR","","","(555) 100-0300","/services/images/photo/001Qy000029nV1HIAU","","012Qy00000BACRNIA5","","","","","","","IN","229b Baker st. before update trigger","","","","","","","2026-06-16T18:35:28.000Z","Test","","0.0","","","Prospect","","https://test0300.example.com",""
"","","","3110000.0","New York","USA","","","","301","IN","0301 Main Street","Pending","005Qy00001Cft9BIAR","2026-06-16T18:35:26.000Z","","","1","","","","001Qy000029nV1IIAU","Healthcare","false","","","","005Qy00001Cft9BIAR","2026-06-16T18:35:28.000Z","","","","","","311","","","005Qy00001Cft9BIAR","","","(555) 100-0301","/services/images/photo/001Qy000029nV1IIAU","","012Qy00000BACRNIA5","","","","","","","IN","229b Baker st. before update trigger","","","","","","","2026-06-16T18:35:28.000Z","Test","","0.0","","","Customer","","https://test0301.example.com",""
"","","","3120000.0","Chicago","USA","","","","302","IN","0302 Main Street","Pending","005Qy00001Cft9BIAR","2026-06-16T18:35:26.000Z","","","1","","","","001Qy000029nV1JIAU","Finance","false","","","","005Qy00001Cft9BIAR","2026-06-16T18:35:28.000Z","","","","","","312","","","005Qy00001Cft9BIAR","","","(555) 100-0302","/services/images/photo/001Qy000029nV1JIAU","","012Qy00000BACRNIA5","","","","","","","IN","229b Baker st. before update trigger","","","","","","","2026-06-16T18:35:28.000Z","Test","","0.0","","","Partner","","https://test0302.example.com",""
"","","","3130000.0","Los Angeles","USA","","","","303","IN","0303 Main Street","Pending","005Qy00001Cft9BIAR","2026-06-16T18:35:26.000Z","","","1","","","","001Qy000029nV1KIAU","Manufacturing","false","","","","005Qy00001Cft9BIAR","2026-06-16T18:35:28.000Z","","","","","","313","","","005Qy00001Cft9BIAR","","","(555) 100-0303","/services/images/photo/001Qy000029nV1KIAU","","012Qy00000BACRNIA5","","","","","","","IN","229b Baker st. before update trigger","","","","","","","2026-06-16T18:35:28.000Z","Test","","0.0","","","Other","","https://test0303.example.com",""
"","","","3140000.0","Houston","USA","","","","304","IN","0304 Main Street","Pending","005Qy00001Cft9BIAR","2026-06-16T18:35:26.000Z","","","1","","","","001Qy000029nV1LIAU","Retail","false","","","","005Qy00001Cft9BIAR","2026-06-16T18:35:28.000Z","","","","","","314","","","005Qy00001Cft9BIAR","","","(555) 100-0304","/services/images/photo/001Qy000029nV1LIAU","","012Qy00000BACRNIA5","","","","","","","IN","229b Baker st. before update trigger","","","","","","","2026-06-16T18:35:28.000Z","Test","","0.0","","","Prospect","","https://test0304.example.com",""
"","","","3150000.0","Boston","USA","","","","305","IN","0305 Main Street","Pending","005Qy00001Cft9BIAR","2026-06-16T18:35:26.000Z","","","1","","","","001Qy000029nV1MIAU","Education","false","","","","005Qy00001Cft9BIAR","2026-06-16T18:35:28.000Z","","","","","","315","","","005Qy00001Cft9BIAR","","","(555) 100-0305","/services/images/photo/001Qy000029nV1MIAU","","012Qy00000BACRNIA5","","","","","","","IN","229b Baker st. before update trigger","","","","","","","2026-06-16T18:35:28.000Z","Test","","0.0","","","Customer","","https://test0305.example.com",""
"","","","3160000.0","Seattle","USA","","","","306","IN","0306 Main Street","Pending","005Qy00001Cft9BIAR","2026-06-16T18:35:26.000Z","","","1","","","","001Qy000029nV1NIAU","Energy","false","","","","005Qy00001Cft9BIAR","2026-06-16T18:35:28.000Z","","","","","","316","","","005Qy00001Cft9BIAR","","","(555) 100-0306","/services/images/photo/001Qy000029nV1NIAU","","012Qy00000BACRNIA5","","","","","","","IN","229b Baker st. before update trigger","","","","","","","2026-06-16T18:35:28.000Z","Test","","0.0","","","Partner","","https://test0306.example.com",""
"","","","3170000.0","Denver","USA","","","","307","IN","0307 Main Street","Pending","005Qy00001Cft9BIAR","2026-06-16T18:35:26.000Z","","","1","","","","001Qy000029nV1OIAU","Media","false","","","","005Qy00001Cft9BIAR","2026-06-16T18:35:28.000Z","","","","","","317","","","005Qy00001Cft9BIAR","","","(555) 100-0307","/services/images/photo/001Qy000029nV1OIAU","","012Qy00000BACRNIA5","","","","","","","IN","229b Baker st. before update trigger","","","","","","","2026-06-16T18:35:28.000Z","Test","","0.0","","","Other","","https://test0307.example.com",""
"","","","3180000.0","Austin","USA","","","","308","IN","0308 Main Street","Pending","005Qy00001Cft9BIAR","2026-06-16T18:35:26.000Z","","","1","","","","001Qy000029nV1PIAU","Government","false","","","","005Qy00001Cft9BIAR","2026-06-16T18:35:28.000Z","","","","","","318","","","005Qy00001Cft9BIAR","","","(555) 100-0308","/services/images/photo/001Qy000029nV1PIAU","","012Qy00000BACRNIA5","","","","","","","IN","229b Baker st. before update trigger","","","","","","","2026-06-16T18:35:28.000Z","Test","","0.0","","","Prospect","","https://test0308.example.com",""
"","","","3190000.0","Atlanta","USA","","","","309","IN","0309 Main Street","Pending","005Qy00001Cft9BIAR","2026-06-16T18:35:26.000Z","","","1","","","","001Qy000029nV1QIAU","Nonprofit","false","","","","005Qy00001Cft9BIAR","2026-06-16T18:35:28.000Z","","","","","","319","","","005Qy00001Cft9BIAR","","","(555) 100-0309","/services/images/photo/001Qy000029nV1QIAU","","012Qy00000BACRNIA5","","","","","","","IN","229b Baker st. before update trigger","","","","","","","2026-06-16T18:35:28.000Z","Test","","0.0","","","Customer","","https://test0309.example.com",""
"","","","3200000.0","San Francisco","USA","","","","310","IN","0310 Main Street","Pending","005Qy00001Cft9BIAR","2026-06-16T18:35:26.000Z","","","1","","","","001Qy000029nV1RIAU","Technology","false","","","","005Qy00001Cft9BIAR","2026-06-16T18:35:28.000Z","","","","","","320","","","005Qy00001Cft9BIAR","","","(555) 100-0310","/services/images/photo/001Qy000029nV1RIAU","","012Qy00000BACRNIA5","","","","","","","IN","229b Baker st. before update trigger","","","","","","","2026-06-16T18:35:28.000Z","Test","","0.0","","","Partner","","https://test0310.example.com",""
"","","","3210000.0","New York","USA","","","","311","IN","0311 Main Street","Pending","005Qy00001Cft9BIAR","2026-06-16T18:35:26.000Z","","","1","","","","001Qy000029nV1SIAU","Healthcare","false","","","","005Qy00001Cft9BIAR","2026-06-16T18:35:28.000Z","","","","","","321","","","005Qy00001Cft9BIAR","","","(555) 100-0311","/services/images/photo/001Qy000029nV1SIAU","","012Qy00000BACRNIA5","","","","","","","IN","229b Baker st. before update trigger","","","","","","","2026-06-16T18:35:29.000Z","Test","","0.0","","","Other","","https://test0311.example.com",""
"","","","3220000.0","Chicago","USA","","","","312","IN","0312 Main Street","Pending","005Qy00001Cft9BIAR","2026-06-16T18:35:26.000Z","","","1","","","","001Qy000029nV1TIAU","Finance","false","","","","005Qy00001Cft9BIAR","2026-06-16T18:35:28.000Z","","","","","","322","","","005Qy00001Cft9BIAR","","","(555) 100-0312","/services/images/photo/001Qy000029nV1TIAU","","012Qy00000BACRNIA5","","","","","","","IN","229b Baker st. before update trigger","","","","","","","2026-06-16T18:35:29.000Z","Test","","0.0","","","Prospect","","https://test0312.example.com",""
"","","","3230000.0","Los Angeles","USA","","","","313","IN","0313 Main Street","Pending","005Qy00001Cft9BIAR","2026-06-16T18:35:26.000Z","","","1","","","","001Qy000029nV1UIAU","Manufacturing","false","","","","005Qy00001Cft9BIAR","2026-06-16T18:35:28.000Z","","","","","","323","","","005Qy00001Cft9BIAR","","","(555) 100-0313","/services/images/photo/001Qy000029nV1UIAU","","012Qy00000BACRNIA5","","","","","","","IN","229b Baker st. before update trigger","","","","","","","2026-06-16T18:35:29.000Z","Test","","0.0","","","Customer","","https://test0313.example.com",""
"","","","3240000.0","Houston","USA","","","","314","IN","0314 Main Street","Pending","005Qy00001Cft9BIAR","2026-06-16T18:35:26.000Z","","","1","","","","001Qy000029nV1VIAU","Retail","false","","","","005Qy00001Cft9BIAR","2026-06-16T18:35:28.000Z","","","","","","324","","","005Qy00001Cft9BIAR","","","(555) 100-0314","/services/images/photo/001Qy000029nV1VIAU","","012Qy00000BACRNIA5","","","","","","","IN","229b Baker st. before update trigger","","","","","","","2026-06-16T18:35:29.000Z","Test","","0.0","","","Partner","","https://test0314.example.com",""
"","","","3250000.0","Boston","USA","","","","315","IN","0315 Main Street","Pending","005Qy00001Cft9BIAR","2026-06-16T18:35:26.000Z","","","1","","","","001Qy000029nV1WIAU","Education","false","","","","005Qy00001Cft9BIAR","2026-06-16T18:35:28.000Z","","","","","","325","","","005Qy00001Cft9BIAR","","","(555) 100-0315","/services/images/photo/001Qy000029nV1WIAU","","012Qy00000BACRNIA5","","","","","","","IN","229b Baker st. before update trigger","","","","","","","2026-06-16T18:35:29.000Z","Test","","0.0","","","Other","","https://test0315.example.com",""
"","","","3260000.0","Seattle","USA","","","","316","IN","0316 Main Street","Pending","005Qy00001Cft9BIAR","2026-06-16T18:35:26.000Z","","","1","","","","001Qy000029nV1XIAU","Energy","false","","","","005Qy00001Cft9BIAR","2026-06-16T18:35:28.000Z","","","","","","326","","","005Qy00001Cft9BIAR","","","(555) 100-0316","/services/images/photo/001Qy000029nV1XIAU","","012Qy00000BACRNIA5","","","","","","","IN","229b Baker st. before update trigger","","","","","","","2026-06-16T18:35:29.000Z","Test","","0.0","","","Prospect","","https://test0316.example.com",""
"","","","3270000.0","Denver","USA","","","","317","IN","0317 Main Street","Pending","005Qy00001Cft9BIAR","2026-06-16T18:35:26.000Z","","","1","","","","001Qy000029nV1YIAU","Media","false","","","","005Qy00001Cft9BIAR","2026-06-16T18:35:28.000Z","","","","","","327","","","005Qy00001Cft9BIAR","","","(555) 100-0317","/services/images/photo/001Qy000029nV1YIAU","","012Qy00000BACRNIA5","","","","","","","IN","229b Baker st. before update trigger","","","","","","","2026-06-16T18:35:29.000Z","Test","","0.0","","","Customer","","https://test0317.example.com",""
"","","","3280000.0","Austin","USA","","","","318","IN","0318 Main Street","Pending","005Qy00001Cft9BIAR","2026-06-16T18:35:26.000Z","","","1","","","","001Qy000029nV1ZIAU","Government","false","","","","005Qy00001Cft9BIAR","2026-06-16T18:35:28.000Z","","","","","","328","","","005Qy00001Cft9BIAR","","","(555) 100-0318","/services/images/photo/001Qy000029nV1ZIAU","","012Qy00000BACRNIA5","","","","","","","IN","229b Baker st. before update trigger","","","","","","","2026-06-16T18:35:29.000Z","Test","","0.0","","","Partner","","https://test0318.example.com",""
"","","","3290000.0","Atlanta","USA","","","","319","IN","0319 Main Street","Pending","005Qy00001Cft9BIAR","2026-06-16T18:35:26.000Z","","","1","","","","001Qy000029nV1aIAE","Nonprofit","false","","","","005Qy00001Cft9BIAR","2026-06-16T18:35:28.000Z","","","","","","329","","","005Qy00001Cft9BIAR","","","(555) 100-0319","/services/images/photo/001Qy000029nV1aIAE","","012Qy00000BACRNIA5","","","","","","","IN","229b Baker st. before update trigger","","","","","","","2026-06-16T18:35:29.000Z","Test","","0.0","","","Other","","https://test0319.example.com",""
"","","","3300000.0","San Francisco","USA","","","","320","IN","0320 Main Street","Pending","005Qy00001Cft9BIAR","2026-06-16T18:35:26.000Z","","","1","","","","001Qy000029nV1bIAE","Technology","false","","","","005Qy00001Cft9BIAR","2026-06-16T18:35:28.000Z","","","","","","330","","","005Qy00001Cft9BIAR","","","(555) 100-0320","/services/images/photo/001Qy000029nV1bIAE","","012Qy00000BACRNIA5","","","","","","","IN","229b Baker st. before update trigger","","","","","","","2026-06-16T18:35:29.000Z","Test","","0.0","","","Prospect","","https://test0320.example.com",""
"","","","3310000.0","New York","USA","","","","321","IN","0321 Main Street","Pending","005Qy00001Cft9BIAR","2026-06-16T18:35:26.000Z","","","1","","","","001Qy000029nV1cIAE","Healthcare","false","","","","005Qy00001Cft9BIAR","2026-06-16T18:35:28.000Z","","","","","","331","","","005Qy00001Cft9BIAR","","","(555) 100-0321","/services/images/photo/001Qy000029nV1cIAE","","012Qy00000BACRNIA5","","","","","","","IN","229b Baker st. before update trigger","","","","","","","2026-06-16T18:35:29.000Z","Test","","0.0","","","Customer","","https://test0321.example.com",""
"","","","3320000.0","Chicago","USA","","","","322","IN","0322 Main Street","Pending","005Qy00001Cft9BIAR","2026-06-16T18:35:26.000Z","","","1","","","","001Qy000029nV1dIAE","Finance","false","","","","005Qy00001Cft9BIAR","2026-06-16T18:35:28.000Z","","","","","","332","","","005Qy00001Cft9BIAR","","","(555) 100-0322","/services/images/photo/001Qy000029nV1dIAE","","012Qy00000BACRNIA5","","","","","","","IN","229b Baker st. before update trigger","","","","","","","2026-06-16T18:35:29.000Z","Test","","0.0","","","Partner","","https://test0322.example.com",""
"","","","3330000.0","Los Angeles","USA","","","","323","IN","0323 Main Street","Pending","005Qy00001Cft9BIAR","2026-06-16T18:35:26.000Z","","","1","","","","001Qy000029nV1eIAE","Manufacturing","false","","","","005Qy00001Cft9BIAR","2026-06-16T18:35:28.000Z","","","","","","333","","","005Qy00001Cft9BIAR","","","(555) 100-0323","/services/images/photo/001Qy000029nV1eIAE","","012Qy00000BACRNIA5","","","","","","","IN","229b Baker st. before update trigger","","","","","","","2026-06-16T18:35:29.000Z","Test","","0.0","","","Other","","https://test0323.example.com",""
"","","","3340000.0","Houston","USA","","","","324","IN","0324 Main Street","Pending","005Qy00001Cft9BIAR","2026-06-16T18:35:26.000Z","","","1","","","","001Qy000029nV1fIAE","Retail","false","","","","005Qy00001Cft9BIAR","2026-06-16T18:35:28.000Z","","","","","","334","","","005Qy00001Cft9BIAR","","","(555) 100-0324","/services/images/photo/001Qy000029nV1fIAE","","012Qy00000BACRNIA5","","","","","","","IN","229b Baker st. before update trigger","","","","","","","2026-06-16T18:35:29.000Z","Test","","0.0","","","Prospect","","https://test0324.example.com",""
"","","","3350000.0","Boston","USA","","","","325","IN","0325 Main Street","Pending","005Qy00001Cft9BIAR","2026-06-16T18:35:26.000Z","","","1","","","","001Qy000029nV1gIAE","Education","false","","","","005Qy00001Cft9BIAR","2026-06-16T18:35:28.000Z","","","","","","335","","","005Qy00001Cft9BIAR","","","(555) 100-0325","/services/images/photo/001Qy000029nV1gIAE","","012Qy00000BACRNIA5","","","","","","","IN","229b Baker st. before update trigger","","","","","","","2026-06-16T18:35:29.000Z","Test","","0.0","","","Customer","","https://test0325.example.com",""
"","","","3360000.0","Seattle","USA","","","","326","IN","0326 Main Street","Pending","005Qy00001Cft9BIAR","2026-06-16T18:35:26.000Z","","","1","","","","001Qy000029nV1hIAE","Energy","false","","","","005Qy00001Cft9BIAR","2026-06-16T18:35:28.000Z","","","","","","336","","","005Qy00001Cft9BIAR","","","(555) 100-0326","/services/images/photo/001Qy000029nV1hIAE","","012Qy00000BACRNIA5","","","","","","","IN","229b Baker st. before update trigger","","","","","","","2026-06-16T18:35:29.000Z","Test","","0.0","","","Partner","","https://test0326.example.com",""
"","","","3370000.0","Denver","USA","","","","327","IN","0327 Main Street","Pending","005Qy00001Cft9BIAR","2026-06-16T18:35:26.000Z","","","1","","","","001Qy000029nV1iIAE","Media","false","","","","005Qy00001Cft9BIAR","2026-06-16T18:35:28.000Z","","","","","","337","","","005Qy00001Cft9BIAR","","","(555) 100-0327","/services/images/photo/001Qy000029nV1iIAE","","012Qy00000BACRNIA5","","","","","","","IN","229b Baker st. before update trigger","","","","","","","2026-06-16T18:35:29.000Z","Test","","0.0","","","Other","","https://test0327.example.com",""
"","","","3380000.0","Austin","USA","","","","328","IN","0328 Main Street","Pending","005Qy00001Cft9BIAR","2026-06-16T18:35:26.000Z","","","1","","","","001Qy000029nV1jIAE","Government","false","","","","005Qy00001Cft9BIAR","2026-06-16T18:35:28.000Z","","","","","","338","","","005Qy00001Cft9BIAR","","","(555) 100-0328","/services/images/photo/001Qy000029nV1jIAE","","012Qy00000BACRNIA5","","","","","","","IN","229b Baker st. before update trigger","","","","","","","2026-06-16T18:35:29.000Z","Test","","0.0","","","Prospect","","https://test0328.example.com",""
"","","","3390000.0","Atlanta","USA","","","","329","IN","0329 Main Street","Pending","005Qy00001Cft9BIAR","2026-06-16T18:35:26.000Z","","","1","","","","001Qy000029nV1kIAE","Nonprofit","false","","","","005Qy00001Cft9BIAR","2026-06-16T18:35:28.000Z","","","","","","339","","","005Qy00001Cft9BIAR","","","(555) 100-0329","/services/images/photo/001Qy000029nV1kIAE","","012Qy00000BACRNIA5","","","","","","","IN","229b Baker st. before update trigger","","","","","","","2026-06-16T18:35:29.000Z","Test","","0.0","","","Customer","","https://test0329.example.com",""
"","","","3400000.0","San Francisco","USA","","","","330","IN","0330 Main Street","Pending","005Qy00001Cft9BIAR","2026-06-16T18:35:26.000Z","","","1","","","","001Qy000029nV1lIAE","Technology","false","","","","005Qy00001Cft9BIAR","2026-06-16T18:35:28.000Z","","","","","","340","","","005Qy00001Cft9BIAR","","","(555) 100-0330","/services/images/photo/001Qy000029nV1lIAE","","012Qy00000BACRNIA5","","","","","","","IN","229b Baker st. before update trigger","","","","","","","2026-06-16T18:35:29.000Z","Test","","0.0","","","Partner","","https://test0330.example.com",""
"","","","3410000.0","New York","USA","","","","331","IN","0331 Main Street","Pending","005Qy00001Cft9BIAR","2026-06-16T18:35:26.000Z","","","1","","","","001Qy000029nV1mIAE","Healthcare","false","","","","005Qy00001Cft9BIAR","2026-06-16T18:35:28.000Z","","","","","","341","","","005Qy00001Cft9BIAR","","","(555) 100-0331","/services/images/photo/001Qy000029nV1mIAE","","012Qy00000BACRNIA5","","","","","","","IN","229b Baker st. before update trigger","","","","","","","2026-06-16T18:35:29.000Z","Test","","0.0","","","Other","","https://test0331.example.com",""
"","","","3420000.0","Chicago","USA","","","","332","IN","0332 Main Street","Pending","005Qy00001Cft9BIAR","2026-06-16T18:35:26.000Z","","","1","","","","001Qy000029nV1nIAE","Finance","false","","","","005Qy00001Cft9BIAR","2026-06-16T18:35:28.000Z","","","","","","342","","","005Qy00001Cft9BIAR","","","(555) 100-0332","/services/images/photo/001Qy000029nV1nIAE","","012Qy00000BACRNIA5","","","","","","","IN","229b Baker st. before update trigger","","","","","","","2026-06-16T18:35:29.000Z","Test","","0.0","","","Prospect","","https://test0332.example.com",""
"","","","3430000.0","Los Angeles","USA","","","","333","IN","0333 Main Street","Pending","005Qy00001Cft9BIAR","2026-06-16T18:35:26.000Z","","","1","","","","001Qy000029nV1oIAE","Manufacturing","false","","","","005Qy00001Cft9BIAR","2026-06-16T18:35:28.000Z","","","","","","343","","","005Qy00001Cft9BIAR","","","(555) 100-0333","/services/images/photo/001Qy000029nV1oIAE","","012Qy00000BACRNIA5","","","","","","","IN","229b Baker st. before update trigger","","","","","","","2026-06-16T18:35:29.000Z","Test","","0.0","","","Customer","","https://test0333.example.com",""
"","","","3440000.0","Houston","USA","","","","334","IN","0334 Main Street","Pending","005Qy00001Cft9BIAR","2026-06-16T18:35:26.000Z","","","1","","","","001Qy000029nV1pIAE","Retail","false","","","","005Qy00001Cft9BIAR","2026-06-16T18:35:28.000Z","","","","","","344","","","005Qy00001Cft9BIAR","","","(555) 100-0334","/services/images/photo/001Qy000029nV1pIAE","","012Qy00000BACRNIA5","","","","","","","IN","229b Baker st. before update trigger","","","","","","","2026-06-16T18:35:29.000Z","Test","","0.0","","","Partner","","https://test0334.example.com",""
"","","","3450000.0","Boston","USA","","","","335","IN","0335 Main Street","Pending","005Qy00001Cft9BIAR","2026-06-16T18:35:26.000Z","","","1","","","","001Qy000029nV1qIAE","Education","false","","","","005Qy00001Cft9BIAR","2026-06-16T18:35:28.000Z","","","","","","345","","","005Qy00001Cft9BIAR","","","(555) 100-0335","/services/images/photo/001Qy000029nV1qIAE","","012Qy00000BACRNIA5","","","","","","","IN","229b Baker st. before update trigger","","","","","","","2026-06-16T18:35:29.000Z","Test","","0.0","","","Other","","https://test0335.example.com",""
"","","","3460000.0","Seattle","USA","","","","336","IN","0336 Main Street","Pending","005Qy00001Cft9BIAR","2026-06-16T18:35:26.000Z","","","1","","","","001Qy000029nV1rIAE","Energy","false","","","","005Qy00001Cft9BIAR","2026-06-16T18:35:28.000Z","","","","","","346","","","005Qy00001Cft9BIAR","","","(555) 100-0336","/services/images/photo/001Qy000029nV1rIAE","","012Qy00000BACRNIA5","","","","","","","IN","229b Baker st. before update trigger","","","","","","","2026-06-16T18:35:29.000Z","Test","","0.0","","","Prospect","","https://test0336.example.com",""
"","","","3470000.0","Denver","USA","","","","337","IN","0337 Main Street","Pending","005Qy00001Cft9BIAR","2026-06-16T18:35:26.000Z","","","1","","","","001Qy000029nV1sIAE","Media","false","","","","005Qy00001Cft9BIAR","2026-06-16T18:35:28.000Z","","","","","","347","","","005Qy00001Cft9BIAR","","","(555) 100-0337","/services/images/photo/001Qy000029nV1sIAE","","012Qy00000BACRNIA5","","","","","","","IN","229b Baker st. before update trigger","","","","","","","2026-06-16T18:35:29.000Z","Test","","0.0","","","Customer","","https://test0337.example.com",""
"","","","3480000.0","Austin","USA","","","","338","IN","0338 Main Street","Pending","005Qy00001Cft9BIAR","2026-06-16T18:35:26.000Z","","","1","","","","001Qy000029nV1tIAE","Government","false","","","","005Qy00001Cft9BIAR","2026-06-16T18:35:28.000Z","","","","","","348","","","005Qy00001Cft9BIAR","","","(555) 100-0338","/services/images/photo/001Qy000029nV1tIAE","","012Qy00000BACRNIA5","","","","","","","IN","229b Baker st. before update trigger","","","","","","","2026-06-16T18:35:29.000Z","Test","","0.0","","","Partner","","https://test0338.example.com",""
"","","","3490000.0","Atlanta","USA","","","","339","IN","0339 Main Street","Pending","005Qy00001Cft9BIAR","2026-06-16T18:35:26.000Z","","","1","","","","001Qy000029nV1uIAE","Nonprofit","false","","","","005Qy00001Cft9BIAR","2026-06-16T18:35:28.000Z","","","","","","349","","","005Qy00001Cft9BIAR","","","(555) 100-0339","/services/images/photo/001Qy000029nV1uIAE","","012Qy00000BACRNIA5","","","","","","","IN","229b Baker st. before update trigger","","","","","","","2026-06-16T18:35:29.000Z","Test","","0.0","","","Other","","https://test0339.example.com",""
"","","","3500000.0","San Francisco","USA","","","","340","IN","0340 Main Street","Pending","005Qy00001Cft9BIAR","2026-06-16T18:35:26.000Z","","","1","","","","001Qy000029nV1vIAE","Technology","false","","","","005Qy00001Cft9BIAR","2026-06-16T18:35:28.000Z","","","","","","350","","","005Qy00001Cft9BIAR","","","(555) 100-0340","/services/images/photo/001Qy000029nV1vIAE","","012Qy00000BACRNIA5","","","","","","","IN","229b Baker st. before update trigger","","","","","","","2026-06-16T18:35:29.000Z","Test","","0.0","","","Prospect","","https://test0340.example.com",""
"","","","3510000.0","New York","USA","","","","341","IN","0341 Main Street","Pending","005Qy00001Cft9BIAR","2026-06-16T18:35:26.000Z","","","1","","","","001Qy000029nV1wIAE","Healthcare","false","","","","005Qy00001Cft9BIAR","2026-06-16T18:35:28.000Z","","","","","","351","","","005Qy00001Cft9BIAR","","","(555) 100-0341","/services/images/photo/001Qy000029nV1wIAE","","012Qy00000BACRNIA5","","","","","","","IN","229b Baker st. before update trigger","","","","","","","2026-06-16T18:35:29.000Z","Test","","0.0","","","Customer","","https://test0341.example.com",""
"","","","3520000.0","Chicago","USA","","","","342","IN","0342 Main Street","Pending","005Qy00001Cft9BIAR","2026-06-16T18:35:26.000Z","","","1","","","","001Qy000029nV1xIAE","Finance","false","","","","005Qy00001Cft9BIAR","2026-06-16T18:35:28.000Z","","","","","","352","","","005Qy00001Cft9BIAR","","","(555) 100-0342","/services/images/photo/001Qy000029nV1xIAE","","012Qy00000BACRNIA5","","","","","","","IN","229b Baker st. before update trigger","","","","","","","2026-06-16T18:35:29.000Z","Test","","0.0","","","Partner","","https://test0342.example.com",""
"","","","3530000.0","Los Angeles","USA","","","","343","IN","0343 Main Street","Pending","005Qy00001Cft9BIAR","2026-06-16T18:35:26.000Z","","","1","","","","001Qy000029nV1yIAE","Manufacturing","false","","","","005Qy00001Cft9BIAR","2026-06-16T18:35:28.000Z","","","","","","353","","","005Qy00001Cft9BIAR","","","(555) 100-0343","/services/images/photo/001Qy000029nV1yIAE","","012Qy00000BACRNIA5","","","","","","","IN","229b Baker st. before update trigger","","","","","","","2026-06-16T18:35:29.000Z","Test","","0.0","","","Other","","https://test0343.example.com",""
"","","","3540000.0","Houston","USA","","","","344","IN","0344 Main Street","Pending","005Qy00001Cft9BIAR","2026-06-16T18:35:26.000Z","","","1","","","","001Qy000029nV1zIAE","Retail","false","","","","005Qy00001Cft9BIAR","2026-06-16T18:35:28.000Z","","","","","","354","","","005Qy00001Cft9BIAR","","","(555) 100-0344","/services/images/photo/001Qy000029nV1zIAE","","012Qy00000BACRNIA5","","","","","","","IN","229b Baker st. before update trigger","","","","","","","2026-06-16T18:35:29.000Z","Test","","0.0","","","Prospect","","https://test0344.example.com",""
"","","","3550000.0","Boston","USA","","","","345","IN","0345 Main Street","Pending","005Qy00001Cft9BIAR","2026-06-16T18:35:26.000Z","","","1","","","","001Qy000029nV20IAE","Education","false","","","","005Qy00001Cft9BIAR","2026-06-16T18:35:28.000Z","","","","","","355","","","005Qy00001Cft9BIAR","","","(555) 100-0345","/services/images/photo/001Qy000029nV20IAE","","012Qy00000BACRNIA5","","","","","","","IN","229b Baker st. before update trigger","","","","","","","2026-06-16T18:35:29.000Z","Test","","0.0","","","Customer","","https://test0345.example.com",""
"","","","3560000.0","Seattle","USA","","","","346","IN","0346 Main Street","Pending","005Qy00001Cft9BIAR","2026-06-16T18:35:26.000Z","","","1","","","","001Qy000029nV21IAE","Energy","false","","","","005Qy00001Cft9BIAR","2026-06-16T18:35:28.000Z","","","","","","356","","","005Qy00001Cft9BIAR","","","(555) 100-0346","/services/images/photo/001Qy000029nV21IAE","","012Qy00000BACRNIA5","","","","","","","IN","229b Baker st. before update trigger","","","","","","","2026-06-16T18:35:29.000Z","Test","","0.0","","","Partner","","https://test0346.example.com",""
"","","","3570000.0","Denver","USA","","","","347","IN","0347 Main Street","Pending","005Qy00001Cft9BIAR","2026-06-16T18:35:26.000Z","","","1","","","","001Qy000029nV22IAE","Media","false","","","","005Qy00001Cft9BIAR","2026-06-16T18:35:28.000Z","","","","","","357","","","005Qy00001Cft9BIAR","","","(555) 100-0347","/services/images/photo/001Qy000029nV22IAE","","012Qy00000BACRNIA5","","","","","","","IN","229b Baker st. before update trigger","","","","","","","2026-06-16T18:35:29.000Z","Test","","0.0","","","Other","","https://test0347.example.com",""
"","","","3580000.0","Austin","USA","","","","348","IN","0348 Main Street","Pending","005Qy00001Cft9BIAR","2026-06-16T18:35:26.000Z","","","1","","","","001Qy000029nV23IAE","Government","false","","","","005Qy00001Cft9BIAR","2026-06-16T18:35:28.000Z","","","","","","358","","","005Qy00001Cft9BIAR","","","(555) 100-0348","/services/images/photo/001Qy000029nV23IAE","","012Qy00000BACRNIA5","","","","","","","IN","229b Baker st. before update trigger","","","","","","","2026-06-16T18:35:29.000Z","Test","","0.0","","","Prospect","","https://test0348.example.com",""
"","","","3590000.0","Atlanta","USA","","","","349","IN","0349 Main Street","Pending","005Qy00001Cft9BIAR","2026-06-16T18:35:26.000Z","","","1","","","","001Qy000029nV24IAE","Nonprofit","false","","","","005Qy00001Cft9BIAR","2026-06-16T18:35:28.000Z","","","","","","359","","","005Qy00001Cft9BIAR","","","(555) 100-0349","/services/images/photo/001Qy000029nV24IAE","","012Qy00000BACRNIA5","","","","","","","IN","229b Baker st. before update trigger","","","","","","","2026-06-16T18:35:29.000Z","Test","","0.0","","","Customer","","https://test0349.example.com",""
"","","","3600000.0","San Francisco","USA","","","","350","IN","0350 Main Street","Pending","005Qy00001Cft9BIAR","2026-06-16T18:35:26.000Z","","","1","","","","001Qy000029nV25IAE","Technology","false","","","","005Qy00001Cft9BIAR","2026-06-16T18:35:28.000Z","","","","","","360","","","005Qy00001Cft9BIAR","","","(555) 100-0350","/services/images/photo/001Qy000029nV25IAE","","012Qy00000BACRNIA5","","","","","","","IN","229b Baker st. before update trigger","","","","","","","2026-06-16T18:35:29.000Z","Test","","0.0","","","Partner","","https://test0350.example.com",""
"","","","3610000.0","New York","USA","","","","351","IN","0351 Main Street","Pending","005Qy00001Cft9BIAR","2026-06-16T18:35:26.000Z","","","1","","","","001Qy000029nV26IAE","Healthcare","false","","","","005Qy00001Cft9BIAR","2026-06-16T18:35:28.000Z","","","","","","361","","","005Qy00001Cft9BIAR","","","(555) 100-0351","/services/images/photo/001Qy000029nV26IAE","","012Qy00000BACRNIA5","","","","","","","IN","229b Baker st. before update trigger","","","","","","","2026-06-16T18:35:29.000Z","Test","","0.0","","","Other","","https://test0351.example.com",""
"","","","3620000.0","Chicago","USA","","","","352","IN","0352 Main Street","Pending","005Qy00001Cft9BIAR","2026-06-16T18:35:26.000Z","","","1","","","","001Qy000029nV27IAE","Finance","false","","","","005Qy00001Cft9BIAR","2026-06-16T18:35:28.000Z","","","","","","362","","","005Qy00001Cft9BIAR","","","(555) 100-0352","/services/images/photo/001Qy000029nV27IAE","","012Qy00000BACRNIA5","","","","","","","IN","229b Baker st. before update trigger","","","","","","","2026-06-16T18:35:29.000Z","Test","","0.0","","","Prospect","","https://test0352.example.com",""
"","","","3630000.0","Los Angeles","USA","","","","353","IN","0353 Main Street","Pending","005Qy00001Cft9BIAR","2026-06-16T18:35:26.000Z","","","1","","","","001Qy000029nV28IAE","Manufacturing","false","","","","005Qy00001Cft9BIAR","2026-06-16T18:35:28.000Z","","","","","","363","","","005Qy00001Cft9BIAR","","","(555) 100-0353","/services/images/photo/001Qy000029nV28IAE","","012Qy00000BACRNIA5","","","","","","","IN","229b Baker st. before update trigger","","","","","","","2026-06-16T18:35:29.000Z","Test","","0.0","","","Customer","","https://test0353.example.com",""
"","","","3640000.0","Houston","USA","","","","354","IN","0354 Main Street","Pending","005Qy00001Cft9BIAR","2026-06-16T18:35:26.000Z","","","1","","","","001Qy000029nV29IAE","Retail","false","","","","005Qy00001Cft9BIAR","2026-06-16T18:35:28.000Z","","","","","","364","","","005Qy00001Cft9BIAR","","","(555) 100-0354","/services/images/photo/001Qy000029nV29IAE","","012Qy00000BACRNIA5","","","","","","","IN","229b Baker st. before update trigger","","","","","","","2026-06-16T18:35:29.000Z","Test","","0.0","","","Partner","","https://test0354.example.com",""
"","","","3650000.0","Boston","USA","","","","355","IN","0355 Main Street","Pending","005Qy00001Cft9BIAR","2026-06-16T18:35:26.000Z","","","1","","","","001Qy000029nV2AIAU","Education","false","","","","005Qy00001Cft9BIAR","2026-06-16T18:35:28.000Z","","","","","","365","","","005Qy00001Cft9BIAR","","","(555) 100-0355","/services/images/photo/001Qy000029nV2AIAU","","012Qy00000BACRNIA5","","","","","","","IN","229b Baker st. before update trigger","","","","","","","2026-06-16T18:35:29.000Z","Test","","0.0","","","Other","","https://test0355.example.com",""
"","","","3660000.0","Seattle","USA","","","","356","IN","0356 Main Street","Pending","005Qy00001Cft9BIAR","2026-06-16T18:35:26.000Z","","","1","","","","001Qy000029nV2BIAU","Energy","false","","","","005Qy00001Cft9BIAR","2026-06-16T18:35:28.000Z","","","","","","366","","","005Qy00001Cft9BIAR","","","(555) 100-0356","/services/images/photo/001Qy000029nV2BIAU","","012Qy00000BACRNIA5","","","","","","","IN","229b Baker st. before update trigger","","","","","","","2026-06-16T18:35:29.000Z","Test","","0.0","","","Prospect","","https://test0356.example.com",""
"","","","3670000.0","Denver","USA","","","","357","IN","0357 Main Street","Pending","005Qy00001Cft9BIAR","2026-06-16T18:35:26.000Z","","","1","","","","001Qy000029nV2CIAU","Media","false","","","","005Qy00001Cft9BIAR","2026-06-16T18:35:28.000Z","","","","","","367","","","005Qy00001Cft9BIAR","","","(555) 100-0357","/services/images/photo/001Qy000029nV2CIAU","","012Qy00000BACRNIA5","","","","","","","IN","229b Baker st. before update trigger","","","","","","","2026-06-16T18:35:29.000Z","Test","","0.0","","","Customer","","https://test0357.example.com",""
"","","","3680000.0","Austin","USA","","","","358","IN","0358 Main Street","Pending","005Qy00001Cft9BIAR","2026-06-16T18:35:26.000Z","","","1","","","","001Qy000029nV2DIAU","Government","false","","","","005Qy00001Cft9BIAR","2026-06-16T18:35:28.000Z","","","","","","368","","","005Qy00001Cft9BIAR","","","(555) 100-0358","/services/images/photo/001Qy000029nV2DIAU","","012Qy00000BACRNIA5","","","","","","","IN","229b Baker st. before update trigger","","","","","","","2026-06-16T18:35:29.000Z","Test","","0.0","","","Partner","","https://test0358.example.com",""
"","","","3690000.0","Atlanta","USA","","","","359","IN","0359 Main Street","Pending","005Qy00001Cft9BIAR","2026-06-16T18:35:26.000Z","","","1","","","","001Qy000029nV2EIAU","Nonprofit","false","","","","005Qy00001Cft9BIAR","2026-06-16T18:35:28.000Z","","","","","","369","","","005Qy00001Cft9BIAR","","","(555) 100-0359","/services/images/photo/001Qy000029nV2EIAU","","012Qy00000BACRNIA5","","","","","","","IN","229b Baker st. before update trigger","","","","","","","2026-06-16T18:35:29.000Z","Test","","0.0","","","Other","","https://test0359.example.com",""
"","","","3700000.0","San Francisco","USA","","","","360","IN","0360 Main Street","Pending","005Qy00001Cft9BIAR","2026-06-16T18:35:26.000Z","","","1","","","","001Qy000029nV2FIAU","Technology","false","","","","005Qy00001Cft9BIAR","2026-06-16T18:35:28.000Z","","","","","","370","","","005Qy00001Cft9BIAR","","","(555) 100-0360","/services/images/photo/001Qy000029nV2FIAU","","012Qy00000BACRNIA5","","","","","","","IN","229b Baker st. before update trigger","","","","","","","2026-06-16T18:35:29.000Z","Test","","0.0","","","Prospect","","https://test0360.example.com",""
"","","","3710000.0","New York","USA","","","","361","IN","0361 Main Street","Pending","005Qy00001Cft9BIAR","2026-06-16T18:35:26.000Z","","","1","","","","001Qy000029nV2GIAU","Healthcare","false","","","","005Qy00001Cft9BIAR","2026-06-16T18:35:28.000Z","","","","","","371","","","005Qy00001Cft9BIAR","","","(555) 100-0361","/services/images/photo/001Qy000029nV2GIAU","","012Qy00000BACRNIA5","","","","","","","IN","229b Baker st. before update trigger","","","","","","","2026-06-16T18:35:29.000Z","Test","","0.0","","","Customer","","https://test0361.example.com",""
"","","","3720000.0","Chicago","USA","","","","362","IN","0362 Main Street","Pending","005Qy00001Cft9BIAR","2026-06-16T18:35:26.000Z","","","1","","","","001Qy000029nV2HIAU","Finance","false","","","","005Qy00001Cft9BIAR","2026-06-16T18:35:28.000Z","","","","","","372","","","005Qy00001Cft9BIAR","","","(555) 100-0362","/services/images/photo/001Qy000029nV2HIAU","","012Qy00000BACRNIA5","","","","","","","IN","229b Baker st. before update trigger","","","","","","","2026-06-16T18:35:29.000Z","Test","","0.0","","","Partner","","https://test0362.example.com",""
"","","","3730000.0","Los Angeles","USA","","","","363","IN","0363 Main Street","Pending","005Qy00001Cft9BIAR","2026-06-16T18:35:26.000Z","","","1","","","","001Qy000029nV2IIAU","Manufacturing","false","","","","005Qy00001Cft9BIAR","2026-06-16T18:35:28.000Z","","","","","","373","","","005Qy00001Cft9BIAR","","","(555) 100-0363","/services/images/photo/001Qy000029nV2IIAU","","012Qy00000BACRNIA5","","","","","","","IN","229b Baker st. before update trigger","","","","","","","2026-06-16T18:35:29.000Z","Test","","0.0","","","Other","","https://test0363.example.com",""
"","","","3740000.0","Houston","USA","","","","364","IN","0364 Main Street","Pending","005Qy00001Cft9BIAR","2026-06-16T18:35:26.000Z","","","1","","","","001Qy000029nV2JIAU","Retail","false","","","","005Qy00001Cft9BIAR","2026-06-16T18:35:28.000Z","","","","","","374","","","005Qy00001Cft9BIAR","","","(555) 100-0364","/services/images/photo/001Qy000029nV2JIAU","","012Qy00000BACRNIA5","","","","","","","IN","229b Baker st. before update trigger","","","","","","","2026-06-16T18:35:29.000Z","Test","","0.0","","","Prospect","","https://test0364.example.com",""
"","","","3750000.0","Boston","USA","","","","365","IN","0365 Main Street","Pending","005Qy00001Cft9BIAR","2026-06-16T18:35:26.000Z","","","1","","","","001Qy000029nV2KIAU","Education","false","","","","005Qy00001Cft9BIAR","2026-06-16T18:35:28.000Z","","","","","","375","","","005Qy00001Cft9BIAR","","","(555) 100-0365","/services/images/photo/001Qy000029nV2KIAU","","012Qy00000BACRNIA5","","","","","","","IN","229b Baker st. before update trigger","","","","","","","2026-06-16T18:35:29.000Z","Test","","0.0","","","Customer","","https://test0365.example.com",""
"","","","3760000.0","Seattle","USA","","","","366","IN","0366 Main Street","Pending","005Qy00001Cft9BIAR","2026-06-16T18:35:26.000Z","","","1","","","","001Qy000029nV2LIAU","Energy","false","","","","005Qy00001Cft9BIAR","2026-06-16T18:35:28.000Z","","","","","","376","","","005Qy00001Cft9BIAR","","","(555) 100-0366","/services/images/photo/001Qy000029nV2LIAU","","012Qy00000BACRNIA5","","","","","","","IN","229b Baker st. before update trigger","","","","","","","2026-06-16T18:35:29.000Z","Test","","0.0","","","Partner","","https://test0366.example.com",""
"","","","3770000.0","Denver","USA","","","","367","IN","0367 Main Street","Pending","005Qy00001Cft9BIAR","2026-06-16T18:35:26.000Z","","","1","","","","001Qy000029nV2MIAU","Media","false","","","","005Qy00001Cft9BIAR","2026-06-16T18:35:28.000Z","","","","","","377","","","005Qy00001Cft9BIAR","","","(555) 100-0367","/services/images/photo/001Qy000029nV2MIAU","","012Qy00000BACRNIA5","","","","","","","IN","229b Baker st. before update trigger","","","","","","","2026-06-16T18:35:29.000Z","Test","","0.0","","","Other","","https://test0367.example.com",""
"","","","3780000.0","Austin","USA","","","","368","IN","0368 Main Street","Pending","005Qy00001Cft9BIAR","2026-06-16T18:35:26.000Z","","","1","","","","001Qy000029nV2NIAU","Government","false","","","","005Qy00001Cft9BIAR","2026-06-16T18:35:28.000Z","","","","","","378","","","005Qy00001Cft9BIAR","","","(555) 100-0368","/services/images/photo/001Qy000029nV2NIAU","","012Qy00000BACRNIA5","","","","","","","IN","229b Baker st. before update trigger","","","","","","","2026-06-16T18:35:29.000Z","Test","","0.0","","","Prospect","","https://test0368.example.com",""
"","","","3790000.0","Atlanta","USA","","","","369","IN","0369 Main Street","Pending","005Qy00001Cft9BIAR","2026-06-16T18:35:26.000Z","","","1","","","","001Qy000029nV2OIAU","Nonprofit","false","","","","005Qy00001Cft9BIAR","2026-06-16T18:35:28.000Z","","","","","","379","","","005Qy00001Cft9BIAR","","","(555) 100-0369","/services/images/photo/001Qy000029nV2OIAU","","012Qy00000BACRNIA5","","","","","","","IN","229b Baker st. before update trigger","","","","","","","2026-06-16T18:35:29.000Z","Test","","0.0","","","Customer","","https://test0369.example.com",""
"","","","3800000.0","San Francisco","USA","","","","370","IN","0370 Main Street","Pending","005Qy00001Cft9BIAR","2026-06-16T18:35:26.000Z","","","1","","","","001Qy000029nV2PIAU","Technology","false","","","","005Qy00001Cft9BIAR","2026-06-16T18:35:28.000Z","","","","","","380","","","005Qy00001Cft9BIAR","","","(555) 100-0370","/services/images/photo/001Qy000029nV2PIAU","","012Qy00000BACRNIA5","","","","","","","IN","229b Baker st. before update trigger","","","","","","","2026-06-16T18:35:29.000Z","Test","","0.0","","","Partner","","https://test0370.example.com",""
"","","","3810000.0","New York","USA","","","","371","IN","0371 Main Street","Pending","005Qy00001Cft9BIAR","2026-06-16T18:35:26.000Z","","","1","","","","001Qy000029nV2QIAU","Healthcare","false","","","","005Qy00001Cft9BIAR","2026-06-16T18:35:28.000Z","","","","","","381","","","005Qy00001Cft9BIAR","","","(555) 100-0371","/services/images/photo/001Qy000029nV2QIAU","","012Qy00000BACRNIA5","","","","","","","IN","229b Baker st. before update trigger","","","","","","","2026-06-16T18:35:29.000Z","Test","","0.0","","","Other","","https://test0371.example.com",""
"","","","3820000.0","Chicago","USA","","","","372","IN","0372 Main Street","Pending","005Qy00001Cft9BIAR","2026-06-16T18:35:26.000Z","","","1","","","","001Qy000029nV2RIAU","Finance","false","","","","005Qy00001Cft9BIAR","2026-06-16T18:35:28.000Z","","","","","","382","","","005Qy00001Cft9BIAR","","","(555) 100-0372","/services/images/photo/001Qy000029nV2RIAU","","012Qy00000BACRNIA5","","","","","","","IN","229b Baker st. before update trigger","","","","","","","2026-06-16T18:35:29.000Z","Test","","0.0","","","Prospect","","https://test0372.example.com",""
"","","","3830000.0","Los Angeles","USA","","","","373","IN","0373 Main Street","Pending","005Qy00001Cft9BIAR","2026-06-16T18:35:26.000Z","","","1","","","","001Qy000029nV2SIAU","Manufacturing","false","","","","005Qy00001Cft9BIAR","2026-06-16T18:35:28.000Z","","","","","","383","","","005Qy00001Cft9BIAR","","","(555) 100-0373","/services/images/photo/001Qy000029nV2SIAU","","012Qy00000BACRNIA5","","","","","","","IN","229b Baker st. before update trigger","","","","","","","2026-06-16T18:35:29.000Z","Test","","0.0","","","Customer","","https://test0373.example.com",""
"","","","3840000.0","Houston","USA","","","","374","IN","0374 Main Street","Pending","005Qy00001Cft9BIAR","2026-06-16T18:35:26.000Z","","","1","","","","001Qy000029nV2TIAU","Retail","false","","","","005Qy00001Cft9BIAR","2026-06-16T18:35:28.000Z","","","","","","384","","","005Qy00001Cft9BIAR","","","(555) 100-0374","/services/images/photo/001Qy000029nV2TIAU","","012Qy00000BACRNIA5","","","","","","","IN","229b Baker st. before update trigger","","","","","","","2026-06-16T18:35:29.000Z","Test","","0.0","","","Partner","","https://test0374.example.com",""
"","","","3850000.0","Boston","USA","","","","375","IN","0375 Main Street","Pending","005Qy00001Cft9BIAR","2026-06-16T18:35:26.000Z","","","1","","","","001Qy000029nV2UIAU","Education","false","","","","005Qy00001Cft9BIAR","2026-06-16T18:35:28.000Z","","","","","","385","","","005Qy00001Cft9BIAR","","","(555) 100-0375","/services/images/photo/001Qy000029nV2UIAU","","012Qy00000BACRNIA5","","","","","","","IN","229b Baker st. before update trigger","","","","","","","2026-06-16T18:35:29.000Z","Test","","0.0","","","Other","","https://test0375.example.com",""
"","","","3860000.0","Seattle","USA","","","","376","IN","0376 Main Street","Pending","005Qy00001Cft9BIAR","2026-06-16T18:35:26.000Z","","","1","","","","001Qy000029nV2VIAU","Energy","false","","","","005Qy00001Cft9BIAR","2026-06-16T18:35:28.000Z","","","","","","386","","","005Qy00001Cft9BIAR","","","(555) 100-0376","/services/images/photo/001Qy000029nV2VIAU","","012Qy00000BACRNIA5","","","","","","","IN","229b Baker st. before update trigger","","","","","","","2026-06-16T18:35:29.000Z","Test","","0.0","","","Prospect","","https://test0376.example.com",""
"","","","3870000.0","Denver","USA","","","","377","IN","0377 Main Street","Pending","005Qy00001Cft9BIAR","2026-06-16T18:35:26.000Z","","","1","","","","001Qy000029nV2WIAU","Media","false","","","","005Qy00001Cft9BIAR","2026-06-16T18:35:28.000Z","","","","","","387","","","005Qy00001Cft9BIAR","","","(555) 100-0377","/services/images/photo/001Qy000029nV2WIAU","","012Qy00000BACRNIA5","","","","","","","IN","229b Baker st. before update trigger","","","","","","","2026-06-16T18:35:29.000Z","Test","","0.0","","","Customer","","https://test0377.example.com",""
"","","","3880000.0","Austin","USA","","","","378","IN","0378 Main Street","Pending","005Qy00001Cft9BIAR","2026-06-16T18:35:26.000Z","","","1","","","","001Qy000029nV2XIAU","Government","false","","","","005Qy00001Cft9BIAR","2026-06-16T18:35:28.000Z","","","","","","388","","","005Qy00001Cft9BIAR","","","(555) 100-0378","/services/images/photo/001Qy000029nV2XIAU","","012Qy00000BACRNIA5","","","","","","","IN","229b Baker st. before update trigger","","","","","","","2026-06-16T18:35:29.000Z","Test","","0.0","","","Partner","","https://test0378.example.com",""
"","","","3890000.0","Atlanta","USA","","","","379","IN","0379 Main Street","Pending","005Qy00001Cft9BIAR","2026-06-16T18:35:26.000Z","","","1","","","","001Qy000029nV2YIAU","Nonprofit","false","","","","005Qy00001Cft9BIAR","2026-06-16T18:35:28.000Z","","","","","","389","","","005Qy00001Cft9BIAR","","","(555) 100-0379","/services/images/photo/001Qy000029nV2YIAU","","012Qy00000BACRNIA5","","","","","","","IN","229b Baker st. before update trigger","","","","","","","2026-06-16T18:35:29.000Z","Test","","0.0","","","Other","","https://test0379.example.com",""
"","","","3900000.0","San Francisco","USA","","","","380","IN","0380 Main Street","Pending","005Qy00001Cft9BIAR","2026-06-16T18:35:26.000Z","","","1","","","","001Qy000029nV2ZIAU","Technology","false","","","","005Qy00001Cft9BIAR","2026-06-16T18:35:28.000Z","","","","","","390","","","005Qy00001Cft9BIAR","","","(555) 100-0380","/services/images/photo/001Qy000029nV2ZIAU","","012Qy00000BACRNIA5","","","","","","","IN","229b Baker st. before update trigger","","","","","","","2026-06-16T18:35:29.000Z","Test","","0.0","","","Prospect","","https://test0380.example.com",""
"","","","3910000.0","New York","USA","","","","381","IN","0381 Main Street","Pending","005Qy00001Cft9BIAR","2026-06-16T18:35:26.000Z","","","1","","","","001Qy000029nV2aIAE","Healthcare","false","","","","005Qy00001Cft9BIAR","2026-06-16T18:35:28.000Z","","","","","","391","","","005Qy00001Cft9BIAR","","","(555) 100-0381","/services/images/photo/001Qy000029nV2aIAE","","012Qy00000BACRNIA5","","","","","","","IN","229b Baker st. before update trigger","","","","","","","2026-06-16T18:35:29.000Z","Test","","0.0","","","Customer","","https://test0381.example.com",""
"","","","3920000.0","Chicago","USA","","","","382","IN","0382 Main Street","Pending","005Qy00001Cft9BIAR","2026-06-16T18:35:26.000Z","","","1","","","","001Qy000029nV2bIAE","Finance","false","","","","005Qy00001Cft9BIAR","2026-06-16T18:35:28.000Z","","","","","","392","","","005Qy00001Cft9BIAR","","","(555) 100-0382","/services/images/photo/001Qy000029nV2bIAE","","012Qy00000BACRNIA5","","","","","","","IN","229b Baker st. before update trigger","","","","","","","2026-06-16T18:35:29.000Z","Test","","0.0","","","Partner","","https://test0382.example.com",""
"","","","3930000.0","Los Angeles","USA","","","","383","IN","0383 Main Street","Pending","005Qy00001Cft9BIAR","2026-06-16T18:35:26.000Z","","","1","","","","001Qy000029nV2cIAE","Manufacturing","false","","","","005Qy00001Cft9BIAR","2026-06-16T18:35:28.000Z","","","","","","393","","","005Qy00001Cft9BIAR","","","(555) 100-0383","/services/images/photo/001Qy000029nV2cIAE","","012Qy00000BACRNIA5","","","","","","","IN","229b Baker st. before update trigger","","","","","","","2026-06-16T18:35:29.000Z","Test","","0.0","","","Other","","https://test0383.example.com",""
"","","","3940000.0","Houston","USA","","","","384","IN","0384 Main Street","Pending","005Qy00001Cft9BIAR","2026-06-16T18:35:26.000Z","","","1","","","","001Qy000029nV2dIAE","Retail","false","","","","005Qy00001Cft9BIAR","2026-06-16T18:35:28.000Z","","","","","","394","","","005Qy00001Cft9BIAR","","","(555) 100-0384","/services/images/photo/001Qy000029nV2dIAE","","012Qy00000BACRNIA5","","","","","","","IN","229b Baker st. before update trigger","","","","","","","2026-06-16T18:35:29.000Z","Test","","0.0","","","Prospect","","https://test0384.example.com",""
"","","","3950000.0","Boston","USA","","","","385","IN","0385 Main Street","Pending","005Qy00001Cft9BIAR","2026-06-16T18:35:26.000Z","","","1","","","","001Qy000029nV2eIAE","Education","false","","","","005Qy00001Cft9BIAR","2026-06-16T18:35:28.000Z","","","","","","395","","","005Qy00001Cft9BIAR","","","(555) 100-0385","/services/images/photo/001Qy000029nV2eIAE","","012Qy00000BACRNIA5","","","","","","","IN","229b Baker st. before update trigger","","","","","","","2026-06-16T18:35:29.000Z","Test","","0.0","","","Customer","","https://test0385.example.com",""
"","","","3960000.0","Seattle","USA","","","","386","IN","0386 Main Street","Pending","005Qy00001Cft9BIAR","2026-06-16T18:35:26.000Z","","","1","","","","001Qy000029nV2fIAE","Energy","false","","","","005Qy00001Cft9BIAR","2026-06-16T18:35:28.000Z","","","","","","396","","","005Qy00001Cft9BIAR","","","(555) 100-0386","/services/images/photo/001Qy000029nV2fIAE","","012Qy00000BACRNIA5","","","","","","","IN","229b Baker st. before update trigger","","","","","","","2026-06-16T18:35:29.000Z","Test","","0.0","","","Partner","","https://test0386.example.com",""
"","","","3970000.0","Denver","USA","","","","387","IN","0387 Main Street","Pending","005Qy00001Cft9BIAR","2026-06-16T18:35:26.000Z","","","1","","","","001Qy000029nV2gIAE","Media","false","","","","005Qy00001Cft9BIAR","2026-06-16T18:35:28.000Z","","","","","","397","","","005Qy00001Cft9BIAR","","","(555) 100-0387","/services/images/photo/001Qy000029nV2gIAE","","012Qy00000BACRNIA5","","","","","","","IN","229b Baker st. before update trigger","","","","","","","2026-06-16T18:35:29.000Z","Test","","0.0","","","Other","","https://test0387.example.com",""
"","","","3980000.0","Austin","USA","","","","388","IN","0388 Main Street","Pending","005Qy00001Cft9BIAR","2026-06-16T18:35:26.000Z","","","1","","","","001Qy000029nV2hIAE","Government","false","","","","005Qy00001Cft9BIAR","2026-06-16T18:35:28.000Z","","","","","","398","","","005Qy00001Cft9BIAR","","","(555) 100-0388","/services/images/photo/001Qy000029nV2hIAE","","012Qy00000BACRNIA5","","","","","","","IN","229b Baker st. before update trigger","","","","","","","2026-06-16T18:35:29.000Z","Test","","0.0","","","Prospect","","https://test0388.example.com",""
"","","","3990000.0","Atlanta","USA","","","","389","IN","0389 Main Street","Pending","005Qy00001Cft9BIAR","2026-06-16T18:35:26.000Z","","","1","","","","001Qy000029nV2iIAE","Nonprofit","false","","","","005Qy00001Cft9BIAR","2026-06-16T18:35:28.000Z","","","","","","399","","","005Qy00001Cft9BIAR","","","(555) 100-0389","/services/images/photo/001Qy000029nV2iIAE","","012Qy00000BACRNIA5","","","","","","","IN","229b Baker st. before update trigger","","","","","","","2026-06-16T18:35:29.000Z","Test","","0.0","","","Customer","","https://test0389.example.com",""
"","","","4000000.0","San Francisco","USA","","","","390","IN","0390 Main Street","Pending","005Qy00001Cft9BIAR","2026-06-16T18:35:26.000Z","","","1","","","","001Qy000029nV2jIAE","Technology","false","","","","005Qy00001Cft9BIAR","2026-06-16T18:35:28.000Z","","","","","","400","","","005Qy00001Cft9BIAR","","","(555) 100-0390","/services/images/photo/001Qy000029nV2jIAE","","012Qy00000BACRNIA5","","","","","","","IN","229b Baker st. before update trigger","","","","","","","2026-06-16T18:35:29.000Z","Test","","0.0","","","Partner","","https://test0390.example.com",""
"","","","4010000.0","New York","USA","","","","391","IN","0391 Main Street","Pending","005Qy00001Cft9BIAR","2026-06-16T18:35:26.000Z","","","1","","","","001Qy000029nV2kIAE","Healthcare","false","","","","005Qy00001Cft9BIAR","2026-06-16T18:35:28.000Z","","","","","","401","","","005Qy00001Cft9BIAR","","","(555) 100-0391","/services/images/photo/001Qy000029nV2kIAE","","012Qy00000BACRNIA5","","","","","","","IN","229b Baker st. before update trigger","","","","","","","2026-06-16T18:35:29.000Z","Test","","0.0","","","Other","","https://test0391.example.com",""
"","","","4020000.0","Chicago","USA","","","","392","IN","0392 Main Street","Pending","005Qy00001Cft9BIAR","2026-06-16T18:35:26.000Z","","","1","","","","001Qy000029nV2lIAE","Finance","false","","","","005Qy00001Cft9BIAR","2026-06-16T18:35:28.000Z","","","","","","402","","","005Qy00001Cft9BIAR","","","(555) 100-0392","/services/images/photo/001Qy000029nV2lIAE","","012Qy00000BACRNIA5","","","","","","","IN","229b Baker st. before update trigger","","","","","","","2026-06-16T18:35:29.000Z","Test","","0.0","","","Prospect","","https://test0392.example.com",""
"","","","4030000.0","Los Angeles","USA","","","","393","IN","0393 Main Street","Pending","005Qy00001Cft9BIAR","2026-06-16T18:35:26.000Z","","","1","","","","001Qy000029nV2mIAE","Manufacturing","false","","","","005Qy00001Cft9BIAR","2026-06-16T18:35:28.000Z","","","","","","403","","","005Qy00001Cft9BIAR","","","(555) 100-0393","/services/images/photo/001Qy000029nV2mIAE","","012Qy00000BACRNIA5","","","","","","","IN","229b Baker st. before update trigger","","","","","","","2026-06-16T18:35:29.000Z","Test","","0.0","","","Customer","","https://test0393.example.com",""
"","","","4040000.0","Houston","USA","","","","394","IN","0394 Main Street","Pending","005Qy00001Cft9BIAR","2026-06-16T18:35:26.000Z","","","1","","","","001Qy000029nV2nIAE","Retail","false","","","","005Qy00001Cft9BIAR","2026-06-16T18:35:28.000Z","","","","","","404","","","005Qy00001Cft9BIAR","","","(555) 100-0394","/services/images/photo/001Qy000029nV2nIAE","","012Qy00000BACRNIA5","","","","","","","IN","229b Baker st. before update trigger","","","","","","","2026-06-16T18:35:29.000Z","Test","","0.0","","","Partner","","https://test0394.example.com",""
"","","","4050000.0","Boston","USA","","","","395","IN","0395 Main Street","Pending","005Qy00001Cft9BIAR","2026-06-16T18:35:26.000Z","","","1","","","","001Qy000029nV2oIAE","Education","false","","","","005Qy00001Cft9BIAR","2026-06-16T18:35:28.000Z","","","","","","405","","","005Qy00001Cft9BIAR","","","(555) 100-0395","/services/images/photo/001Qy000029nV2oIAE","","012Qy00000BACRNIA5","","","","","","","IN","229b Baker st. before update trigger","","","","","","","2026-06-16T18:35:29.000Z","Test","","0.0","","","Other","","https://test0395.example.com",""
"","","","4060000.0","Seattle","USA","","","","396","IN","0396 Main Street","Pending","005Qy00001Cft9BIAR","2026-06-16T18:35:26.000Z","","","1","","","","001Qy000029nV2pIAE","Energy","false","","","","005Qy00001Cft9BIAR","2026-06-16T18:35:28.000Z","","","","","","406","","","005Qy00001Cft9BIAR","","","(555) 100-0396","/services/images/photo/001Qy000029nV2pIAE","","012Qy00000BACRNIA5","","","","","","","IN","229b Baker st. before update trigger","","","","","","","2026-06-16T18:35:29.000Z","Test","","0.0","","","Prospect","","https://test0396.example.com",""
"","","","4070000.0","Denver","USA","","","","397","IN","0397 Main Street","Pending","005Qy00001Cft9BIAR","2026-06-16T18:35:26.000Z","","","1","","","","001Qy000029nV2qIAE","Media","false","","","","005Qy00001Cft9BIAR","2026-06-16T18:35:28.000Z","","","","","","407","","","005Qy00001Cft9BIAR","","","(555) 100-0397","/services/images/photo/001Qy000029nV2qIAE","","012Qy00000BACRNIA5","","","","","","","IN","229b Baker st. before update trigger","","","","","","","2026-06-16T18:35:29.000Z","Test","","0.0","","","Customer","","https://test0397.example.com",""
"","","","4080000.0","Austin","USA","","","","398","IN","0398 Main Street","Pending","005Qy00001Cft9BIAR","2026-06-16T18:35:26.000Z","","","1","","","","001Qy000029nV2rIAE","Government","false","","","","005Qy00001Cft9BIAR","2026-06-16T18:35:28.000Z","","","","","","408","","","005Qy00001Cft9BIAR","","","(555) 100-0398","/services/images/photo/001Qy000029nV2rIAE","","012Qy00000BACRNIA5","","","","","","","IN","229b Baker st. before update trigger","","","","","","","2026-06-16T18:35:29.000Z","Test","","0.0","","","Partner","","https://test0398.example.com",""
"","","","4090000.0","Atlanta","USA","","","","399","IN","0399 Main Street","Pending","005Qy00001Cft9BIAR","2026-06-16T18:35:26.000Z","","","1","","","","001Qy000029nV2sIAE","Nonprofit","false","","","","005Qy00001Cft9BIAR","2026-06-16T18:35:28.000Z","","","","","","409","","","005Qy00001Cft9BIAR","","","(555) 100-0399","/services/images/photo/001Qy000029nV2sIAE","","012Qy00000BACRNIA5","","","","","","","IN","229b Baker st. before update trigger","","","","","","","2026-06-16T18:35:29.000Z","Test","","0.0","","","Other","","https://test0399.example.com",""
"","","","4100000.0","San Francisco","USA","","","","400","IN","0400 Main Street","Pending","005Qy00001Cft9BIAR","2026-06-16T18:35:30.000Z","","","1","","","","001Qy000029nV2tIAE","Technology","false","","","","005Qy00001Cft9BIAR","2026-06-16T18:35:31.000Z","","","","","","410","","","005Qy00001Cft9BIAR","","","(555) 100-0400","/services/images/photo/001Qy000029nV2tIAE","","012Qy00000BACRNIA5","","","","","","","IN","229b Baker st. before update trigger","","","","","","","2026-06-16T18:35:31.000Z","Test","","0.0","","","Prospect","","https://test0400.example.com",""
"","","","4110000.0","New York","USA","","","","401","IN","0401 Main Street","Pending","005Qy00001Cft9BIAR","2026-06-16T18:35:30.000Z","","","1","","","","001Qy000029nV2uIAE","Healthcare","false","","","","005Qy00001Cft9BIAR","2026-06-16T18:35:31.000Z","","","","","","411","","","005Qy00001Cft9BIAR","","","(555) 100-0401","/services/images/photo/001Qy000029nV2uIAE","","012Qy00000BACRNIA5","","","","","","","IN","229b Baker st. before update trigger","","","","","","","2026-06-16T18:35:31.000Z","Test","","0.0","","","Customer","","https://test0401.example.com",""
"","","","4120000.0","Chicago","USA","","","","402","IN","0402 Main Street","Pending","005Qy00001Cft9BIAR","2026-06-16T18:35:30.000Z","","","1","","","","001Qy000029nV2vIAE","Finance","false","","","","005Qy00001Cft9BIAR","2026-06-16T18:35:31.000Z","","","","","","412","","","005Qy00001Cft9BIAR","","","(555) 100-0402","/services/images/photo/001Qy000029nV2vIAE","","012Qy00000BACRNIA5","","","","","","","IN","229b Baker st. before update trigger","","","","","","","2026-06-16T18:35:31.000Z","Test","","0.0","","","Partner","","https://test0402.example.com",""
"","","","4130000.0","Los Angeles","USA","","","","403","IN","0403 Main Street","Pending","005Qy00001Cft9BIAR","2026-06-16T18:35:30.000Z","","","1","","","","001Qy000029nV2wIAE","Manufacturing","false","","","","005Qy00001Cft9BIAR","2026-06-16T18:35:31.000Z","","","","","","413","","","005Qy00001Cft9BIAR","","","(555) 100-0403","/services/images/photo/001Qy000029nV2wIAE","","012Qy00000BACRNIA5","","","","","","","IN","229b Baker st. before update trigger","","","","","","","2026-06-16T18:35:31.000Z","Test","","0.0","","","Other","","https://test0403.example.com",""
"","","","4140000.0","Houston","USA","","","","404","IN","0404 Main Street","Pending","005Qy00001Cft9BIAR","2026-06-16T18:35:30.000Z","","","1","","","","001Qy000029nV2xIAE","Retail","false","","","","005Qy00001Cft9BIAR","2026-06-16T18:35:31.000Z","","","","","","414","","","005Qy00001Cft9BIAR","","","(555) 100-0404","/services/images/photo/001Qy000029nV2xIAE","","012Qy00000BACRNIA5","","","","","","","IN","229b Baker st. before update trigger","","","","","","","2026-06-16T18:35:31.000Z","Test","","0.0","","","Prospect","","https://test0404.example.com",""
"","","","4150000.0","Boston","USA","","","","405","IN","0405 Main Street","Pending","005Qy00001Cft9BIAR","2026-06-16T18:35:30.000Z","","","1","","","","001Qy000029nV2yIAE","Education","false","","","","005Qy00001Cft9BIAR","2026-06-16T18:35:31.000Z","","","","","","415","","","005Qy00001Cft9BIAR","","","(555) 100-0405","/services/images/photo/001Qy000029nV2yIAE","","012Qy00000BACRNIA5","","","","","","","IN","229b Baker st. before update trigger","","","","","","","2026-06-16T18:35:31.000Z","Test","","0.0","","","Customer","","https://test0405.example.com",""
"","","","4160000.0","Seattle","USA","","","","406","IN","0406 Main Street","Pending","005Qy00001Cft9BIAR","2026-06-16T18:35:30.000Z","","","1","","","","001Qy000029nV2zIAE","Energy","false","","","","005Qy00001Cft9BIAR","2026-06-16T18:35:31.000Z","","","","","","416","","","005Qy00001Cft9BIAR","","","(555) 100-0406","/services/images/photo/001Qy000029nV2zIAE","","012Qy00000BACRNIA5","","","","","","","IN","229b Baker st. before update trigger","","","","","","","2026-06-16T18:35:31.000Z","Test","","0.0","","","Partner","","https://test0406.example.com",""
"","","","4170000.0","Denver","USA","","","","407","IN","0407 Main Street","Pending","005Qy00001Cft9BIAR","2026-06-16T18:35:30.000Z","","","1","","","","001Qy000029nV30IAE","Media","false","","","","005Qy00001Cft9BIAR","2026-06-16T18:35:31.000Z","","","","","","417","","","005Qy00001Cft9BIAR","","","(555) 100-0407","/services/images/photo/001Qy000029nV30IAE","","012Qy00000BACRNIA5","","","","","","","IN","229b Baker st. before update trigger","","","","","","","2026-06-16T18:35:31.000Z","Test","","0.0","","","Other","","https://test0407.example.com",""
"","","","4180000.0","Austin","USA","","","","408","IN","0408 Main Street","Pending","005Qy00001Cft9BIAR","2026-06-16T18:35:30.000Z","","","1","","","","001Qy000029nV31IAE","Government","false","","","","005Qy00001Cft9BIAR","2026-06-16T18:35:31.000Z","","","","","","418","","","005Qy00001Cft9BIAR","","","(555) 100-0408","/services/images/photo/001Qy000029nV31IAE","","012Qy00000BACRNIA5","","","","","","","IN","229b Baker st. before update trigger","","","","","","","2026-06-16T18:35:31.000Z","Test","","0.0","","","Prospect","","https://test0408.example.com",""
"","","","4190000.0","Atlanta","USA","","","","409","IN","0409 Main Street","Pending","005Qy00001Cft9BIAR","2026-06-16T18:35:30.000Z","","","1","","","","001Qy000029nV32IAE","Nonprofit","false","","","","005Qy00001Cft9BIAR","2026-06-16T18:35:31.000Z","","","","","","419","","","005Qy00001Cft9BIAR","","","(555) 100-0409","/services/images/photo/001Qy000029nV32IAE","","012Qy00000BACRNIA5","","","","","","","IN","229b Baker st. before update trigger","","","","","","","2026-06-16T18:35:31.000Z","Test","","0.0","","","Customer","","https://test0409.example.com",""
"","","","4200000.0","San Francisco","USA","","","","410","IN","0410 Main Street","Pending","005Qy00001Cft9BIAR","2026-06-16T18:35:30.000Z","","","1","","","","001Qy000029nV33IAE","Technology","false","","","","005Qy00001Cft9BIAR","2026-06-16T18:35:31.000Z","","","","","","420","","","005Qy00001Cft9BIAR","","","(555) 100-0410","/services/images/photo/001Qy000029nV33IAE","","012Qy00000BACRNIA5","","","","","","","IN","229b Baker st. before update trigger","","","","","","","2026-06-16T18:35:31.000Z","Test","","0.0","","","Partner","","https://test0410.example.com",""
"","","","4210000.0","New York","USA","","","","411","IN","0411 Main Street","Pending","005Qy00001Cft9BIAR","2026-06-16T18:35:30.000Z","","","1","","","","001Qy000029nV34IAE","Healthcare","false","","","","005Qy00001Cft9BIAR","2026-06-16T18:35:31.000Z","","","","","","421","","","005Qy00001Cft9BIAR","","","(555) 100-0411","/services/images/photo/001Qy000029nV34IAE","","012Qy00000BACRNIA5","","","","","","","IN","229b Baker st. before update trigger","","","","","","","2026-06-16T18:35:31.000Z","Test","","0.0","","","Other","","https://test0411.example.com",""
"","","","4220000.0","Chicago","USA","","","","412","IN","0412 Main Street","Pending","005Qy00001Cft9BIAR","2026-06-16T18:35:30.000Z","","","1","","","","001Qy000029nV35IAE","Finance","false","","","","005Qy00001Cft9BIAR","2026-06-16T18:35:31.000Z","","","","","","422","","","005Qy00001Cft9BIAR","","","(555) 100-0412","/services/images/photo/001Qy000029nV35IAE","","012Qy00000BACRNIA5","","","","","","","IN","229b Baker st. before update trigger","","","","","","","2026-06-16T18:35:31.000Z","Test","","0.0","","","Prospect","","https://test0412.example.com",""
"","","","4230000.0","Los Angeles","USA","","","","413","IN","0413 Main Street","Pending","005Qy00001Cft9BIAR","2026-06-16T18:35:30.000Z","","","1","","","","001Qy000029nV36IAE","Manufacturing","false","","","","005Qy00001Cft9BIAR","2026-06-16T18:35:31.000Z","","","","","","423","","","005Qy00001Cft9BIAR","","","(555) 100-0413","/services/images/photo/001Qy000029nV36IAE","","012Qy00000BACRNIA5","","","","","","","IN","229b Baker st. before update trigger","","","","","","","2026-06-16T18:35:31.000Z","Test","","0.0","","","Customer","","https://test0413.example.com",""
"","","","4240000.0","Houston","USA","","","","414","IN","0414 Main Street","Pending","005Qy00001Cft9BIAR","2026-06-16T18:35:30.000Z","","","1","","","","001Qy000029nV37IAE","Retail","false","","","","005Qy00001Cft9BIAR","2026-06-16T18:35:31.000Z","","","","","","424","","","005Qy00001Cft9BIAR","","","(555) 100-0414","/services/images/photo/001Qy000029nV37IAE","","012Qy00000BACRNIA5","","","","","","","IN","229b Baker st. before update trigger","","","","","","","2026-06-16T18:35:31.000Z","Test","","0.0","","","Partner","","https://test0414.example.com",""
"","","","4250000.0","Boston","USA","","","","415","IN","0415 Main Street","Pending","005Qy00001Cft9BIAR","2026-06-16T18:35:30.000Z","","","1","","","","001Qy000029nV38IAE","Education","false","","","","005Qy00001Cft9BIAR","2026-06-16T18:35:31.000Z","","","","","","425","","","005Qy00001Cft9BIAR","","","(555) 100-0415","/services/images/photo/001Qy000029nV38IAE","","012Qy00000BACRNIA5","","","","","","","IN","229b Baker st. before update trigger","","","","","","","2026-06-16T18:35:31.000Z","Test","","0.0","","","Other","","https://test0415.example.com",""
"","","","4260000.0","Seattle","USA","","","","416","IN","0416 Main Street","Pending","005Qy00001Cft9BIAR","2026-06-16T18:35:30.000Z","","","1","","","","001Qy000029nV39IAE","Energy","false","","","","005Qy00001Cft9BIAR","2026-06-16T18:35:31.000Z","","","","","","426","","","005Qy00001Cft9BIAR","","","(555) 100-0416","/services/images/photo/001Qy000029nV39IAE","","012Qy00000BACRNIA5","","","","","","","IN","229b Baker st. before update trigger","","","","","","","2026-06-16T18:35:31.000Z","Test","","0.0","","","Prospect","","https://test0416.example.com",""
"","","","4270000.0","Denver","USA","","","","417","IN","0417 Main Street","Pending","005Qy00001Cft9BIAR","2026-06-16T18:35:30.000Z","","","1","","","","001Qy000029nV3AIAU","Media","false","","","","005Qy00001Cft9BIAR","2026-06-16T18:35:31.000Z","","","","","","427","","","005Qy00001Cft9BIAR","","","(555) 100-0417","/services/images/photo/001Qy000029nV3AIAU","","012Qy00000BACRNIA5","","","","","","","IN","229b Baker st. before update trigger","","","","","","","2026-06-16T18:35:31.000Z","Test","","0.0","","","Customer","","https://test0417.example.com",""
"","","","4280000.0","Austin","USA","","","","418","IN","0418 Main Street","Pending","005Qy00001Cft9BIAR","2026-06-16T18:35:30.000Z","","","1","","","","001Qy000029nV3BIAU","Government","false","","","","005Qy00001Cft9BIAR","2026-06-16T18:35:31.000Z","","","","","","428","","","005Qy00001Cft9BIAR","","","(555) 100-0418","/services/images/photo/001Qy000029nV3BIAU","","012Qy00000BACRNIA5","","","","","","","IN","229b Baker st. before update trigger","","","","","","","2026-06-16T18:35:31.000Z","Test","","0.0","","","Partner","","https://test0418.example.com",""
"","","","4290000.0","Atlanta","USA","","","","419","IN","0419 Main Street","Pending","005Qy00001Cft9BIAR","2026-06-16T18:35:30.000Z","","","1","","","","001Qy000029nV3CIAU","Nonprofit","false","","","","005Qy00001Cft9BIAR","2026-06-16T18:35:31.000Z","","","","","","429","","","005Qy00001Cft9BIAR","","","(555) 100-0419","/services/images/photo/001Qy000029nV3CIAU","","012Qy00000BACRNIA5","","","","","","","IN","229b Baker st. before update trigger","","","","","","","2026-06-16T18:35:31.000Z","Test","","0.0","","","Other","","https://test0419.example.com",""
"","","","4300000.0","San Francisco","USA","","","","420","IN","0420 Main Street","Pending","005Qy00001Cft9BIAR","2026-06-16T18:35:30.000Z","","","1","","","","001Qy000029nV3DIAU","Technology","false","","","","005Qy00001Cft9BIAR","2026-06-16T18:35:31.000Z","","","","","","430","","","005Qy00001Cft9BIAR","","","(555) 100-0420","/services/images/photo/001Qy000029nV3DIAU","","012Qy00000BACRNIA5","","","","","","","IN","229b Baker st. before update trigger","","","","","","","2026-06-16T18:35:31.000Z","Test","","0.0","","","Prospect","","https://test0420.example.com",""
"","","","4310000.0","New York","USA","","","","421","IN","0421 Main Street","Pending","005Qy00001Cft9BIAR","2026-06-16T18:35:30.000Z","","","1","","","","001Qy000029nV3EIAU","Healthcare","false","","","","005Qy00001Cft9BIAR","2026-06-16T18:35:31.000Z","","","","","","431","","","005Qy00001Cft9BIAR","","","(555) 100-0421","/services/images/photo/001Qy000029nV3EIAU","","012Qy00000BACRNIA5","","","","","","","IN","229b Baker st. before update trigger","","","","","","","2026-06-16T18:35:31.000Z","Test","","0.0","","","Customer","","https://test0421.example.com",""
"","","","4320000.0","Chicago","USA","","","","422","IN","0422 Main Street","Pending","005Qy00001Cft9BIAR","2026-06-16T18:35:30.000Z","","","1","","","","001Qy000029nV3FIAU","Finance","false","","","","005Qy00001Cft9BIAR","2026-06-16T18:35:31.000Z","","","","","","432","","","005Qy00001Cft9BIAR","","","(555) 100-0422","/services/images/photo/001Qy000029nV3FIAU","","012Qy00000BACRNIA5","","","","","","","IN","229b Baker st. before update trigger","","","","","","","2026-06-16T18:35:31.000Z","Test","","0.0","","","Partner","","https://test0422.example.com",""
"","","","4330000.0","Los Angeles","USA","","","","423","IN","0423 Main Street","Pending","005Qy00001Cft9BIAR","2026-06-16T18:35:30.000Z","","","1","","","","001Qy000029nV3GIAU","Manufacturing","false","","","","005Qy00001Cft9BIAR","2026-06-16T18:35:31.000Z","","","","","","433","","","005Qy00001Cft9BIAR","","","(555) 100-0423","/services/images/photo/001Qy000029nV3GIAU","","012Qy00000BACRNIA5","","","","","","","IN","229b Baker st. before update trigger","","","","","","","2026-06-16T18:35:31.000Z","Test","","0.0","","","Other","","https://test0423.example.com",""
"","","","4340000.0","Houston","USA","","","","424","IN","0424 Main Street","Pending","005Qy00001Cft9BIAR","2026-06-16T18:35:30.000Z","","","1","","","","001Qy000029nV3HIAU","Retail","false","","","","005Qy00001Cft9BIAR","2026-06-16T18:35:31.000Z","","","","","","434","","","005Qy00001Cft9BIAR","","","(555) 100-0424","/services/images/photo/001Qy000029nV3HIAU","","012Qy00000BACRNIA5","","","","","","","IN","229b Baker st. before update trigger","","","","","","","2026-06-16T18:35:31.000Z","Test","","0.0","","","Prospect","","https://test0424.example.com",""
"","","","4350000.0","Boston","USA","","","","425","IN","0425 Main Street","Pending","005Qy00001Cft9BIAR","2026-06-16T18:35:30.000Z","","","1","","","","001Qy000029nV3IIAU","Education","false","","","","005Qy00001Cft9BIAR","2026-06-16T18:35:31.000Z","","","","","","435","","","005Qy00001Cft9BIAR","","","(555) 100-0425","/services/images/photo/001Qy000029nV3IIAU","","012Qy00000BACRNIA5","","","","","","","IN","229b Baker st. before update trigger","","","","","","","2026-06-16T18:35:31.000Z","Test","","0.0","","","Customer","","https://test0425.example.com",""
"","","","4360000.0","Seattle","USA","","","","426","IN","0426 Main Street","Pending","005Qy00001Cft9BIAR","2026-06-16T18:35:30.000Z","","","1","","","","001Qy000029nV3JIAU","Energy","false","","","","005Qy00001Cft9BIAR","2026-06-16T18:35:31.000Z","","","","","","436","","","005Qy00001Cft9BIAR","","","(555) 100-0426","/services/images/photo/001Qy000029nV3JIAU","","012Qy00000BACRNIA5","","","","","","","IN","229b Baker st. before update trigger","","","","","","","2026-06-16T18:35:31.000Z","Test","","0.0","","","Partner","","https://test0426.example.com",""
"","","","4370000.0","Denver","USA","","","","427","IN","0427 Main Street","Pending","005Qy00001Cft9BIAR","2026-06-16T18:35:30.000Z","","","1","","","","001Qy000029nV3KIAU","Media","false","","","","005Qy00001Cft9BIAR","2026-06-16T18:35:31.000Z","","","","","","437","","","005Qy00001Cft9BIAR","","","(555) 100-0427","/services/images/photo/001Qy000029nV3KIAU","","012Qy00000BACRNIA5","","","","","","","IN","229b Baker st. before update trigger","","","","","","","2026-06-16T18:35:31.000Z","Test","","0.0","","","Other","","https://test0427.example.com",""
"","","","4380000.0","Austin","USA","","","","428","IN","0428 Main Street","Pending","005Qy00001Cft9BIAR","2026-06-16T18:35:30.000Z","","","1","","","","001Qy000029nV3LIAU","Government","false","","","","005Qy00001Cft9BIAR","2026-06-16T18:35:31.000Z","","","","","","438","","","005Qy00001Cft9BIAR","","","(555) 100-0428","/services/images/photo/001Qy000029nV3LIAU","","012Qy00000BACRNIA5","","","","","","","IN","229b Baker st. before update trigger","","","","","","","2026-06-16T18:35:31.000Z","Test","","0.0","","","Prospect","","https://test0428.example.com",""
"","","","4390000.0","Atlanta","USA","","","","429","IN","0429 Main Street","Pending","005Qy00001Cft9BIAR","2026-06-16T18:35:30.000Z","","","1","","","","001Qy000029nV3MIAU","Nonprofit","false","","","","005Qy00001Cft9BIAR","2026-06-16T18:35:31.000Z","","","","","","439","","","005Qy00001Cft9BIAR","","","(555) 100-0429","/services/images/photo/001Qy000029nV3MIAU","","012Qy00000BACRNIA5","","","","","","","IN","229b Baker st. before update trigger","","","","","","","2026-06-16T18:35:31.000Z","Test","","0.0","","","Customer","","https://test0429.example.com",""
"","","","4400000.0","San Francisco","USA","","","","430","IN","0430 Main Street","Pending","005Qy00001Cft9BIAR","2026-06-16T18:35:30.000Z","","","1","","","","001Qy000029nV3NIAU","Technology","false","","","","005Qy00001Cft9BIAR","2026-06-16T18:35:31.000Z","","","","","","440","","","005Qy00001Cft9BIAR","","","(555) 100-0430","/services/images/photo/001Qy000029nV3NIAU","","012Qy00000BACRNIA5","","","","","","","IN","229b Baker st. before update trigger","","","","","","","2026-06-16T18:35:31.000Z","Test","","0.0","","","Partner","","https://test0430.example.com",""
"","","","4410000.0","New York","USA","","","","431","IN","0431 Main Street","Pending","005Qy00001Cft9BIAR","2026-06-16T18:35:30.000Z","","","1","","","","001Qy000029nV3OIAU","Healthcare","false","","","","005Qy00001Cft9BIAR","2026-06-16T18:35:31.000Z","","","","","","441","","","005Qy00001Cft9BIAR","","","(555) 100-0431","/services/images/photo/001Qy000029nV3OIAU","","012Qy00000BACRNIA5","","","","","","","IN","229b Baker st. before update trigger","","","","","","","2026-06-16T18:35:31.000Z","Test","","0.0","","","Other","","https://test0431.example.com",""
"","","","4420000.0","Chicago","USA","","","","432","IN","0432 Main Street","Pending","005Qy00001Cft9BIAR","2026-06-16T18:35:30.000Z","","","1","","","","001Qy000029nV3PIAU","Finance","false","","","","005Qy00001Cft9BIAR","2026-06-16T18:35:31.000Z","","","","","","442","","","005Qy00001Cft9BIAR","","","(555) 100-0432","/services/images/photo/001Qy000029nV3PIAU","","012Qy00000BACRNIA5","","","","","","","IN","229b Baker st. before update trigger","","","","","","","2026-06-16T18:35:31.000Z","Test","","0.0","","","Prospect","","https://test0432.example.com",""
"","","","4430000.0","Los Angeles","USA","","","","433","IN","0433 Main Street","Pending","005Qy00001Cft9BIAR","2026-06-16T18:35:30.000Z","","","1","","","","001Qy000029nV3QIAU","Manufacturing","false","","","","005Qy00001Cft9BIAR","2026-06-16T18:35:31.000Z","","","","","","443","","","005Qy00001Cft9BIAR","","","(555) 100-0433","/services/images/photo/001Qy000029nV3QIAU","","012Qy00000BACRNIA5","","","","","","","IN","229b Baker st. before update trigger","","","","","","","2026-06-16T18:35:31.000Z","Test","","0.0","","","Customer","","https://test0433.example.com",""
"","","","4440000.0","Houston","USA","","","","434","IN","0434 Main Street","Pending","005Qy00001Cft9BIAR","2026-06-16T18:35:30.000Z","","","1","","","","001Qy000029nV3RIAU","Retail","false","","","","005Qy00001Cft9BIAR","2026-06-16T18:35:31.000Z","","","","","","444","","","005Qy00001Cft9BIAR","","","(555) 100-0434","/services/images/photo/001Qy000029nV3RIAU","","012Qy00000BACRNIA5","","","","","","","IN","229b Baker st. before update trigger","","","","","","","2026-06-16T18:35:31.000Z","Test","","0.0","","","Partner","","https://test0434.example.com",""
"","","","4450000.0","Boston","USA","","","","435","IN","0435 Main Street","Pending","005Qy00001Cft9BIAR","2026-06-16T18:35:30.000Z","","","1","","","","001Qy000029nV3SIAU","Education","false","","","","005Qy00001Cft9BIAR","2026-06-16T18:35:31.000Z","","","","","","445","","","005Qy00001Cft9BIAR","","","(555) 100-0435","/services/images/photo/001Qy000029nV3SIAU","","012Qy00000BACRNIA5","","","","","","","IN","229b Baker st. before update trigger","","","","","","","2026-06-16T18:35:31.000Z","Test","","0.0","","","Other","","https://test0435.example.com",""
"","","","4460000.0","Seattle","USA","","","","436","IN","0436 Main Street","Pending","005Qy00001Cft9BIAR","2026-06-16T18:35:30.000Z","","","1","","","","001Qy000029nV3TIAU","Energy","false","","","","005Qy00001Cft9BIAR","2026-06-16T18:35:31.000Z","","","","","","446","","","005Qy00001Cft9BIAR","","","(555) 100-0436","/services/images/photo/001Qy000029nV3TIAU","","012Qy00000BACRNIA5","","","","","","","IN","229b Baker st. before update trigger","","","","","","","2026-06-16T18:35:31.000Z","Test","","0.0","","","Prospect","","https://test0436.example.com",""
"","","","4470000.0","Denver","USA","","","","437","IN","0437 Main Street","Pending","005Qy00001Cft9BIAR","2026-06-16T18:35:30.000Z","","","1","","","","001Qy000029nV3UIAU","Media","false","","","","005Qy00001Cft9BIAR","2026-06-16T18:35:31.000Z","","","","","","447","","","005Qy00001Cft9BIAR","","","(555) 100-0437","/services/images/photo/001Qy000029nV3UIAU","","012Qy00000BACRNIA5","","","","","","","IN","229b Baker st. before update trigger","","","","","","","2026-06-16T18:35:31.000Z","Test","","0.0","","","Customer","","https://test0437.example.com",""
"","","","4480000.0","Austin","USA","","","","438","IN","0438 Main Street","Pending","005Qy00001Cft9BIAR","2026-06-16T18:35:30.000Z","","","1","","","","001Qy000029nV3VIAU","Government","false","","","","005Qy00001Cft9BIAR","2026-06-16T18:35:31.000Z","","","","","","448","","","005Qy00001Cft9BIAR","","","(555) 100-0438","/services/images/photo/001Qy000029nV3VIAU","","012Qy00000BACRNIA5","","","","","","","IN","229b Baker st. before update trigger","","","","","","","2026-06-16T18:35:31.000Z","Test","","0.0","","","Partner","","https://test0438.example.com",""
"","","","4490000.0","Atlanta","USA","","","","439","IN","0439 Main Street","Pending","005Qy00001Cft9BIAR","2026-06-16T18:35:30.000Z","","","1","","","","001Qy000029nV3WIAU","Nonprofit","false","","","","005Qy00001Cft9BIAR","2026-06-16T18:35:31.000Z","","","","","","449","","","005Qy00001Cft9BIAR","","","(555) 100-0439","/services/images/photo/001Qy000029nV3WIAU","","012Qy00000BACRNIA5","","","","","","","IN","229b Baker st. before update trigger","","","","","","","2026-06-16T18:35:31.000Z","Test","","0.0","","","Other","","https://test0439.example.com",""
"","","","4500000.0","San Francisco","USA","","","","440","IN","0440 Main Street","Pending","005Qy00001Cft9BIAR","2026-06-16T18:35:30.000Z","","","1","","","","001Qy000029nV3XIAU","Technology","false","","","","005Qy00001Cft9BIAR","2026-06-16T18:35:31.000Z","","","","","","450","","","005Qy00001Cft9BIAR","","","(555) 100-0440","/services/images/photo/001Qy000029nV3XIAU","","012Qy00000BACRNIA5","","","","","","","IN","229b Baker st. before update trigger","","","","","","","2026-06-16T18:35:31.000Z","Test","","0.0","","","Prospect","","https://test0440.example.com",""
"","","","4510000.0","New York","USA","","","","441","IN","0441 Main Street","Pending","005Qy00001Cft9BIAR","2026-06-16T18:35:30.000Z","","","1","","","","001Qy000029nV3YIAU","Healthcare","false","","","","005Qy00001Cft9BIAR","2026-06-16T18:35:31.000Z","","","","","","451","","","005Qy00001Cft9BIAR","","","(555) 100-0441","/services/images/photo/001Qy000029nV3YIAU","","012Qy00000BACRNIA5","","","","","","","IN","229b Baker st. before update trigger","","","","","","","2026-06-16T18:35:31.000Z","Test","","0.0","","","Customer","","https://test0441.example.com",""
"","","","4520000.0","Chicago","USA","","","","442","IN","0442 Main Street","Pending","005Qy00001Cft9BIAR","2026-06-16T18:35:30.000Z","","","1","","","","001Qy000029nV3ZIAU","Finance","false","","","","005Qy00001Cft9BIAR","2026-06-16T18:35:31.000Z","","","","","","452","","","005Qy00001Cft9BIAR","","","(555) 100-0442","/services/images/photo/001Qy000029nV3ZIAU","","012Qy00000BACRNIA5","","","","","","","IN","229b Baker st. before update trigger","","","","","","","2026-06-16T18:35:31.000Z","Test","","0.0","","","Partner","","https://test0442.example.com",""
"","","","4530000.0","Los Angeles","USA","","","","443","IN","0443 Main Street","Pending","005Qy00001Cft9BIAR","2026-06-16T18:35:30.000Z","","","1","","","","001Qy000029nV3aIAE","Manufacturing","false","","","","005Qy00001Cft9BIAR","2026-06-16T18:35:31.000Z","","","","","","453","","","005Qy00001Cft9BIAR","","","(555) 100-0443","/services/images/photo/001Qy000029nV3aIAE","","012Qy00000BACRNIA5","","","","","","","IN","229b Baker st. before update trigger","","","","","","","2026-06-16T18:35:31.000Z","Test","","0.0","","","Other","","https://test0443.example.com",""
"","","","4540000.0","Houston","USA","","","","444","IN","0444 Main Street","Pending","005Qy00001Cft9BIAR","2026-06-16T18:35:30.000Z","","","1","","","","001Qy000029nV3bIAE","Retail","false","","","","005Qy00001Cft9BIAR","2026-06-16T18:35:31.000Z","","","","","","454","","","005Qy00001Cft9BIAR","","","(555) 100-0444","/services/images/photo/001Qy000029nV3bIAE","","012Qy00000BACRNIA5","","","","","","","IN","229b Baker st. before update trigger","","","","","","","2026-06-16T18:35:31.000Z","Test","","0.0","","","Prospect","","https://test0444.example.com",""
"","","","4550000.0","Boston","USA","","","","445","IN","0445 Main Street","Pending","005Qy00001Cft9BIAR","2026-06-16T18:35:30.000Z","","","1","","","","001Qy000029nV3cIAE","Education","false","","","","005Qy00001Cft9BIAR","2026-06-16T18:35:31.000Z","","","","","","455","","","005Qy00001Cft9BIAR","","","(555) 100-0445","/services/images/photo/001Qy000029nV3cIAE","","012Qy00000BACRNIA5","","","","","","","IN","229b Baker st. before update trigger","","","","","","","2026-06-16T18:35:31.000Z","Test","","0.0","","","Customer","","https://test0445.example.com",""
"","","","4560000.0","Seattle","USA","","","","446","IN","0446 Main Street","Pending","005Qy00001Cft9BIAR","2026-06-16T18:35:30.000Z","","","1","","","","001Qy000029nV3dIAE","Energy","false","","","","005Qy00001Cft9BIAR","2026-06-16T18:35:31.000Z","","","","","","456","","","005Qy00001Cft9BIAR","","","(555) 100-0446","/services/images/photo/001Qy000029nV3dIAE","","012Qy00000BACRNIA5","","","","","","","IN","229b Baker st. before update trigger","","","","","","","2026-06-16T18:35:31.000Z","Test","","0.0","","","Partner","","https://test0446.example.com",""
"","","","4570000.0","Denver","USA","","","","447","IN","0447 Main Street","Pending","005Qy00001Cft9BIAR","2026-06-16T18:35:30.000Z","","","1","","","","001Qy000029nV3eIAE","Media","false","","","","005Qy00001Cft9BIAR","2026-06-16T18:35:31.000Z","","","","","","457","","","005Qy00001Cft9BIAR","","","(555) 100-0447","/services/images/photo/001Qy000029nV3eIAE","","012Qy00000BACRNIA5","","","","","","","IN","229b Baker st. before update trigger","","","","","","","2026-06-16T18:35:31.000Z","Test","","0.0","","","Other","","https://test0447.example.com",""
"","","","4580000.0","Austin","USA","","","","448","IN","0448 Main Street","Pending","005Qy00001Cft9BIAR","2026-06-16T18:35:30.000Z","","","1","","","","001Qy000029nV3fIAE","Government","false","","","","005Qy00001Cft9BIAR","2026-06-16T18:35:31.000Z","","","","","","458","","","005Qy00001Cft9BIAR","","","(555) 100-0448","/services/images/photo/001Qy000029nV3fIAE","","012Qy00000BACRNIA5","","","","","","","IN","229b Baker st. before update trigger","","","","","","","2026-06-16T18:35:31.000Z","Test","","0.0","","","Prospect","","https://test0448.example.com",""
"","","","4590000.0","Atlanta","USA","","","","449","IN","0449 Main Street","Pending","005Qy00001Cft9BIAR","2026-06-16T18:35:30.000Z","","","1","","","","001Qy000029nV3gIAE","Nonprofit","false","","","","005Qy00001Cft9BIAR","2026-06-16T18:35:31.000Z","","","","","","459","","","005Qy00001Cft9BIAR","","","(555) 100-0449","/services/images/photo/001Qy000029nV3gIAE","","012Qy00000BACRNIA5","","","","","","","IN","229b Baker st. before update trigger","","","","","","","2026-06-16T18:35:31.000Z","Test","","0.0","","","Customer","","https://test0449.example.com",""
"","","","4600000.0","San Francisco","USA","","","","450","IN","0450 Main Street","Pending","005Qy00001Cft9BIAR","2026-06-16T18:35:30.000Z","","","1","","","","001Qy000029nV3hIAE","Technology","false","","","","005Qy00001Cft9BIAR","2026-06-16T18:35:31.000Z","","","","","","460","","","005Qy00001Cft9BIAR","","","(555) 100-0450","/services/images/photo/001Qy000029nV3hIAE","","012Qy00000BACRNIA5","","","","","","","IN","229b Baker st. before update trigger","","","","","","","2026-06-16T18:35:31.000Z","Test","","0.0","","","Partner","","https://test0450.example.com",""
"","","","4610000.0","New York","USA","","","","451","IN","0451 Main Street","Pending","005Qy00001Cft9BIAR","2026-06-16T18:35:30.000Z","","","1","","","","001Qy000029nV3iIAE","Healthcare","false","","","","005Qy00001Cft9BIAR","2026-06-16T18:35:31.000Z","","","","","","461","","","005Qy00001Cft9BIAR","","","(555) 100-0451","/services/images/photo/001Qy000029nV3iIAE","","012Qy00000BACRNIA5","","","","","","","IN","229b Baker st. before update trigger","","","","","","","2026-06-16T18:35:31.000Z","Test","","0.0","","","Other","","https://test0451.example.com",""
"","","","4620000.0","Chicago","USA","","","","452","IN","0452 Main Street","Pending","005Qy00001Cft9BIAR","2026-06-16T18:35:30.000Z","","","1","","","","001Qy000029nV3jIAE","Finance","false","","","","005Qy00001Cft9BIAR","2026-06-16T18:35:31.000Z","","","","","","462","","","005Qy00001Cft9BIAR","","","(555) 100-0452","/services/images/photo/001Qy000029nV3jIAE","","012Qy00000BACRNIA5","","","","","","","IN","229b Baker st. before update trigger","","","","","","","2026-06-16T18:35:31.000Z","Test","","0.0","","","Prospect","","https://test0452.example.com",""
"","","","4630000.0","Los Angeles","USA","","","","453","IN","0453 Main Street","Pending","005Qy00001Cft9BIAR","2026-06-16T18:35:30.000Z","","","1","","","","001Qy000029nV3kIAE","Manufacturing","false","","","","005Qy00001Cft9BIAR","2026-06-16T18:35:31.000Z","","","","","","463","","","005Qy00001Cft9BIAR","","","(555) 100-0453","/services/images/photo/001Qy000029nV3kIAE","","012Qy00000BACRNIA5","","","","","","","IN","229b Baker st. before update trigger","","","","","","","2026-06-16T18:35:31.000Z","Test","","0.0","","","Customer","","https://test0453.example.com",""
"","","","4640000.0","Houston","USA","","","","454","IN","0454 Main Street","Pending","005Qy00001Cft9BIAR","2026-06-16T18:35:30.000Z","","","1","","","","001Qy000029nV3lIAE","Retail","false","","","","005Qy00001Cft9BIAR","2026-06-16T18:35:31.000Z","","","","","","464","","","005Qy00001Cft9BIAR","","","(555) 100-0454","/services/images/photo/001Qy000029nV3lIAE","","012Qy00000BACRNIA5","","","","","","","IN","229b Baker st. before update trigger","","","","","","","2026-06-16T18:35:31.000Z","Test","","0.0","","","Partner","","https://test0454.example.com",""
"","","","4650000.0","Boston","USA","","","","455","IN","0455 Main Street","Pending","005Qy00001Cft9BIAR","2026-06-16T18:35:30.000Z","","","1","","","","001Qy000029nV3mIAE","Education","false","","","","005Qy00001Cft9BIAR","2026-06-16T18:35:31.000Z","","","","","","465","","","005Qy00001Cft9BIAR","","","(555) 100-0455","/services/images/photo/001Qy000029nV3mIAE","","012Qy00000BACRNIA5","","","","","","","IN","229b Baker st. before update trigger","","","","","","","2026-06-16T18:35:31.000Z","Test","","0.0","","","Other","","https://test0455.example.com",""
"","","","4660000.0","Seattle","USA","","","","456","IN","0456 Main Street","Pending","005Qy00001Cft9BIAR","2026-06-16T18:35:30.000Z","","","1","","","","001Qy000029nV3nIAE","Energy","false","","","","005Qy00001Cft9BIAR","2026-06-16T18:35:31.000Z","","","","","","466","","","005Qy00001Cft9BIAR","","","(555) 100-0456","/services/images/photo/001Qy000029nV3nIAE","","012Qy00000BACRNIA5","","","","","","","IN","229b Baker st. before update trigger","","","","","","","2026-06-16T18:35:31.000Z","Test","","0.0","","","Prospect","","https://test0456.example.com",""
"","","","4670000.0","Denver","USA","","","","457","IN","0457 Main Street","Pending","005Qy00001Cft9BIAR","2026-06-16T18:35:30.000Z","","","1","","","","001Qy000029nV3oIAE","Media","false","","","","005Qy00001Cft9BIAR","2026-06-16T18:35:31.000Z","","","","","","467","","","005Qy00001Cft9BIAR","","","(555) 100-0457","/services/images/photo/001Qy000029nV3oIAE","","012Qy00000BACRNIA5","","","","","","","IN","229b Baker st. before update trigger","","","","","","","2026-06-16T18:35:31.000Z","Test","","0.0","","","Customer","","https://test0457.example.com",""
"","","","4680000.0","Austin","USA","","","","458","IN","0458 Main Street","Pending","005Qy00001Cft9BIAR","2026-06-16T18:35:30.000Z","","","1","","","","001Qy000029nV3pIAE","Government","false","","","","005Qy00001Cft9BIAR","2026-06-16T18:35:31.000Z","","","","","","468","","","005Qy00001Cft9BIAR","","","(555) 100-0458","/services/images/photo/001Qy000029nV3pIAE","","012Qy00000BACRNIA5","","","","","","","IN","229b Baker st. before update trigger","","","","","","","2026-06-16T18:35:31.000Z","Test","","0.0","","","Partner","","https://test0458.example.com",""
"","","","4690000.0","Atlanta","USA","","","","459","IN","0459 Main Street","Pending","005Qy00001Cft9BIAR","2026-06-16T18:35:30.000Z","","","1","","","","001Qy000029nV3qIAE","Nonprofit","false","","","","005Qy00001Cft9BIAR","2026-06-16T18:35:31.000Z","","","","","","469","","","005Qy00001Cft9BIAR","","","(555) 100-0459","/services/images/photo/001Qy000029nV3qIAE","","012Qy00000BACRNIA5","","","","","","","IN","229b Baker st. before update trigger","","","","","","","2026-06-16T18:35:31.000Z","Test","","0.0","","","Other","","https://test0459.example.com",""
"","","","4700000.0","San Francisco","USA","","","","460","IN","0460 Main Street","Pending","005Qy00001Cft9BIAR","2026-06-16T18:35:30.000Z","","","1","","","","001Qy000029nV3rIAE","Technology","false","","","","005Qy00001Cft9BIAR","2026-06-16T18:35:31.000Z","","","","","","470","","","005Qy00001Cft9BIAR","","","(555) 100-0460","/services/images/photo/001Qy000029nV3rIAE","","012Qy00000BACRNIA5","","","","","","","IN","229b Baker st. before update trigger","","","","","","","2026-06-16T18:35:31.000Z","Test","","0.0","","","Prospect","","https://test0460.example.com",""
"","","","4710000.0","New York","USA","","","","461","IN","0461 Main Street","Pending","005Qy00001Cft9BIAR","2026-06-16T18:35:30.000Z","","","1","","","","001Qy000029nV3sIAE","Healthcare","false","","","","005Qy00001Cft9BIAR","2026-06-16T18:35:31.000Z","","","","","","471","","","005Qy00001Cft9BIAR","","","(555) 100-0461","/services/images/photo/001Qy000029nV3sIAE","","012Qy00000BACRNIA5","","","","","","","IN","229b Baker st. before update trigger","","","","","","","2026-06-16T18:35:31.000Z","Test","","0.0","","","Customer","","https://test0461.example.com",""
"","","","4720000.0","Chicago","USA","","","","462","IN","0462 Main Street","Pending","005Qy00001Cft9BIAR","2026-06-16T18:35:30.000Z","","","1","","","","001Qy000029nV3tIAE","Finance","false","","","","005Qy00001Cft9BIAR","2026-06-16T18:35:31.000Z","","","","","","472","","","005Qy00001Cft9BIAR","","","(555) 100-0462","/services/images/photo/001Qy000029nV3tIAE","","012Qy00000BACRNIA5","","","","","","","IN","229b Baker st. before update trigger","","","","","","","2026-06-16T18:35:31.000Z","Test","","0.0","","","Partner","","https://test0462.example.com",""
"","","","4730000.0","Los Angeles","USA","","","","463","IN","0463 Main Street","Pending","005Qy00001Cft9BIAR","2026-06-16T18:35:30.000Z","","","1","","","","001Qy000029nV3uIAE","Manufacturing","false","","","","005Qy00001Cft9BIAR","2026-06-16T18:35:31.000Z","","","","","","473","","","005Qy00001Cft9BIAR","","","(555) 100-0463","/services/images/photo/001Qy000029nV3uIAE","","012Qy00000BACRNIA5","","","","","","","IN","229b Baker st. before update trigger","","","","","","","2026-06-16T18:35:31.000Z","Test","","0.0","","","Other","","https://test0463.example.com",""
"","","","4740000.0","Houston","USA","","","","464","IN","0464 Main Street","Pending","005Qy00001Cft9BIAR","2026-06-16T18:35:30.000Z","","","1","","","","001Qy000029nV3vIAE","Retail","false","","","","005Qy00001Cft9BIAR","2026-06-16T18:35:31.000Z","","","","","","474","","","005Qy00001Cft9BIAR","","","(555) 100-0464","/services/images/photo/001Qy000029nV3vIAE","","012Qy00000BACRNIA5","","","","","","","IN","229b Baker st. before update trigger","","","","","","","2026-06-16T18:35:31.000Z","Test","","0.0","","","Prospect","","https://test0464.example.com",""
"","","","4750000.0","Boston","USA","","","","465","IN","0465 Main Street","Pending","005Qy00001Cft9BIAR","2026-06-16T18:35:30.000Z","","","1","","","","001Qy000029nV3wIAE","Education","false","","","","005Qy00001Cft9BIAR","2026-06-16T18:35:31.000Z","","","","","","475","","","005Qy00001Cft9BIAR","","","(555) 100-0465","/services/images/photo/001Qy000029nV3wIAE","","012Qy00000BACRNIA5","","","","","","","IN","229b Baker st. before update trigger","","","","","","","2026-06-16T18:35:31.000Z","Test","","0.0","","","Customer","","https://test0465.example.com",""
"","","","4760000.0","Seattle","USA","","","","466","IN","0466 Main Street","Pending","005Qy00001Cft9BIAR","2026-06-16T18:35:30.000Z","","","1","","","","001Qy000029nV3xIAE","Energy","false","","","","005Qy00001Cft9BIAR","2026-06-16T18:35:31.000Z","","","","","","476","","","005Qy00001Cft9BIAR","","","(555) 100-0466","/services/images/photo/001Qy000029nV3xIAE","","012Qy00000BACRNIA5","","","","","","","IN","229b Baker st. before update trigger","","","","","","","2026-06-16T18:35:31.000Z","Test","","0.0","","","Partner","","https://test0466.example.com",""
"","","","4770000.0","Denver","USA","","","","467","IN","0467 Main Street","Pending","005Qy00001Cft9BIAR","2026-06-16T18:35:30.000Z","","","1","","","","001Qy000029nV3yIAE","Media","false","","","","005Qy00001Cft9BIAR","2026-06-16T18:35:31.000Z","","","","","","477","","","005Qy00001Cft9BIAR","","","(555) 100-0467","/services/images/photo/001Qy000029nV3yIAE","","012Qy00000BACRNIA5","","","","","","","IN","229b Baker st. before update trigger","","","","","","","2026-06-16T18:35:31.000Z","Test","","0.0","","","Other","","https://test0467.example.com",""
"","","","4780000.0","Austin","USA","","","","468","IN","0468 Main Street","Pending","005Qy00001Cft9BIAR","2026-06-16T18:35:30.000Z","","","1","","","","001Qy000029nV3zIAE","Government","false","","","","005Qy00001Cft9BIAR","2026-06-16T18:35:31.000Z","","","","","","478","","","005Qy00001Cft9BIAR","","","(555) 100-0468","/services/images/photo/001Qy000029nV3zIAE","","012Qy00000BACRNIA5","","","","","","","IN","229b Baker st. before update trigger","","","","","","","2026-06-16T18:35:31.000Z","Test","","0.0","","","Prospect","","https://test0468.example.com",""
"","","","4790000.0","Atlanta","USA","","","","469","IN","0469 Main Street","Pending","005Qy00001Cft9BIAR","2026-06-16T18:35:30.000Z","","","1","","","","001Qy000029nV40IAE","Nonprofit","false","","","","005Qy00001Cft9BIAR","2026-06-16T18:35:31.000Z","","","","","","479","","","005Qy00001Cft9BIAR","","","(555) 100-0469","/services/images/photo/001Qy000029nV40IAE","","012Qy00000BACRNIA5","","","","","","","IN","229b Baker st. before update trigger","","","","","","","2026-06-16T18:35:31.000Z","Test","","0.0","","","Customer","","https://test0469.example.com",""
"","","","4800000.0","San Francisco","USA","","","","470","IN","0470 Main Street","Pending","005Qy00001Cft9BIAR","2026-06-16T18:35:30.000Z","","","1","","","","001Qy000029nV41IAE","Technology","false","","","","005Qy00001Cft9BIAR","2026-06-16T18:35:31.000Z","","","","","","480","","","005Qy00001Cft9BIAR","","","(555) 100-0470","/services/images/photo/001Qy000029nV41IAE","","012Qy00000BACRNIA5","","","","","","","IN","229b Baker st. before update trigger","","","","","","","2026-06-16T18:35:31.000Z","Test","","0.0","","","Partner","","https://test0470.example.com",""
"","","","4810000.0","New York","USA","","","","471","IN","0471 Main Street","Pending","005Qy00001Cft9BIAR","2026-06-16T18:35:30.000Z","","","1","","","","001Qy000029nV42IAE","Healthcare","false","","","","005Qy00001Cft9BIAR","2026-06-16T18:35:31.000Z","","","","","","481","","","005Qy00001Cft9BIAR","","","(555) 100-0471","/services/images/photo/001Qy000029nV42IAE","","012Qy00000BACRNIA5","","","","","","","IN","229b Baker st. before update trigger","","","","","","","2026-06-16T18:35:31.000Z","Test","","0.0","","","Other","","https://test0471.example.com",""
"","","","4820000.0","Chicago","USA","","","","472","IN","0472 Main Street","Pending","005Qy00001Cft9BIAR","2026-06-16T18:35:30.000Z","","","1","","","","001Qy000029nV43IAE","Finance","false","","","","005Qy00001Cft9BIAR","2026-06-16T18:35:31.000Z","","","","","","482","","","005Qy00001Cft9BIAR","","","(555) 100-0472","/services/images/photo/001Qy000029nV43IAE","","012Qy00000BACRNIA5","","","","","","","IN","229b Baker st. before update trigger","","","","","","","2026-06-16T18:35:31.000Z","Test","","0.0","","","Prospect","","https://test0472.example.com",""
"","","","4830000.0","Los Angeles","USA","","","","473","IN","0473 Main Street","Pending","005Qy00001Cft9BIAR","2026-06-16T18:35:30.000Z","","","1","","","","001Qy000029nV44IAE","Manufacturing","false","","","","005Qy00001Cft9BIAR","2026-06-16T18:35:31.000Z","","","","","","483","","","005Qy00001Cft9BIAR","","","(555) 100-0473","/services/images/photo/001Qy000029nV44IAE","","012Qy00000BACRNIA5","","","","","","","IN","229b Baker st. before update trigger","","","","","","","2026-06-16T18:35:31.000Z","Test","","0.0","","","Customer","","https://test0473.example.com",""
"","","","4840000.0","Houston","USA","","","","474","IN","0474 Main Street","Pending","005Qy00001Cft9BIAR","2026-06-16T18:35:30.000Z","","","1","","","","001Qy000029nV45IAE","Retail","false","","","","005Qy00001Cft9BIAR","2026-06-16T18:35:31.000Z","","","","","","484","","","005Qy00001Cft9BIAR","","","(555) 100-0474","/services/images/photo/001Qy000029nV45IAE","","012Qy00000BACRNIA5","","","","","","","IN","229b Baker st. before update trigger","","","","","","","2026-06-16T18:35:31.000Z","Test","","0.0","","","Partner","","https://test0474.example.com",""
"","","","4850000.0","Boston","USA","","","","475","IN","0475 Main Street","Pending","005Qy00001Cft9BIAR","2026-06-16T18:35:30.000Z","","","1","","","","001Qy000029nV46IAE","Education","false","","","","005Qy00001Cft9BIAR","2026-06-16T18:35:31.000Z","","","","","","485","","","005Qy00001Cft9BIAR","","","(555) 100-0475","/services/images/photo/001Qy000029nV46IAE","","012Qy00000BACRNIA5","","","","","","","IN","229b Baker st. before update trigger","","","","","","","2026-06-16T18:35:31.000Z","Test","","0.0","","","Other","","https://test0475.example.com",""
"","","","4860000.0","Seattle","USA","","","","476","IN","0476 Main Street","Pending","005Qy00001Cft9BIAR","2026-06-16T18:35:30.000Z","","","1","","","","001Qy000029nV47IAE","Energy","false","","","","005Qy00001Cft9BIAR","2026-06-16T18:35:31.000Z","","","","","","486","","","005Qy00001Cft9BIAR","","","(555) 100-0476","/services/images/photo/001Qy000029nV47IAE","","012Qy00000BACRNIA5","","","","","","","IN","229b Baker st. before update trigger","","","","","","","2026-06-16T18:35:31.000Z","Test","","0.0","","","Prospect","","https://test0476.example.com",""
"","","","4870000.0","Denver","USA","","","","477","IN","0477 Main Street","Pending","005Qy00001Cft9BIAR","2026-06-16T18:35:30.000Z","","","1","","","","001Qy000029nV48IAE","Media","false","","","","005Qy00001Cft9BIAR","2026-06-16T18:35:31.000Z","","","","","","487","","","005Qy00001Cft9BIAR","","","(555) 100-0477","/services/images/photo/001Qy000029nV48IAE","","012Qy00000BACRNIA5","","","","","","","IN","229b Baker st. before update trigger","","","","","","","2026-06-16T18:35:31.000Z","Test","","0.0","","","Customer","","https://test0477.example.com",""
"","","","4880000.0","Austin","USA","","","","478","IN","0478 Main Street","Pending","005Qy00001Cft9BIAR","2026-06-16T18:35:30.000Z","","","1","","","","001Qy000029nV49IAE","Government","false","","","","005Qy00001Cft9BIAR","2026-06-16T18:35:31.000Z","","","","","","488","","","005Qy00001Cft9BIAR","","","(555) 100-0478","/services/images/photo/001Qy000029nV49IAE","","012Qy00000BACRNIA5","","","","","","","IN","229b Baker st. before update trigger","","","","","","","2026-06-16T18:35:31.000Z","Test","","0.0","","","Partner","","https://test0478.example.com",""
"","","","4890000.0","Atlanta","USA","","","","479","IN","0479 Main Street","Pending","005Qy00001Cft9BIAR","2026-06-16T18:35:30.000Z","","","1","","","","001Qy000029nV4AIAU","Nonprofit","false","","","","005Qy00001Cft9BIAR","2026-06-16T18:35:31.000Z","","","","","","489","","","005Qy00001Cft9BIAR","","","(555) 100-0479","/services/images/photo/001Qy000029nV4AIAU","","012Qy00000BACRNIA5","","","","","","","IN","229b Baker st. before update trigger","","","","","","","2026-06-16T18:35:31.000Z","Test","","0.0","","","Other","","https://test0479.example.com",""
"","","","4900000.0","San Francisco","USA","","","","480","IN","0480 Main Street","Pending","005Qy00001Cft9BIAR","2026-06-16T18:35:30.000Z","","","1","","","","001Qy000029nV4BIAU","Technology","false","","","","005Qy00001Cft9BIAR","2026-06-16T18:35:31.000Z","","","","","","490","","","005Qy00001Cft9BIAR","","","(555) 100-0480","/services/images/photo/001Qy000029nV4BIAU","","012Qy00000BACRNIA5","","","","","","","IN","229b Baker st. before update trigger","","","","","","","2026-06-16T18:35:31.000Z","Test","","0.0","","","Prospect","","https://test0480.example.com",""
"","","","4910000.0","New York","USA","","","","481","IN","0481 Main Street","Pending","005Qy00001Cft9BIAR","2026-06-16T18:35:30.000Z","","","1","","","","001Qy000029nV4CIAU","Healthcare","false","","","","005Qy00001Cft9BIAR","2026-06-16T18:35:31.000Z","","","","","","491","","","005Qy00001Cft9BIAR","","","(555) 100-0481","/services/images/photo/001Qy000029nV4CIAU","","012Qy00000BACRNIA5","","","","","","","IN","229b Baker st. before update trigger","","","","","","","2026-06-16T18:35:31.000Z","Test","","0.0","","","Customer","","https://test0481.example.com",""
"","","","4920000.0","Chicago","USA","","","","482","IN","0482 Main Street","Pending","005Qy00001Cft9BIAR","2026-06-16T18:35:30.000Z","","","1","","","","001Qy000029nV4DIAU","Finance","false","","","","005Qy00001Cft9BIAR","2026-06-16T18:35:31.000Z","","","","","","492","","","005Qy00001Cft9BIAR","","","(555) 100-0482","/services/images/photo/001Qy000029nV4DIAU","","012Qy00000BACRNIA5","","","","","","","IN","229b Baker st. before update trigger","","","","","","","2026-06-16T18:35:31.000Z","Test","","0.0","","","Partner","","https://test0482.example.com",""
"","","","4930000.0","Los Angeles","USA","","","","483","IN","0483 Main Street","Pending","005Qy00001Cft9BIAR","2026-06-16T18:35:30.000Z","","","1","","","","001Qy000029nV4EIAU","Manufacturing","false","","","","005Qy00001Cft9BIAR","2026-06-16T18:35:31.000Z","","","","","","493","","","005Qy00001Cft9BIAR","","","(555) 100-0483","/services/images/photo/001Qy000029nV4EIAU","","012Qy00000BACRNIA5","","","","","","","IN","229b Baker st. before update trigger","","","","","","","2026-06-16T18:35:31.000Z","Test","","0.0","","","Other","","https://test0483.example.com",""
"","","","4940000.0","Houston","USA","","","","484","IN","0484 Main Street","Pending","005Qy00001Cft9BIAR","2026-06-16T18:35:30.000Z","","","1","","","","001Qy000029nV4FIAU","Retail","false","","","","005Qy00001Cft9BIAR","2026-06-16T18:35:31.000Z","","","","","","494","","","005Qy00001Cft9BIAR","","","(555) 100-0484","/services/images/photo/001Qy000029nV4FIAU","","012Qy00000BACRNIA5","","","","","","","IN","229b Baker st. before update trigger","","","","","","","2026-06-16T18:35:31.000Z","Test","","0.0","","","Prospect","","https://test0484.example.com",""
"","","","4950000.0","Boston","USA","","","","485","IN","0485 Main Street","Pending","005Qy00001Cft9BIAR","2026-06-16T18:35:30.000Z","","","1","","","","001Qy000029nV4GIAU","Education","false","","","","005Qy00001Cft9BIAR","2026-06-16T18:35:31.000Z","","","","","","495","","","005Qy00001Cft9BIAR","","","(555) 100-0485","/services/images/photo/001Qy000029nV4GIAU","","012Qy00000BACRNIA5","","","","","","","IN","229b Baker st. before update trigger","","","","","","","2026-06-16T18:35:31.000Z","Test","","0.0","","","Customer","","https://test0485.example.com",""
"","","","4960000.0","Seattle","USA","","","","486","IN","0486 Main Street","Pending","005Qy00001Cft9BIAR","2026-06-16T18:35:30.000Z","","","1","","","","001Qy000029nV4HIAU","Energy","false","","","","005Qy00001Cft9BIAR","2026-06-16T18:35:31.000Z","","","","","","496","","","005Qy00001Cft9BIAR","","","(555) 100-0486","/services/images/photo/001Qy000029nV4HIAU","","012Qy00000BACRNIA5","","","","","","","IN","229b Baker st. before update trigger","","","","","","","2026-06-16T18:35:31.000Z","Test","","0.0","","","Partner","","https://test0486.example.com",""
"","","","4970000.0","Denver","USA","","","","487","IN","0487 Main Street","Pending","005Qy00001Cft9BIAR","2026-06-16T18:35:30.000Z","","","1","","","","001Qy000029nV4IIAU","Media","false","","","","005Qy00001Cft9BIAR","2026-06-16T18:35:31.000Z","","","","","","497","","","005Qy00001Cft9BIAR","","","(555) 100-0487","/services/images/photo/001Qy000029nV4IIAU","","012Qy00000BACRNIA5","","","","","","","IN","229b Baker st. before update trigger","","","","","","","2026-06-16T18:35:31.000Z","Test","","0.0","","","Other","","https://test0487.example.com",""
"","","","4980000.0","Austin","USA","","","","488","IN","0488 Main Street","Pending","005Qy00001Cft9BIAR","2026-06-16T18:35:30.000Z","","","1","","","","001Qy000029nV4JIAU","Government","false","","","","005Qy00001Cft9BIAR","2026-06-16T18:35:31.000Z","","","","","","498","","","005Qy00001Cft9BIAR","","","(555) 100-0488","/services/images/photo/001Qy000029nV4JIAU","","012Qy00000BACRNIA5","","","","","","","IN","229b Baker st. before update trigger","","","","","","","2026-06-16T18:35:31.000Z","Test","","0.0","","","Prospect","","https://test0488.example.com",""
"","","","4990000.0","Atlanta","USA","","","","489","IN","0489 Main Street","Pending","005Qy00001Cft9BIAR","2026-06-16T18:35:30.000Z","","","1","","","","001Qy000029nV4KIAU","Nonprofit","false","","","","005Qy00001Cft9BIAR","2026-06-16T18:35:31.000Z","","","","","","499","","","005Qy00001Cft9BIAR","","","(555) 100-0489","/services/images/photo/001Qy000029nV4KIAU","","012Qy00000BACRNIA5","","","","","","","IN","229b Baker st. before update trigger","","","","","","","2026-06-16T18:35:31.000Z","Test","","0.0","","","Customer","","https://test0489.example.com",""
"","","","5000000.0","San Francisco","USA","","","","490","IN","0490 Main Street","Pending","005Qy00001Cft9BIAR","2026-06-16T18:35:30.000Z","","","1","","","","001Qy000029nV4LIAU","Technology","false","","","","005Qy00001Cft9BIAR","2026-06-16T18:35:31.000Z","","","","","","500","","","005Qy00001Cft9BIAR","","","(555) 100-0490","/services/images/photo/001Qy000029nV4LIAU","","012Qy00000BACRNIA5","","","","","","","IN","229b Baker st. before update trigger","","","","","","","2026-06-16T18:35:31.000Z","Test","","0.0","","","Partner","","https://test0490.example.com",""
"","","","5010000.0","New York","USA","","","","491","IN","0491 Main Street","Pending","005Qy00001Cft9BIAR","2026-06-16T18:35:30.000Z","","","1","","","","001Qy000029nV4MIAU","Healthcare","false","","","","005Qy00001Cft9BIAR","2026-06-16T18:35:31.000Z","","","","","","501","","","005Qy00001Cft9BIAR","","","(555) 100-0491","/services/images/photo/001Qy000029nV4MIAU","","012Qy00000BACRNIA5","","","","","","","IN","229b Baker st. before update trigger","","","","","","","2026-06-16T18:35:31.000Z","Test","","0.0","","","Other","","https://test0491.example.com",""
"","","","5020000.0","Chicago","USA","","","","492","IN","0492 Main Street","Pending","005Qy00001Cft9BIAR","2026-06-16T18:35:30.000Z","","","1","","","","001Qy000029nV4NIAU","Finance","false","","","","005Qy00001Cft9BIAR","2026-06-16T18:35:31.000Z","","","","","","502","","","005Qy00001Cft9BIAR","","","(555) 100-0492","/services/images/photo/001Qy000029nV4NIAU","","012Qy00000BACRNIA5","","","","","","","IN","229b Baker st. before update trigger","","","","","","","2026-06-16T18:35:31.000Z","Test","","0.0","","","Prospect","","https://test0492.example.com",""
"","","","5030000.0","Los Angeles","USA","","","","493","IN","0493 Main Street","Pending","005Qy00001Cft9BIAR","2026-06-16T18:35:30.000Z","","","1","","","","001Qy000029nV4OIAU","Manufacturing","false","","","","005Qy00001Cft9BIAR","2026-06-16T18:35:31.000Z","","","","","","503","","","005Qy00001Cft9BIAR","","","(555) 100-0493","/services/images/photo/001Qy000029nV4OIAU","","012Qy00000BACRNIA5","","","","","","","IN","229b Baker st. before update trigger","","","","","","","2026-06-16T18:35:31.000Z","Test","","0.0","","","Customer","","https://test0493.example.com",""
"","","","5040000.0","Houston","USA","","","","494","IN","0494 Main Street","Pending","005Qy00001Cft9BIAR","2026-06-16T18:35:30.000Z","","","1","","","","001Qy000029nV4PIAU","Retail","false","","","","005Qy00001Cft9BIAR","2026-06-16T18:35:31.000Z","","","","","","504","","","005Qy00001Cft9BIAR","","","(555) 100-0494","/services/images/photo/001Qy000029nV4PIAU","","012Qy00000BACRNIA5","","","","","","","IN","229b Baker st. before update trigger","","","","","","","2026-06-16T18:35:31.000Z","Test","","0.0","","","Partner","","https://test0494.example.com",""
"","","","5050000.0","Boston","USA","","","","495","IN","0495 Main Street","Pending","005Qy00001Cft9BIAR","2026-06-16T18:35:30.000Z","","","1","","","","001Qy000029nV4QIAU","Education","false","","","","005Qy00001Cft9BIAR","2026-06-16T18:35:31.000Z","","","","","","505","","","005Qy00001Cft9BIAR","","","(555) 100-0495","/services/images/photo/001Qy000029nV4QIAU","","012Qy00000BACRNIA5","","","","","","","IN","229b Baker st. before update trigger","","","","","","","2026-06-16T18:35:31.000Z","Test","","0.0","","","Other","","https://test0495.example.com",""
"","","","5060000.0","Seattle","USA","","","","496","IN","0496 Main Street","Pending","005Qy00001Cft9BIAR","2026-06-16T18:35:30.000Z","","","1","","","","001Qy000029nV4RIAU","Energy","false","","","","005Qy00001Cft9BIAR","2026-06-16T18:35:31.000Z","","","","","","506","","","005Qy00001Cft9BIAR","","","(555) 100-0496","/services/images/photo/001Qy000029nV4RIAU","","012Qy00000BACRNIA5","","","","","","","IN","229b Baker st. before update trigger","","","","","","","2026-06-16T18:35:31.000Z","Test","","0.0","","","Prospect","","https://test0496.example.com",""
"","","","5070000.0","Denver","USA","","","","497","IN","0497 Main Street","Pending","005Qy00001Cft9BIAR","2026-06-16T18:35:30.000Z","","","1","","","","001Qy000029nV4SIAU","Media","false","","","","005Qy00001Cft9BIAR","2026-06-16T18:35:31.000Z","","","","","","507","","","005Qy00001Cft9BIAR","","","(555) 100-0497","/services/images/photo/001Qy000029nV4SIAU","","012Qy00000BACRNIA5","","","","","","","IN","229b Baker st. before update trigger","","","","","","","2026-06-16T18:35:31.000Z","Test","","0.0","","","Customer","","https://test0497.example.com",""
"","","","5080000.0","Austin","USA","","","","498","IN","0498 Main Street","Pending","005Qy00001Cft9BIAR","2026-06-16T18:35:30.000Z","","","1","","","","001Qy000029nV4TIAU","Government","false","","","","005Qy00001Cft9BIAR","2026-06-16T18:35:31.000Z","","","","","","508","","","005Qy00001Cft9BIAR","","","(555) 100-0498","/services/images/photo/001Qy000029nV4TIAU","","012Qy00000BACRNIA5","","","","","","","IN","229b Baker st. before update trigger","","","","","","","2026-06-16T18:35:31.000Z","Test","","0.0","","","Partner","","https://test0498.example.com",""
"","","","5090000.0","Atlanta","USA","","","","499","IN","0499 Main Street","Pending","005Qy00001Cft9BIAR","2026-06-16T18:35:30.000Z","","","1","","","","001Qy000029nV4UIAU","Nonprofit","false","","","","005Qy00001Cft9BIAR","2026-06-16T18:35:31.000Z","","","","","","509","","","005Qy00001Cft9BIAR","","","(555) 100-0499","/services/images/photo/001Qy000029nV4UIAU","","012Qy00000BACRNIA5","","","","","","","IN","229b Baker st. before update trigger","","","","","","","2026-06-16T18:35:31.000Z","Test","","0.0","","","Other","","https://test0499.example.com",""
